"base_addr";31006200;"addr_bits";8;;
"base_sram_addr:s_local_gamma";31092000;
"base_sram_addr:s_local_sum";31093000;
"base_sram_addr:s_hist";31094000;
parameter;ACK_DLY=0;;;;
;;;;;
;;;;;
"module_name";"CTM_HW_V60";;;;
"sub_addr";"addr";"RW";"bits";"default (hex)";"description"
"0x00";5100;"RW";7;7;;
;;;"[0]";"";"r_statis_blcok_num_opt"
;;;"[1]";"";"r_local_tm_en"
;;;"[2]";"";"r_hist_eq_en"
;;;"[3]";"";"r_comb_raw_en"
;;;"[4]";"";"r_bypass_pwl_en"
;;;"[5]";"";"r_fish_lens_opt"
;;;"[6]";"";"r_local_sum_shift_mode"
"0x01";5101;"RW";6;14;;
;;;"[1:0]";"M";"r_tomemapping_opt[1:0]"
;;;"[3:2]";"M";"r_pwl_opt[1:0]"
;;;"[5:4]";"M";"r_outraw_pattern[1:0]"
"0x03";5103;"RW";1;0;;
;;;"[0]";"M";"r_manu_gam_opt"
"0x04";5104;"RW";8;0;;
;;;"[7:0]";"M";"r_manu_gamma[7:0]"
"0x05";5105;"RW";2;3;;
;;;"[1:0]";"M";"r_manu_gamma[9:8]"
"0x08";5108;"RW";8;41;;
;;;"[7:0]";"A";"r_log24b_max[7:0]"
"0x09";5109;"RW";8;bf;;
;;;"[7:0]";"A";"r_log24b_max[15:8]"
"0x0a";510a;"RW";8;2b;;
;;;"[7:0]";"A";"r_log_gain_max[7:0]"
"0x0b";510b;"RW";8;76;;
;;;"[7:0]";"A";"r_log_gain_max[15:8]"
"0x0c";510c;"RW";8;0;;
;;;"[7:0]";"A";"r_blc_24b[7:0]"
"0x0d";510d;"RW";8;10;;
;;;"[7:0]";"A";"r_blc_24b[15:8]"
"0x0e";510e;"RW";6;11;;
;;;"[5:0]";"A";"r_blc_24b[21:16]"
"0x10";5110;"RW";8;c;;
;;;"[7:0]";"M";"r_zero_gain_ratio[7:0]"
"0x20";5120;"RW";8;8a;;
;;;"[7:0]";"M";"r_fish_eye_radius[7:0]"
"0x21";5121;"RW";4;2;;
;;;"[3:0]";"M";"r_fish_eye_radius[11:8]"
"0x22";5122;"RW";8;a0;;
;;;"[7:0]";"M";"r_fish_eye_center_x[7:0]"
"0x23";5123;"RW";4;2;;
;;;"[3:0]";"M";"r_fish_eye_center_x[11:8]"
"0x24";5124;"RW";8;e0;;
;;;"[7:0]";"M";"r_fish_eye_center_y[7:0]"
"0x25";5125;"RW";4;1;;
;;;"[3:0]";"M";"r_fish_eye_center_y[11:8]"
"0x26";5126;"RW";8;50;;
;;;"[7:0]";"";"r_block_size_h[7:0]"
"0x27";5127;"RW";8;3c;;
;;;"[7:0]";"";"r_block_size_v[7:0]"
"0x28";5128;"RW";8;33;;
;;;"[7:0]";"";"r_div_block_size_h[7:0]"
"0x29";5129;"RW";3;3;;
;;;"[2:0]";"";"r_div_block_size_h[10:8]"
"0x2a";512a;"RW";8;44;;
;;;"[7:0]";"";"r_div_block_size_v[7:0]"
"0x2b";512b;"RW";3;4;;
;;;"[2:0]";"";"r_div_block_size_v[10:8]"
"0x30";5130;"RW";8;10;;
;;;"[7:0]";"A";"r_curve_x[0][7:0]"
"0x31";5131;"RW";8;11;;
;;;"[7:0]";"A";"r_curve_x[0][15:8]"
"0x32";5132;"RW";8;c7;;
;;;"[7:0]";"A";"r_curve_x[1][7:0]"
"0x33";5133;"RW";8;12;;
;;;"[7:0]";"A";"r_curve_x[1][15:8]"
"0x34";5134;"RW";8;12;;
;;;"[7:0]";"A";"r_curve_x[2][7:0]"
"0x35";5135;"RW";8;14;;
;;;"[7:0]";"A";"r_curve_x[2][15:8]"
"0x36";5136;"RW";8;f2;;
;;;"[7:0]";"A";"r_curve_x[3][7:0]"
"0x37";5137;"RW";8;16;;
;;;"[7:0]";"A";"r_curve_x[3][15:8]"
"0x38";5138;"RW";8;64;;
;;;"[7:0]";"A";"r_curve_x[4][7:0]"
"0x39";5139;"RW";8;19;;
;;;"[7:0]";"A";"r_curve_x[4][15:8]"
"0x3a";513a;"RW";8;94;;
;;;"[7:0]";"A";"r_curve_x[5][7:0]"
"0x3b";513b;"RW";8;1c;;
;;;"[7:0]";"A";"r_curve_x[5][15:8]"
"0x3c";513c;"RW";8;5e;;
;;;"[7:0]";"A";"r_curve_x[6][7:0]"
"0x3d";513d;"RW";8;1f;;
;;;"[7:0]";"A";"r_curve_x[6][15:8]"
"0x3e";513e;"RW";8;9d;;
;;;"[7:0]";"A";"r_curve_x[7][7:0]"
"0x3f";513f;"RW";8;23;;
;;;"[7:0]";"A";"r_curve_x[7][15:8]"
"0x40";5140;"RW";8;1f;;
;;;"[7:0]";"A";"r_curve_x[8][7:0]"
"0x41";5141;"RW";8;27;;
;;;"[7:0]";"A";"r_curve_x[8][15:8]"
"0x42";5142;"RW";8;4c;;
;;;"[7:0]";"A";"r_curve_x[9][7:0]"
"0x43";5143;"RW";8;2b;;
;;;"[7:0]";"A";"r_curve_x[9][15:8]"
"0x44";5144;"RW";8;45;;
;;;"[7:0]";"A";"r_curve_x[10][7:0]"
"0x45";5145;"RW";8;30;;
;;;"[7:0]";"A";"r_curve_x[10][15:8]"
"0x46";5146;"RW";8;5e;;
;;;"[7:0]";"A";"r_curve_x[11][7:0]"
"0x47";5147;"RW";8;35;;
;;;"[7:0]";"A";"r_curve_x[11][15:8]"
"0x48";5148;"RW";8;84;;
;;;"[7:0]";"A";"r_curve_x[12][7:0]"
"0x49";5149;"RW";8;39;;
;;;"[7:0]";"A";"r_curve_x[12][15:8]"
"0x4a";514a;"RW";8;22;;
;;;"[7:0]";"A";"r_curve_x[13][7:0]"
"0x4b";514b;"RW";8;3f;;
;;;"[7:0]";"A";"r_curve_x[13][15:8]"
"0x4c";514c;"RW";8;89;;
;;;"[7:0]";"A";"r_curve_x[14][7:0]"
"0x4d";514d;"RW";8;45;;
;;;"[7:0]";"A";"r_curve_x[14][15:8]"
"0x4e";514e;"RW";8;4a;;
;;;"[7:0]";"A";"r_curve_x[15][7:0]"
"0x4f";514f;"RW";8;4a;;
;;;"[7:0]";"A";"r_curve_x[15][15:8]"
"0x50";5150;"RW";8;da;;
;;;"[7:0]";"A";"r_curve_x[16][7:0]"
"0x51";5151;"RW";8;50;;
;;;"[7:0]";"A";"r_curve_x[16][15:8]"
"0x52";5152;"RW";8;1c;;
;;;"[7:0]";"A";"r_curve_x[17][7:0]"
"0x53";5153;"RW";8;55;;
;;;"[7:0]";"A";"r_curve_x[17][15:8]"
"0x54";5154;"RW";8;8f;;
;;;"[7:0]";"A";"r_curve_x[18][7:0]"
"0x55";5155;"RW";8;65;;
;;;"[7:0]";"A";"r_curve_x[18][15:8]"
"0x56";5156;"RW";8;4b;;
;;;"[7:0]";"A";"r_curve_x[19][7:0]"
"0x57";5157;"RW";8;69;;
;;;"[7:0]";"A";"r_curve_x[19][15:8]"
"0x58";5158;"RW";8;3b;;
;;;"[7:0]";"A";"r_curve_x[20][7:0]"
"0x59";5159;"RW";8;6f;;
;;;"[7:0]";"A";"r_curve_x[20][15:8]"
"0x5a";515a;"RW";8;9a;;
;;;"[7:0]";"A";"r_curve_x[21][7:0]"
"0x5b";515b;"RW";8;75;;
;;;"[7:0]";"A";"r_curve_x[21][15:8]"
"0x5c";515c;"RW";8;57;;
;;;"[7:0]";"A";"r_curve_x[22][7:0]"
"0x5d";515d;"RW";8;7c;;
;;;"[7:0]";"A";"r_curve_x[22][15:8]"
"0x5e";515e;"RW";8;84;;
;;;"[7:0]";"A";"r_curve_x[23][7:0]"
"0x5f";515f;"RW";8;83;;
;;;"[7:0]";"A";"r_curve_x[23][15:8]"
"0x60";5160;"RW";8;37;;
;;;"[7:0]";"A";"r_curve_x[24][7:0]"
"0x61";5161;"RW";8;8b;;
;;;"[7:0]";"A";"r_curve_x[24][15:8]"
"0x62";5162;"RW";8;62;;
;;;"[7:0]";"A";"r_curve_x[25][7:0]"
"0x63";5163;"RW";8;93;;
;;;"[7:0]";"A";"r_curve_x[25][15:8]"
"0x64";5164;"RW";8;22;;
;;;"[7:0]";"A";"r_curve_x[26][7:0]"
"0x65";5165;"RW";8;9c;;
;;;"[7:0]";"A";"r_curve_x[26][15:8]"
"0x66";5166;"RW";8;49;;
;;;"[7:0]";"A";"r_curve_x[27][7:0]"
"0x67";5167;"RW";8;a2;;
;;;"[7:0]";"A";"r_curve_x[27][15:8]"
"0x68";5168;"RW";8;f;;
;;;"[7:0]";"A";"r_curve_x[28][7:0]"
"0x69";5169;"RW";8;ac;;
;;;"[7:0]";"A";"r_curve_x[28][15:8]"
"0x6a";516a;"RW";8;f;;
;;;"[7:0]";"A";"r_curve_x[29][7:0]"
"0x6b";516b;"RW";8;ba;;
;;;"[7:0]";"A";"r_curve_x[29][15:8]"
"0x6c";516c;"RW";8;86;;
;;;"[7:0]";"A";"r_curve_x[30][7:0]"
"0x6d";516d;"RW";8;c1;;
;;;"[7:0]";"A";"r_curve_x[30][15:8]"
"0x6e";516e;"RW";8;65;;
;;;"[7:0]";"A";"r_curve_x[31][7:0]"
"0x6f";516f;"RW";8;cd;;
;;;"[7:0]";"A";"r_curve_x[31][15:8]"
"0x70";5170;"RW";8;10;;
;;;"[7:0]";"A";"r_curve_y[0][7:0]"
"0x71";5171;"RW";8;11;;
;;;"[7:0]";"A";"r_curve_y[0][15:8]"
"0x72";5172;"RW";8;9a;;
;;;"[7:0]";"A";"r_curve_y[1][7:0]"
"0x73";5173;"RW";8;12;;
;;;"[7:0]";"A";"r_curve_y[1][15:8]"
"0x74";5174;"RW";8;d2;;
;;;"[7:0]";"A";"r_curve_y[2][7:0]"
"0x75";5175;"RW";8;13;;
;;;"[7:0]";"A";"r_curve_y[2][15:8]"
"0x76";5176;"RW";8;b3;;
;;;"[7:0]";"A";"r_curve_y[3][7:0]"
"0x77";5177;"RW";8;16;;
;;;"[7:0]";"A";"r_curve_y[3][15:8]"
"0x78";5178;"RW";8;35;;
;;;"[7:0]";"A";"r_curve_y[4][7:0]"
"0x79";5179;"RW";8;19;;
;;;"[7:0]";"A";"r_curve_y[4][15:8]"
"0x7a";517a;"RW";8;d6;;
;;;"[7:0]";"A";"r_curve_y[5][7:0]"
"0x7b";517b;"RW";8;1c;;
;;;"[7:0]";"A";"r_curve_y[5][15:8]"
"0x7c";517c;"RW";8;ff;;
;;;"[7:0]";"A";"r_curve_y[6][7:0]"
"0x7d";517d;"RW";8;1f;;
;;;"[7:0]";"A";"r_curve_y[6][15:8]"
"0x7e";517e;"RW";8;dd;;
;;;"[7:0]";"A";"r_curve_y[7][7:0]"
"0x7f";517f;"RW";8;24;;
;;;"[7:0]";"A";"r_curve_y[7][15:8]"
"0x80";5180;"RW";8;1c;;
;;;"[7:0]";"A";"r_curve_y[8][7:0]"
"0x81";5181;"RW";8;29;;
;;;"[7:0]";"A";"r_curve_y[8][15:8]"
"0x82";5182;"RW";8;4d;;
;;;"[7:0]";"A";"r_curve_y[9][7:0]"
"0x83";5183;"RW";8;2e;;
;;;"[7:0]";"A";"r_curve_y[9][15:8]"
"0x84";5184;"RW";8;93;;
;;;"[7:0]";"A";"r_curve_y[10][7:0]"
"0x85";5185;"RW";8;34;;
;;;"[7:0]";"A";"r_curve_y[10][15:8]"
"0x86";5186;"RW";8;50;;
;;;"[7:0]";"A";"r_curve_y[11][7:0]"
"0x87";5187;"RW";8;3b;;
;;;"[7:0]";"A";"r_curve_y[11][15:8]"
"0x88";5188;"RW";8;29;;
;;;"[7:0]";"A";"r_curve_y[12][7:0]"
"0x89";5189;"RW";8;41;;
;;;"[7:0]";"A";"r_curve_y[12][15:8]"
"0x8a";518a;"RW";8;14;;
;;;"[7:0]";"A";"r_curve_y[13][7:0]"
"0x8b";518b;"RW";8;49;;
;;;"[7:0]";"A";"r_curve_y[13][15:8]"
"0x8c";518c;"RW";8;da;;
;;;"[7:0]";"A";"r_curve_y[14][7:0]"
"0x8d";518d;"RW";8;50;;
;;;"[7:0]";"A";"r_curve_y[14][15:8]"
"0x8e";518e;"RW";8;16;;
;;;"[7:0]";"A";"r_curve_y[15][7:0]"
"0x8f";518f;"RW";8;58;;
;;;"[7:0]";"A";"r_curve_y[15][15:8]"
"0x90";5190;"RW";8;44;;
;;;"[7:0]";"A";"r_curve_y[16][7:0]"
"0x91";5191;"RW";8;60;;
;;;"[7:0]";"A";"r_curve_y[16][15:8]"
"0x92";5192;"RW";8;6d;;
;;;"[7:0]";"A";"r_curve_y[17][7:0]"
"0x93";5193;"RW";8;67;;
;;;"[7:0]";"A";"r_curve_y[17][15:8]"
"0x94";5194;"RW";8;3b;;
;;;"[7:0]";"A";"r_curve_y[18][7:0]"
"0x95";5195;"RW";8;6f;;
;;;"[7:0]";"A";"r_curve_y[18][15:8]"
"0x96";5196;"RW";8;9a;;
;;;"[7:0]";"A";"r_curve_y[19][7:0]"
"0x97";5197;"RW";8;75;;
;;;"[7:0]";"A";"r_curve_y[19][15:8]"
"0x98";5198;"RW";8;57;;
;;;"[7:0]";"A";"r_curve_y[20][7:0]"
"0x99";5199;"RW";8;7c;;
;;;"[7:0]";"A";"r_curve_y[20][15:8]"
"0x9a";519a;"RW";8;84;;
;;;"[7:0]";"A";"r_curve_y[21][7:0]"
"0x9b";519b;"RW";8;83;;
;;;"[7:0]";"A";"r_curve_y[21][15:8]"
"0x9c";519c;"RW";8;37;;
;;;"[7:0]";"A";"r_curve_y[22][7:0]"
"0x9d";519d;"RW";8;8b;;
;;;"[7:0]";"A";"r_curve_y[22][15:8]"
"0x9e";519e;"RW";8;62;;
;;;"[7:0]";"A";"r_curve_y[23][7:0]"
"0x9f";519f;"RW";8;93;;
;;;"[7:0]";"A";"r_curve_y[23][15:8]"
"0xa0";51a0;"RW";8;22;;
;;;"[7:0]";"A";"r_curve_y[24][7:0]"
"0xa1";51a1;"RW";8;9c;;
;;;"[7:0]";"A";"r_curve_y[24][15:8]"
"0xa2";51a2;"RW";8;77;;
;;;"[7:0]";"A";"r_curve_y[25][7:0]"
"0xa3";51a3;"RW";8;a5;;
;;;"[7:0]";"A";"r_curve_y[25][15:8]"
"0xa4";51a4;"RW";8;78;;
;;;"[7:0]";"A";"r_curve_y[26][7:0]"
"0xa5";51a5;"RW";8;af;;
;;;"[7:0]";"A";"r_curve_y[26][15:8]"
"0xa6";51a6;"RW";8;f;;
;;;"[7:0]";"A";"r_curve_y[27][7:0]"
"0xa7";51a7;"RW";8;ba;;
;;;"[7:0]";"A";"r_curve_y[27][15:8]"
"0xa8";51a8;"RW";8;6f;;
;;;"[7:0]";"A";"r_curve_y[28][7:0]"
"0xa9";51a9;"RW";8;c5;;
;;;"[7:0]";"A";"r_curve_y[28][15:8]"
"0xaa";51aa;"RW";8;73;;
;;;"[7:0]";"A";"r_curve_y[29][7:0]"
"0xab";51ab;"RW";8;d1;;
;;;"[7:0]";"A";"r_curve_y[29][15:8]"
"0xac";51ac;"RW";8;8c;;
;;;"[7:0]";"A";"r_curve_y[30][7:0]"
"0xad";51ad;"RW";8;de;;
;;;"[7:0]";"A";"r_curve_y[30][15:8]"
"0xae";51ae;"RW";8;48;;
;;;"[7:0]";"A";"r_curve_y[31][7:0]"
"0xaf";51af;"RW";8;ec;;
;;;"[7:0]";"A";"r_curve_y[31][15:8]"
"0xb0";51b0;"RW";8;5c;;
;;;"[7:0]";"A";"r_curve_slope[0][7:0]"
"0xb1";51b1;"RW";8;e;;
;;;"[7:0]";"A";"r_curve_slope[0][15:8]"
"0xb2";51b2;"RW";8;15;;
;;;"[7:0]";"A";"r_curve_slope[1][7:0]"
"0xb3";51b3;"RW";8;f;;
;;;"[7:0]";"A";"r_curve_slope[1][15:8]"
"0xb4";51b4;"RW";8;6;;
;;;"[7:0]";"A";"r_curve_slope[2][7:0]"
"0xb5";51b5;"RW";8;10;;
;;;"[7:0]";"A";"r_curve_slope[2][15:8]"
"0xb6";51b6;"RW";8;69;;
;;;"[7:0]";"A";"r_curve_slope[3][7:0]"
"0xb7";51b7;"RW";8;10;;
;;;"[7:0]";"A";"r_curve_slope[3][15:8]"
"0xb8";51b8;"RW";8;37;;
;;;"[7:0]";"A";"r_curve_slope[4][7:0]"
"0xb9";51b9;"RW";8;12;;
;;;"[7:0]";"A";"r_curve_slope[4][15:8]"
"0xba";51ba;"RW";8;21;;
;;;"[7:0]";"A";"r_curve_slope[5][7:0]"
"0xbb";51bb;"RW";8;12;;
;;;"[7:0]";"A";"r_curve_slope[5][15:8]"
"0xbc";51bc;"RW";8;57;;
;;;"[7:0]";"A";"r_curve_slope[6][7:0]"
"0xbd";51bd;"RW";8;12;;
;;;"[7:0]";"A";"r_curve_slope[6][15:8]"
"0xbe";51be;"RW";8;5e;;
;;;"[7:0]";"A";"r_curve_slope[7][7:0]"
"0xbf";51bf;"RW";8;13;;
;;;"[7:0]";"A";"r_curve_slope[7][15:8]"
"0xc0";51c0;"RW";8;e4;;
;;;"[7:0]";"A";"r_curve_slope[8][7:0]"
"0xc1";51c1;"RW";8;13;;
;;;"[7:0]";"A";"r_curve_slope[8][15:8]"
"0xc2";51c2;"RW";8;2f;;
;;;"[7:0]";"A";"r_curve_slope[9][7:0]"
"0xc3";51c3;"RW";8;14;;
;;;"[7:0]";"A";"r_curve_slope[9][15:8]"
"0xc4";51c4;"RW";8;26;;
;;;"[7:0]";"A";"r_curve_slope[10][7:0]"
"0xc5";51c5;"RW";8;15;;
;;;"[7:0]";"A";"r_curve_slope[10][15:8]"
"0xc6";51c6;"RW";8;8e;;
;;;"[7:0]";"A";"r_curve_slope[11][7:0]"
"0xc7";51c7;"RW";8;16;;
;;;"[7:0]";"A";"r_curve_slope[11][15:8]"
"0xc8";51c8;"RW";8;8e;;
;;;"[7:0]";"A";"r_curve_slope[12][7:0]"
"0xc9";51c9;"RW";8;16;;
;;;"[7:0]";"A";"r_curve_slope[12][15:8]"
"0xca";51ca;"RW";8;6d;;
;;;"[7:0]";"A";"r_curve_slope[13][7:0]"
"0xcb";51cb;"RW";8;13;;
;;;"[7:0]";"A";"r_curve_slope[13][15:8]"
"0xcc";51cc;"RW";8;59;;
;;;"[7:0]";"A";"r_curve_slope[14][7:0]"
"0xcd";51cd;"RW";8;18;;
;;;"[7:0]";"A";"r_curve_slope[14][15:8]"
"0xce";51ce;"RW";8;f1;;
;;;"[7:0]";"A";"r_curve_slope[15][7:0]"
"0xcf";51cf;"RW";8;13;;
;;;"[7:0]";"A";"r_curve_slope[15][15:8]"
"0xd0";51d0;"RW";8;e8;;
;;;"[7:0]";"A";"r_curve_slope[16][7:0]"
"0xd1";51d1;"RW";8;1a;;
;;;"[7:0]";"A";"r_curve_slope[16][15:8]"
"0xd2";51d2;"RW";8;97;;
;;;"[7:0]";"A";"r_curve_slope[17][7:0]"
"0xd3";51d3;"RW";8;7;;
;;;"[7:0]";"A";"r_curve_slope[17][15:8]"
"0xd4";51d4;"RW";8;4c;;
;;;"[7:0]";"A";"r_curve_slope[18][7:0]"
"0xd5";51d5;"RW";8;1b;;
;;;"[7:0]";"A";"r_curve_slope[18][15:8]"
"0xd6";51d6;"RW";8;28;;
;;;"[7:0]";"A";"r_curve_slope[19][7:0]"
"0xd7";51d7;"RW";8;12;;
;;;"[7:0]";"A";"r_curve_slope[19][15:8]"
"0xd8";51d8;"RW";8;5;;
;;;"[7:0]";"A";"r_curve_slope[20][7:0]"
"0xd9";51d9;"RW";8;12;;
;;;"[7:0]";"A";"r_curve_slope[20][15:8]"
"0xda";51da;"RW";8;48;;
;;;"[7:0]";"A";"r_curve_slope[21][7:0]"
"0xdb";51db;"RW";8;12;;
;;;"[7:0]";"A";"r_curve_slope[21][15:8]"
"0xdc";51dc;"RW";8;36;;
;;;"[7:0]";"A";"r_curve_slope[22][7:0]"
"0xdd";51dd;"RW";8;12;;
;;;"[7:0]";"A";"r_curve_slope[22][15:8]"
"0xde";51de;"RW";8;2f;;
;;;"[7:0]";"A";"r_curve_slope[23][7:0]"
"0xdf";51df;"RW";8;12;;
;;;"[7:0]";"A";"r_curve_slope[23][15:8]"
"0xe0";51e0;"RW";8;48;;
;;;"[7:0]";"A";"r_curve_slope[24][7:0]"
"0xe1";51e1;"RW";8;12;;
;;;"[7:0]";"A";"r_curve_slope[24][15:8]"
"0xe2";51e2;"RW";8;4b;;
;;;"[7:0]";"A";"r_curve_slope[25][7:0]"
"0xe3";51e3;"RW";8;12;;
;;;"[7:0]";"A";"r_curve_slope[25][15:8]"
"0xe4";51e4;"RW";8;8a;;
;;;"[7:0]";"A";"r_curve_slope[26][7:0]"
"0xe5";51e5;"RW";8;1b;;
;;;"[7:0]";"A";"r_curve_slope[26][15:8]"
"0xe6";51e6;"RW";8;9f;;
;;;"[7:0]";"A";"r_curve_slope[27][7:0]"
"0xe7";51e7;"RW";8;12;;
;;;"[7:0]";"A";"r_curve_slope[27][15:8]"
"0xe8";51e8;"RW";8;bb;;
;;;"[7:0]";"A";"r_curve_slope[28][7:0]"
"0xe9";51e9;"RW";8;d;;
;;;"[7:0]";"A";"r_curve_slope[28][15:8]"
"0xea";51ea;"RW";8;13;;
;;;"[7:0]";"A";"r_curve_slope[29][7:0]"
"0xeb";51eb;"RW";8;1c;;
;;;"[7:0]";"A";"r_curve_slope[29][15:8]"
"0xec";51ec;"RW";8;83;;
;;;"[7:0]";"A";"r_curve_slope[30][7:0]"
"0xed";51ed;"RW";8;12;;
;;;"[7:0]";"A";"r_curve_slope[30][15:8]"
"0xee";51ee;"RW";8;3c;;
;;;"[7:0]";"A";"r_curve_slope[31][7:0]"
"0xef";51ef;"RW";8;6;;
;;;"[7:0]";"A";"r_curve_slope[31][15:8]"
"0xf0";51f0;"RW";8;10;;
;;;"[7:0]";"M";"r_pwl_xlist[0][7:0]"
"0xf1";51f1;"RW";8;0;;
;;;"[7:0]";"M";"r_pwl_xlist[0][15:8]"
"0xf2";51f2;"RW";8;0;;
;;;"[7:0]";"M";"r_pwl_xlist[0][23:16]"
"0xf4";51f4;"RW";8;10;;
;;;"[7:0]";"M";"r_pwl_xlist[1][7:0]"
"0xf5";51f5;"RW";8;0;;
;;;"[7:0]";"M";"r_pwl_xlist[1][15:8]"
"0xf6";51f6;"RW";8;0;;
;;;"[7:0]";"M";"r_pwl_xlist[1][23:16]"
"0xf8";51f8;"RW";8;10;;
;;;"[7:0]";"M";"r_pwl_xlist[2][7:0]"
"0xf9";51f9;"RW";8;0;;
;;;"[7:0]";"M";"r_pwl_xlist[2][15:8]"
"0xfa";51fa;"RW";8;0;;
;;;"[7:0]";"M";"r_pwl_xlist[2][23:16]"
"0xfc";51fc;"RW";8;10;;
;;;"[7:0]";"M";"r_pwl_xlist[3][7:0]"
"0xfd";51fd;"RW";8;0;;
;;;"[7:0]";"M";"r_pwl_xlist[3][15:8]"
"0xfe";51fe;"RW";8;0;;
;;;"[7:0]";"M";"r_pwl_xlist[3][23:16]"
"0x100";5200;"RW";8;10;;
;;;"[7:0]";"M";"r_pwl_xlist[4][7:0]"
"0x101";5201;"RW";8;0;;
;;;"[7:0]";"M";"r_pwl_xlist[4][15:8]"
"0x102";5202;"RW";8;0;;
;;;"[7:0]";"M";"r_pwl_xlist[4][23:16]"
"0x104";5204;"RW";8;10;;
;;;"[7:0]";"M";"r_pwl_xlist[5][7:0]"
"0x105";5205;"RW";8;0;;
;;;"[7:0]";"M";"r_pwl_xlist[5][15:8]"
"0x106";5206;"RW";8;0;;
;;;"[7:0]";"M";"r_pwl_xlist[5][23:16]"
"0x108";5208;"RW";8;10;;
;;;"[7:0]";"M";"r_pwl_xlist[6][7:0]"
"0x109";5209;"RW";8;0;;
;;;"[7:0]";"M";"r_pwl_xlist[6][15:8]"
"0x10a";520a;"RW";8;0;;
;;;"[7:0]";"M";"r_pwl_xlist[6][23:16]"
"0x110";5210;"RW";8;10;;
;;;"[7:0]";"M";"r_pwl_ylist[0][7:0]"
"0x111";5211;"RW";8;0;;
;;;"[7:0]";"M";"r_pwl_ylist[0][15:8]"
"0x112";5212;"RW";8;10;;
;;;"[7:0]";"M";"r_pwl_ylist[1][7:0]"
"0x113";5213;"RW";8;0;;
;;;"[7:0]";"M";"r_pwl_ylist[1][15:8]"
"0x114";5214;"RW";8;10;;
;;;"[7:0]";"M";"r_pwl_ylist[2][7:0]"
"0x115";5215;"RW";8;0;;
;;;"[7:0]";"M";"r_pwl_ylist[2][15:8]"
"0x116";5216;"RW";8;10;;
;;;"[7:0]";"M";"r_pwl_ylist[3][7:0]"
"0x117";5217;"RW";8;0;;
;;;"[7:0]";"M";"r_pwl_ylist[3][15:8]"
"0x118";5218;"RW";8;10;;
;;;"[7:0]";"M";"r_pwl_ylist[4][7:0]"
"0x119";5219;"RW";8;0;;
;;;"[7:0]";"M";"r_pwl_ylist[4][15:8]"
"0x11a";521a;"RW";8;10;;
;;;"[7:0]";"M";"r_pwl_ylist[5][7:0]"
"0x11b";521b;"RW";8;0;;
;;;"[7:0]";"M";"r_pwl_ylist[5][15:8]"
"0x11c";521c;"RW";8;10;;
;;;"[7:0]";"M";"r_pwl_ylist[6][7:0]"
"0x11d";521d;"RW";8;0;;
;;;"[7:0]";"M";"r_pwl_ylist[6][15:8]"
"0x120";5220;"RW";8;10;;
;;;"[7:0]";"M";"r_pwl_slope[0][7:0]"
"0x121";5221;"RW";5;0;;
;;;"[4:0]";"M";"r_pwl_slope[0][12:8]"
"0x122";5222;"RW";8;10;;
;;;"[7:0]";"M";"r_pwl_slope[1][7:0]"
"0x123";5223;"RW";5;0;;
;;;"[4:0]";"M";"r_pwl_slope[1][12:8]"
"0x124";5224;"RW";8;10;;
;;;"[7:0]";"M";"r_pwl_slope[2][7:0]"
"0x125";5225;"RW";5;0;;
;;;"[4:0]";"M";"r_pwl_slope[2][12:8]"
"0x126";5226;"RW";8;10;;
;;;"[7:0]";"M";"r_pwl_slope[3][7:0]"
"0x127";5227;"RW";5;0;;
;;;"[4:0]";"M";"r_pwl_slope[3][12:8]"
"0x128";5228;"RW";8;10;;
;;;"[7:0]";"M";"r_pwl_slope[4][7:0]"
"0x129";5229;"RW";5;0;;
;;;"[4:0]";"M";"r_pwl_slope[4][12:8]"
"0x12a";522a;"RW";8;10;;
;;;"[7:0]";"M";"r_pwl_slope[5][7:0]"
"0x12b";522b;"RW";5;0;;
;;;"[4:0]";"M";"r_pwl_slope[5][12:8]"
"0x12c";522c;"RW";8;10;;
;;;"[7:0]";"M";"r_pwl_slope[6][7:0]"
"0x12d";522d;"RW";5;0;;
;;;"[4:0]";"M";"r_pwl_slope[6][12:8]"
"0x12e";522e;"RW";8;10;;
;;;"[7:0]";"M";"r_pwl_slope[7][7:0]"
"0x12f";522f;"RW";5;0;;
;;;"[4:0]";"M";"r_pwl_slope[7][12:8]"
"0x00";5100;"RW";8;0;;
;;;"[7:0]";"A";"s_local_gamma[0][0][7:0]"
"0x01";5101;"RW";2;2;;
;;;"[1:0]";"A";"s_local_gamma[0][0][9:8]"
"0x02";5102;"RW";8;0;;
;;;"[7:0]";"A";"s_local_gamma[0][1][7:0]"
"0x03";5103;"RW";2;2;;
;;;"[1:0]";"A";"s_local_gamma[0][1][9:8]"
"0x04";5104;"RW";8;0;;
;;;"[7:0]";"A";"s_local_gamma[0][2][7:0]"
"0x05";5105;"RW";2;2;;
;;;"[1:0]";"A";"s_local_gamma[0][2][9:8]"
"0x06";5106;"RW";8;0;;
;;;"[7:0]";"A";"s_local_gamma[0][3][7:0]"
"0x07";5107;"RW";2;2;;
;;;"[1:0]";"A";"s_local_gamma[0][3][9:8]"
"0x08";5108;"RW";8;0;;
;;;"[7:0]";"A";"s_local_gamma[0][4][7:0]"
"0x09";5109;"RW";2;2;;
;;;"[1:0]";"A";"s_local_gamma[0][4][9:8]"
"0x0a";510a;"RW";8;0;;
;;;"[7:0]";"A";"s_local_gamma[0][5][7:0]"
"0x0b";510b;"RW";2;2;;
;;;"[1:0]";"A";"s_local_gamma[0][5][9:8]"
"0x0c";510c;"RW";8;0;;
;;;"[7:0]";"A";"s_local_gamma[0][6][7:0]"
"0x0d";510d;"RW";2;2;;
;;;"[1:0]";"A";"s_local_gamma[0][6][9:8]"
"0x0e";510e;"RW";8;0;;
;;;"[7:0]";"A";"s_local_gamma[0][7][7:0]"
"0x0f";510f;"RW";2;2;;
;;;"[1:0]";"A";"s_local_gamma[0][7][9:8]"
"0x10";5110;"RW";8;0;;
;;;"[7:0]";"A";"s_local_gamma[0][8][7:0]"
"0x11";5111;"RW";2;2;;
;;;"[1:0]";"A";"s_local_gamma[0][8][9:8]"
"0x12";5112;"RW";8;0;;
;;;"[7:0]";"A";"s_local_gamma[0][9][7:0]"
"0x13";5113;"RW";2;2;;
;;;"[1:0]";"A";"s_local_gamma[0][9][9:8]"
"0x14";5114;"RW";8;0;;
;;;"[7:0]";"A";"s_local_gamma[0][10][7:0]"
"0x15";5115;"RW";2;2;;
;;;"[1:0]";"A";"s_local_gamma[0][10][9:8]"
"0x16";5116;"RW";8;0;;
;;;"[7:0]";"A";"s_local_gamma[0][11][7:0]"
"0x17";5117;"RW";2;2;;
;;;"[1:0]";"A";"s_local_gamma[0][11][9:8]"
"0x18";5118;"RW";8;0;;
;;;"[7:0]";"A";"s_local_gamma[0][12][7:0]"
"0x19";5119;"RW";2;2;;
;;;"[1:0]";"A";"s_local_gamma[0][12][9:8]"
"0x1a";511a;"RW";8;0;;
;;;"[7:0]";"A";"s_local_gamma[0][13][7:0]"
"0x1b";511b;"RW";2;2;;
;;;"[1:0]";"A";"s_local_gamma[0][13][9:8]"
"0x1c";511c;"RW";8;0;;
;;;"[7:0]";"A";"s_local_gamma[0][14][7:0]"
"0x1d";511d;"RW";2;2;;
;;;"[1:0]";"A";"s_local_gamma[0][14][9:8]"
"0x1e";511e;"RW";8;0;;
;;;"[7:0]";"A";"s_local_gamma[0][15][7:0]"
"0x1f";511f;"RW";2;2;;
;;;"[1:0]";"A";"s_local_gamma[0][15][9:8]"
"0x20";5120;"RW";8;0;;
;;;"[7:0]";"A";"s_local_gamma[0][16][7:0]"
"0x21";5121;"RW";2;2;;
;;;"[1:0]";"A";"s_local_gamma[0][16][9:8]"
"0x22";5122;"RW";8;0;;
;;;"[7:0]";"A";"s_local_gamma[0][17][7:0]"
"0x23";5123;"RW";2;2;;
;;;"[1:0]";"A";"s_local_gamma[0][17][9:8]"
"0x24";5124;"RW";8;0;;
;;;"[7:0]";"A";"s_local_gamma[0][18][7:0]"
"0x25";5125;"RW";2;2;;
;;;"[1:0]";"A";"s_local_gamma[0][18][9:8]"
"0x26";5126;"RW";8;0;;
;;;"[7:0]";"A";"s_local_gamma[0][19][7:0]"
"0x27";5127;"RW";2;2;;
;;;"[1:0]";"A";"s_local_gamma[0][19][9:8]"
"0x28";5128;"RW";8;0;;
;;;"[7:0]";"A";"s_local_gamma[0][20][7:0]"
"0x29";5129;"RW";2;2;;
;;;"[1:0]";"A";"s_local_gamma[0][20][9:8]"
"0x2a";512a;"RW";8;0;;
;;;"[7:0]";"A";"s_local_gamma[0][21][7:0]"
"0x2b";512b;"RW";2;2;;
;;;"[1:0]";"A";"s_local_gamma[0][21][9:8]"
"0x2c";512c;"RW";8;0;;
;;;"[7:0]";"A";"s_local_gamma[0][22][7:0]"
"0x2d";512d;"RW";2;2;;
;;;"[1:0]";"A";"s_local_gamma[0][22][9:8]"
"0x2e";512e;"RW";8;0;;
;;;"[7:0]";"A";"s_local_gamma[0][23][7:0]"
"0x2f";512f;"RW";2;2;;
;;;"[1:0]";"A";"s_local_gamma[0][23][9:8]"
"0x30";5130;"RW";8;0;;
;;;"[7:0]";"A";"s_local_gamma[0][24][7:0]"
"0x31";5131;"RW";2;2;;
;;;"[1:0]";"A";"s_local_gamma[0][24][9:8]"
"0x32";5132;"RW";8;0;;
;;;"[7:0]";"A";"s_local_gamma[1][0][7:0]"
"0x33";5133;"RW";2;2;;
;;;"[1:0]";"A";"s_local_gamma[1][0][9:8]"
"0x34";5134;"RW";8;0;;
;;;"[7:0]";"A";"s_local_gamma[1][1][7:0]"
"0x35";5135;"RW";2;2;;
;;;"[1:0]";"A";"s_local_gamma[1][1][9:8]"
"0x36";5136;"RW";8;0;;
;;;"[7:0]";"A";"s_local_gamma[1][2][7:0]"
"0x37";5137;"RW";2;2;;
;;;"[1:0]";"A";"s_local_gamma[1][2][9:8]"
"0x38";5138;"RW";8;0;;
;;;"[7:0]";"A";"s_local_gamma[1][3][7:0]"
"0x39";5139;"RW";2;2;;
;;;"[1:0]";"A";"s_local_gamma[1][3][9:8]"
"0x3a";513a;"RW";8;0;;
;;;"[7:0]";"A";"s_local_gamma[1][4][7:0]"
"0x3b";513b;"RW";2;2;;
;;;"[1:0]";"A";"s_local_gamma[1][4][9:8]"
"0x3c";513c;"RW";8;0;;
;;;"[7:0]";"A";"s_local_gamma[1][5][7:0]"
"0x3d";513d;"RW";2;2;;
;;;"[1:0]";"A";"s_local_gamma[1][5][9:8]"
"0x3e";513e;"RW";8;0;;
;;;"[7:0]";"A";"s_local_gamma[1][6][7:0]"
"0x3f";513f;"RW";2;2;;
;;;"[1:0]";"A";"s_local_gamma[1][6][9:8]"
"0x40";5140;"RW";8;0;;
;;;"[7:0]";"A";"s_local_gamma[1][7][7:0]"
"0x41";5141;"RW";2;2;;
;;;"[1:0]";"A";"s_local_gamma[1][7][9:8]"
"0x42";5142;"RW";8;0;;
;;;"[7:0]";"A";"s_local_gamma[1][8][7:0]"
"0x43";5143;"RW";2;2;;
;;;"[1:0]";"A";"s_local_gamma[1][8][9:8]"
"0x44";5144;"RW";8;0;;
;;;"[7:0]";"A";"s_local_gamma[1][9][7:0]"
"0x45";5145;"RW";2;2;;
;;;"[1:0]";"A";"s_local_gamma[1][9][9:8]"
"0x46";5146;"RW";8;0;;
;;;"[7:0]";"A";"s_local_gamma[1][10][7:0]"
"0x47";5147;"RW";2;2;;
;;;"[1:0]";"A";"s_local_gamma[1][10][9:8]"
"0x48";5148;"RW";8;0;;
;;;"[7:0]";"A";"s_local_gamma[1][11][7:0]"
"0x49";5149;"RW";2;2;;
;;;"[1:0]";"A";"s_local_gamma[1][11][9:8]"
"0x4a";514a;"RW";8;0;;
;;;"[7:0]";"A";"s_local_gamma[1][12][7:0]"
"0x4b";514b;"RW";2;2;;
;;;"[1:0]";"A";"s_local_gamma[1][12][9:8]"
"0x4c";514c;"RW";8;0;;
;;;"[7:0]";"A";"s_local_gamma[1][13][7:0]"
"0x4d";514d;"RW";2;2;;
;;;"[1:0]";"A";"s_local_gamma[1][13][9:8]"
"0x4e";514e;"RW";8;0;;
;;;"[7:0]";"A";"s_local_gamma[1][14][7:0]"
"0x4f";514f;"RW";2;2;;
;;;"[1:0]";"A";"s_local_gamma[1][14][9:8]"
"0x50";5150;"RW";8;0;;
;;;"[7:0]";"A";"s_local_gamma[1][15][7:0]"
"0x51";5151;"RW";2;2;;
;;;"[1:0]";"A";"s_local_gamma[1][15][9:8]"
"0x52";5152;"RW";8;0;;
;;;"[7:0]";"A";"s_local_gamma[1][16][7:0]"
"0x53";5153;"RW";2;2;;
;;;"[1:0]";"A";"s_local_gamma[1][16][9:8]"
"0x54";5154;"RW";8;0;;
;;;"[7:0]";"A";"s_local_gamma[1][17][7:0]"
"0x55";5155;"RW";2;2;;
;;;"[1:0]";"A";"s_local_gamma[1][17][9:8]"
"0x56";5156;"RW";8;0;;
;;;"[7:0]";"A";"s_local_gamma[1][18][7:0]"
"0x57";5157;"RW";2;2;;
;;;"[1:0]";"A";"s_local_gamma[1][18][9:8]"
"0x58";5158;"RW";8;0;;
;;;"[7:0]";"A";"s_local_gamma[1][19][7:0]"
"0x59";5159;"RW";2;2;;
;;;"[1:0]";"A";"s_local_gamma[1][19][9:8]"
"0x5a";515a;"RW";8;0;;
;;;"[7:0]";"A";"s_local_gamma[1][20][7:0]"
"0x5b";515b;"RW";2;2;;
;;;"[1:0]";"A";"s_local_gamma[1][20][9:8]"
"0x5c";515c;"RW";8;0;;
;;;"[7:0]";"A";"s_local_gamma[1][21][7:0]"
"0x5d";515d;"RW";2;2;;
;;;"[1:0]";"A";"s_local_gamma[1][21][9:8]"
"0x5e";515e;"RW";8;0;;
;;;"[7:0]";"A";"s_local_gamma[1][22][7:0]"
"0x5f";515f;"RW";2;2;;
;;;"[1:0]";"A";"s_local_gamma[1][22][9:8]"
"0x60";5160;"RW";8;0;;
;;;"[7:0]";"A";"s_local_gamma[1][23][7:0]"
"0x61";5161;"RW";2;2;;
;;;"[1:0]";"A";"s_local_gamma[1][23][9:8]"
"0x62";5162;"RW";8;0;;
;;;"[7:0]";"A";"s_local_gamma[1][24][7:0]"
"0x63";5163;"RW";2;2;;
;;;"[1:0]";"A";"s_local_gamma[1][24][9:8]"
"0x64";5164;"RW";8;0;;
;;;"[7:0]";"A";"s_local_gamma[2][0][7:0]"
"0x65";5165;"RW";2;2;;
;;;"[1:0]";"A";"s_local_gamma[2][0][9:8]"
"0x66";5166;"RW";8;0;;
;;;"[7:0]";"A";"s_local_gamma[2][1][7:0]"
"0x67";5167;"RW";2;2;;
;;;"[1:0]";"A";"s_local_gamma[2][1][9:8]"
"0x68";5168;"RW";8;0;;
;;;"[7:0]";"A";"s_local_gamma[2][2][7:0]"
"0x69";5169;"RW";2;2;;
;;;"[1:0]";"A";"s_local_gamma[2][2][9:8]"
"0x6a";516a;"RW";8;0;;
;;;"[7:0]";"A";"s_local_gamma[2][3][7:0]"
"0x6b";516b;"RW";2;2;;
;;;"[1:0]";"A";"s_local_gamma[2][3][9:8]"
"0x6c";516c;"RW";8;0;;
;;;"[7:0]";"A";"s_local_gamma[2][4][7:0]"
"0x6d";516d;"RW";2;2;;
;;;"[1:0]";"A";"s_local_gamma[2][4][9:8]"
"0x6e";516e;"RW";8;0;;
;;;"[7:0]";"A";"s_local_gamma[2][5][7:0]"
"0x6f";516f;"RW";2;2;;
;;;"[1:0]";"A";"s_local_gamma[2][5][9:8]"
"0x70";5170;"RW";8;0;;
;;;"[7:0]";"A";"s_local_gamma[2][6][7:0]"
"0x71";5171;"RW";2;2;;
;;;"[1:0]";"A";"s_local_gamma[2][6][9:8]"
"0x72";5172;"RW";8;0;;
;;;"[7:0]";"A";"s_local_gamma[2][7][7:0]"
"0x73";5173;"RW";2;2;;
;;;"[1:0]";"A";"s_local_gamma[2][7][9:8]"
"0x74";5174;"RW";8;0;;
;;;"[7:0]";"A";"s_local_gamma[2][8][7:0]"
"0x75";5175;"RW";2;2;;
;;;"[1:0]";"A";"s_local_gamma[2][8][9:8]"
"0x76";5176;"RW";8;0;;
;;;"[7:0]";"A";"s_local_gamma[2][9][7:0]"
"0x77";5177;"RW";2;2;;
;;;"[1:0]";"A";"s_local_gamma[2][9][9:8]"
"0x78";5178;"RW";8;0;;
;;;"[7:0]";"A";"s_local_gamma[2][10][7:0]"
"0x79";5179;"RW";2;2;;
;;;"[1:0]";"A";"s_local_gamma[2][10][9:8]"
"0x7a";517a;"RW";8;0;;
;;;"[7:0]";"A";"s_local_gamma[2][11][7:0]"
"0x7b";517b;"RW";2;2;;
;;;"[1:0]";"A";"s_local_gamma[2][11][9:8]"
"0x7c";517c;"RW";8;0;;
;;;"[7:0]";"A";"s_local_gamma[2][12][7:0]"
"0x7d";517d;"RW";2;2;;
;;;"[1:0]";"A";"s_local_gamma[2][12][9:8]"
"0x7e";517e;"RW";8;0;;
;;;"[7:0]";"A";"s_local_gamma[2][13][7:0]"
"0x7f";517f;"RW";2;2;;
;;;"[1:0]";"A";"s_local_gamma[2][13][9:8]"
"0x80";5180;"RW";8;0;;
;;;"[7:0]";"A";"s_local_gamma[2][14][7:0]"
"0x81";5181;"RW";2;2;;
;;;"[1:0]";"A";"s_local_gamma[2][14][9:8]"
"0x82";5182;"RW";8;0;;
;;;"[7:0]";"A";"s_local_gamma[2][15][7:0]"
"0x83";5183;"RW";2;2;;
;;;"[1:0]";"A";"s_local_gamma[2][15][9:8]"
"0x84";5184;"RW";8;0;;
;;;"[7:0]";"A";"s_local_gamma[2][16][7:0]"
"0x85";5185;"RW";2;2;;
;;;"[1:0]";"A";"s_local_gamma[2][16][9:8]"
"0x86";5186;"RW";8;0;;
;;;"[7:0]";"A";"s_local_gamma[2][17][7:0]"
"0x87";5187;"RW";2;2;;
;;;"[1:0]";"A";"s_local_gamma[2][17][9:8]"
"0x88";5188;"RW";8;0;;
;;;"[7:0]";"A";"s_local_gamma[2][18][7:0]"
"0x89";5189;"RW";2;2;;
;;;"[1:0]";"A";"s_local_gamma[2][18][9:8]"
"0x8a";518a;"RW";8;0;;
;;;"[7:0]";"A";"s_local_gamma[2][19][7:0]"
"0x8b";518b;"RW";2;2;;
;;;"[1:0]";"A";"s_local_gamma[2][19][9:8]"
"0x8c";518c;"RW";8;0;;
;;;"[7:0]";"A";"s_local_gamma[2][20][7:0]"
"0x8d";518d;"RW";2;2;;
;;;"[1:0]";"A";"s_local_gamma[2][20][9:8]"
"0x8e";518e;"RW";8;0;;
;;;"[7:0]";"A";"s_local_gamma[2][21][7:0]"
"0x8f";518f;"RW";2;2;;
;;;"[1:0]";"A";"s_local_gamma[2][21][9:8]"
"0x90";5190;"RW";8;0;;
;;;"[7:0]";"A";"s_local_gamma[2][22][7:0]"
"0x91";5191;"RW";2;2;;
;;;"[1:0]";"A";"s_local_gamma[2][22][9:8]"
"0x92";5192;"RW";8;0;;
;;;"[7:0]";"A";"s_local_gamma[2][23][7:0]"
"0x93";5193;"RW";2;2;;
;;;"[1:0]";"A";"s_local_gamma[2][23][9:8]"
"0x94";5194;"RW";8;0;;
;;;"[7:0]";"A";"s_local_gamma[2][24][7:0]"
"0x95";5195;"RW";2;2;;
;;;"[1:0]";"A";"s_local_gamma[2][24][9:8]"
"0x96";5196;"RW";8;0;;
;;;"[7:0]";"A";"s_local_gamma[3][0][7:0]"
"0x97";5197;"RW";2;2;;
;;;"[1:0]";"A";"s_local_gamma[3][0][9:8]"
"0x98";5198;"RW";8;0;;
;;;"[7:0]";"A";"s_local_gamma[3][1][7:0]"
"0x99";5199;"RW";2;2;;
;;;"[1:0]";"A";"s_local_gamma[3][1][9:8]"
"0x9a";519a;"RW";8;0;;
;;;"[7:0]";"A";"s_local_gamma[3][2][7:0]"
"0x9b";519b;"RW";2;2;;
;;;"[1:0]";"A";"s_local_gamma[3][2][9:8]"
"0x9c";519c;"RW";8;0;;
;;;"[7:0]";"A";"s_local_gamma[3][3][7:0]"
"0x9d";519d;"RW";2;2;;
;;;"[1:0]";"A";"s_local_gamma[3][3][9:8]"
"0x9e";519e;"RW";8;0;;
;;;"[7:0]";"A";"s_local_gamma[3][4][7:0]"
"0x9f";519f;"RW";2;2;;
;;;"[1:0]";"A";"s_local_gamma[3][4][9:8]"
"0xa0";51a0;"RW";8;0;;
;;;"[7:0]";"A";"s_local_gamma[3][5][7:0]"
"0xa1";51a1;"RW";2;2;;
;;;"[1:0]";"A";"s_local_gamma[3][5][9:8]"
"0xa2";51a2;"RW";8;0;;
;;;"[7:0]";"A";"s_local_gamma[3][6][7:0]"
"0xa3";51a3;"RW";2;2;;
;;;"[1:0]";"A";"s_local_gamma[3][6][9:8]"
"0xa4";51a4;"RW";8;0;;
;;;"[7:0]";"A";"s_local_gamma[3][7][7:0]"
"0xa5";51a5;"RW";2;2;;
;;;"[1:0]";"A";"s_local_gamma[3][7][9:8]"
"0xa6";51a6;"RW";8;0;;
;;;"[7:0]";"A";"s_local_gamma[3][8][7:0]"
"0xa7";51a7;"RW";2;2;;
;;;"[1:0]";"A";"s_local_gamma[3][8][9:8]"
"0xa8";51a8;"RW";8;0;;
;;;"[7:0]";"A";"s_local_gamma[3][9][7:0]"
"0xa9";51a9;"RW";2;2;;
;;;"[1:0]";"A";"s_local_gamma[3][9][9:8]"
"0xaa";51aa;"RW";8;0;;
;;;"[7:0]";"A";"s_local_gamma[3][10][7:0]"
"0xab";51ab;"RW";2;2;;
;;;"[1:0]";"A";"s_local_gamma[3][10][9:8]"
"0xac";51ac;"RW";8;0;;
;;;"[7:0]";"A";"s_local_gamma[3][11][7:0]"
"0xad";51ad;"RW";2;2;;
;;;"[1:0]";"A";"s_local_gamma[3][11][9:8]"
"0xae";51ae;"RW";8;0;;
;;;"[7:0]";"A";"s_local_gamma[3][12][7:0]"
"0xaf";51af;"RW";2;2;;
;;;"[1:0]";"A";"s_local_gamma[3][12][9:8]"
"0xb0";51b0;"RW";8;0;;
;;;"[7:0]";"A";"s_local_gamma[3][13][7:0]"
"0xb1";51b1;"RW";2;2;;
;;;"[1:0]";"A";"s_local_gamma[3][13][9:8]"
"0xb2";51b2;"RW";8;0;;
;;;"[7:0]";"A";"s_local_gamma[3][14][7:0]"
"0xb3";51b3;"RW";2;2;;
;;;"[1:0]";"A";"s_local_gamma[3][14][9:8]"
"0xb4";51b4;"RW";8;0;;
;;;"[7:0]";"A";"s_local_gamma[3][15][7:0]"
"0xb5";51b5;"RW";2;2;;
;;;"[1:0]";"A";"s_local_gamma[3][15][9:8]"
"0xb6";51b6;"RW";8;0;;
;;;"[7:0]";"A";"s_local_gamma[3][16][7:0]"
"0xb7";51b7;"RW";2;2;;
;;;"[1:0]";"A";"s_local_gamma[3][16][9:8]"
"0xb8";51b8;"RW";8;0;;
;;;"[7:0]";"A";"s_local_gamma[3][17][7:0]"
"0xb9";51b9;"RW";2;2;;
;;;"[1:0]";"A";"s_local_gamma[3][17][9:8]"
"0xba";51ba;"RW";8;0;;
;;;"[7:0]";"A";"s_local_gamma[3][18][7:0]"
"0xbb";51bb;"RW";2;2;;
;;;"[1:0]";"A";"s_local_gamma[3][18][9:8]"
"0xbc";51bc;"RW";8;0;;
;;;"[7:0]";"A";"s_local_gamma[3][19][7:0]"
"0xbd";51bd;"RW";2;2;;
;;;"[1:0]";"A";"s_local_gamma[3][19][9:8]"
"0xbe";51be;"RW";8;0;;
;;;"[7:0]";"A";"s_local_gamma[3][20][7:0]"
"0xbf";51bf;"RW";2;2;;
;;;"[1:0]";"A";"s_local_gamma[3][20][9:8]"
"0xc0";51c0;"RW";8;0;;
;;;"[7:0]";"A";"s_local_gamma[3][21][7:0]"
"0xc1";51c1;"RW";2;2;;
;;;"[1:0]";"A";"s_local_gamma[3][21][9:8]"
"0xc2";51c2;"RW";8;0;;
;;;"[7:0]";"A";"s_local_gamma[3][22][7:0]"
"0xc3";51c3;"RW";2;2;;
;;;"[1:0]";"A";"s_local_gamma[3][22][9:8]"
"0xc4";51c4;"RW";8;0;;
;;;"[7:0]";"A";"s_local_gamma[3][23][7:0]"
"0xc5";51c5;"RW";2;2;;
;;;"[1:0]";"A";"s_local_gamma[3][23][9:8]"
"0xc6";51c6;"RW";8;0;;
;;;"[7:0]";"A";"s_local_gamma[3][24][7:0]"
"0xc7";51c7;"RW";2;2;;
;;;"[1:0]";"A";"s_local_gamma[3][24][9:8]"
"0xc8";51c8;"RW";8;0;;
;;;"[7:0]";"A";"s_local_gamma[4][0][7:0]"
"0xc9";51c9;"RW";2;2;;
;;;"[1:0]";"A";"s_local_gamma[4][0][9:8]"
"0xca";51ca;"RW";8;0;;
;;;"[7:0]";"A";"s_local_gamma[4][1][7:0]"
"0xcb";51cb;"RW";2;2;;
;;;"[1:0]";"A";"s_local_gamma[4][1][9:8]"
"0xcc";51cc;"RW";8;0;;
;;;"[7:0]";"A";"s_local_gamma[4][2][7:0]"
"0xcd";51cd;"RW";2;2;;
;;;"[1:0]";"A";"s_local_gamma[4][2][9:8]"
"0xce";51ce;"RW";8;0;;
;;;"[7:0]";"A";"s_local_gamma[4][3][7:0]"
"0xcf";51cf;"RW";2;2;;
;;;"[1:0]";"A";"s_local_gamma[4][3][9:8]"
"0xd0";51d0;"RW";8;0;;
;;;"[7:0]";"A";"s_local_gamma[4][4][7:0]"
"0xd1";51d1;"RW";2;2;;
;;;"[1:0]";"A";"s_local_gamma[4][4][9:8]"
"0xd2";51d2;"RW";8;0;;
;;;"[7:0]";"A";"s_local_gamma[4][5][7:0]"
"0xd3";51d3;"RW";2;2;;
;;;"[1:0]";"A";"s_local_gamma[4][5][9:8]"
"0xd4";51d4;"RW";8;0;;
;;;"[7:0]";"A";"s_local_gamma[4][6][7:0]"
"0xd5";51d5;"RW";2;2;;
;;;"[1:0]";"A";"s_local_gamma[4][6][9:8]"
"0xd6";51d6;"RW";8;0;;
;;;"[7:0]";"A";"s_local_gamma[4][7][7:0]"
"0xd7";51d7;"RW";2;2;;
;;;"[1:0]";"A";"s_local_gamma[4][7][9:8]"
"0xd8";51d8;"RW";8;0;;
;;;"[7:0]";"A";"s_local_gamma[4][8][7:0]"
"0xd9";51d9;"RW";2;2;;
;;;"[1:0]";"A";"s_local_gamma[4][8][9:8]"
"0xda";51da;"RW";8;0;;
;;;"[7:0]";"A";"s_local_gamma[4][9][7:0]"
"0xdb";51db;"RW";2;2;;
;;;"[1:0]";"A";"s_local_gamma[4][9][9:8]"
"0xdc";51dc;"RW";8;0;;
;;;"[7:0]";"A";"s_local_gamma[4][10][7:0]"
"0xdd";51dd;"RW";2;2;;
;;;"[1:0]";"A";"s_local_gamma[4][10][9:8]"
"0xde";51de;"RW";8;0;;
;;;"[7:0]";"A";"s_local_gamma[4][11][7:0]"
"0xdf";51df;"RW";2;2;;
;;;"[1:0]";"A";"s_local_gamma[4][11][9:8]"
"0xe0";51e0;"RW";8;0;;
;;;"[7:0]";"A";"s_local_gamma[4][12][7:0]"
"0xe1";51e1;"RW";2;2;;
;;;"[1:0]";"A";"s_local_gamma[4][12][9:8]"
"0xe2";51e2;"RW";8;0;;
;;;"[7:0]";"A";"s_local_gamma[4][13][7:0]"
"0xe3";51e3;"RW";2;2;;
;;;"[1:0]";"A";"s_local_gamma[4][13][9:8]"
"0xe4";51e4;"RW";8;0;;
;;;"[7:0]";"A";"s_local_gamma[4][14][7:0]"
"0xe5";51e5;"RW";2;2;;
;;;"[1:0]";"A";"s_local_gamma[4][14][9:8]"
"0xe6";51e6;"RW";8;0;;
;;;"[7:0]";"A";"s_local_gamma[4][15][7:0]"
"0xe7";51e7;"RW";2;2;;
;;;"[1:0]";"A";"s_local_gamma[4][15][9:8]"
"0xe8";51e8;"RW";8;0;;
;;;"[7:0]";"A";"s_local_gamma[4][16][7:0]"
"0xe9";51e9;"RW";2;2;;
;;;"[1:0]";"A";"s_local_gamma[4][16][9:8]"
"0xea";51ea;"RW";8;0;;
;;;"[7:0]";"A";"s_local_gamma[4][17][7:0]"
"0xeb";51eb;"RW";2;2;;
;;;"[1:0]";"A";"s_local_gamma[4][17][9:8]"
"0xec";51ec;"RW";8;0;;
;;;"[7:0]";"A";"s_local_gamma[4][18][7:0]"
"0xed";51ed;"RW";2;2;;
;;;"[1:0]";"A";"s_local_gamma[4][18][9:8]"
"0xee";51ee;"RW";8;0;;
;;;"[7:0]";"A";"s_local_gamma[4][19][7:0]"
"0xef";51ef;"RW";2;2;;
;;;"[1:0]";"A";"s_local_gamma[4][19][9:8]"
"0xf0";51f0;"RW";8;0;;
;;;"[7:0]";"A";"s_local_gamma[4][20][7:0]"
"0xf1";51f1;"RW";2;2;;
;;;"[1:0]";"A";"s_local_gamma[4][20][9:8]"
"0xf2";51f2;"RW";8;0;;
;;;"[7:0]";"A";"s_local_gamma[4][21][7:0]"
"0xf3";51f3;"RW";2;2;;
;;;"[1:0]";"A";"s_local_gamma[4][21][9:8]"
"0xf4";51f4;"RW";8;0;;
;;;"[7:0]";"A";"s_local_gamma[4][22][7:0]"
"0xf5";51f5;"RW";2;2;;
;;;"[1:0]";"A";"s_local_gamma[4][22][9:8]"
"0xf6";51f6;"RW";8;0;;
;;;"[7:0]";"A";"s_local_gamma[4][23][7:0]"
"0xf7";51f7;"RW";2;2;;
;;;"[1:0]";"A";"s_local_gamma[4][23][9:8]"
"0xf8";51f8;"RW";8;0;;
;;;"[7:0]";"A";"s_local_gamma[4][24][7:0]"
"0xf9";51f9;"RW";2;2;;
;;;"[1:0]";"A";"s_local_gamma[4][24][9:8]"
"0xfa";51fa;"RW";8;0;;
;;;"[7:0]";"A";"s_local_gamma[5][0][7:0]"
"0xfb";51fb;"RW";2;2;;
;;;"[1:0]";"A";"s_local_gamma[5][0][9:8]"
"0xfc";51fc;"RW";8;0;;
;;;"[7:0]";"A";"s_local_gamma[5][1][7:0]"
"0xfd";51fd;"RW";2;2;;
;;;"[1:0]";"A";"s_local_gamma[5][1][9:8]"
"0xfe";51fe;"RW";8;0;;
;;;"[7:0]";"A";"s_local_gamma[5][2][7:0]"
"0xff";51ff;"RW";2;2;;
;;;"[1:0]";"A";"s_local_gamma[5][2][9:8]"
"0x100";5200;"RW";8;0;;
;;;"[7:0]";"A";"s_local_gamma[5][3][7:0]"
"0x101";5201;"RW";2;2;;
;;;"[1:0]";"A";"s_local_gamma[5][3][9:8]"
"0x102";5202;"RW";8;0;;
;;;"[7:0]";"A";"s_local_gamma[5][4][7:0]"
"0x103";5203;"RW";2;2;;
;;;"[1:0]";"A";"s_local_gamma[5][4][9:8]"
"0x104";5204;"RW";8;0;;
;;;"[7:0]";"A";"s_local_gamma[5][5][7:0]"
"0x105";5205;"RW";2;2;;
;;;"[1:0]";"A";"s_local_gamma[5][5][9:8]"
"0x106";5206;"RW";8;0;;
;;;"[7:0]";"A";"s_local_gamma[5][6][7:0]"
"0x107";5207;"RW";2;2;;
;;;"[1:0]";"A";"s_local_gamma[5][6][9:8]"
"0x108";5208;"RW";8;0;;
;;;"[7:0]";"A";"s_local_gamma[5][7][7:0]"
"0x109";5209;"RW";2;2;;
;;;"[1:0]";"A";"s_local_gamma[5][7][9:8]"
"0x10a";520a;"RW";8;0;;
;;;"[7:0]";"A";"s_local_gamma[5][8][7:0]"
"0x10b";520b;"RW";2;2;;
;;;"[1:0]";"A";"s_local_gamma[5][8][9:8]"
"0x10c";520c;"RW";8;0;;
;;;"[7:0]";"A";"s_local_gamma[5][9][7:0]"
"0x10d";520d;"RW";2;2;;
;;;"[1:0]";"A";"s_local_gamma[5][9][9:8]"
"0x10e";520e;"RW";8;0;;
;;;"[7:0]";"A";"s_local_gamma[5][10][7:0]"
"0x10f";520f;"RW";2;2;;
;;;"[1:0]";"A";"s_local_gamma[5][10][9:8]"
"0x110";5210;"RW";8;0;;
;;;"[7:0]";"A";"s_local_gamma[5][11][7:0]"
"0x111";5211;"RW";2;2;;
;;;"[1:0]";"A";"s_local_gamma[5][11][9:8]"
"0x112";5212;"RW";8;0;;
;;;"[7:0]";"A";"s_local_gamma[5][12][7:0]"
"0x113";5213;"RW";2;2;;
;;;"[1:0]";"A";"s_local_gamma[5][12][9:8]"
"0x114";5214;"RW";8;0;;
;;;"[7:0]";"A";"s_local_gamma[5][13][7:0]"
"0x115";5215;"RW";2;2;;
;;;"[1:0]";"A";"s_local_gamma[5][13][9:8]"
"0x116";5216;"RW";8;0;;
;;;"[7:0]";"A";"s_local_gamma[5][14][7:0]"
"0x117";5217;"RW";2;2;;
;;;"[1:0]";"A";"s_local_gamma[5][14][9:8]"
"0x118";5218;"RW";8;0;;
;;;"[7:0]";"A";"s_local_gamma[5][15][7:0]"
"0x119";5219;"RW";2;2;;
;;;"[1:0]";"A";"s_local_gamma[5][15][9:8]"
"0x11a";521a;"RW";8;0;;
;;;"[7:0]";"A";"s_local_gamma[5][16][7:0]"
"0x11b";521b;"RW";2;2;;
;;;"[1:0]";"A";"s_local_gamma[5][16][9:8]"
"0x11c";521c;"RW";8;0;;
;;;"[7:0]";"A";"s_local_gamma[5][17][7:0]"
"0x11d";521d;"RW";2;2;;
;;;"[1:0]";"A";"s_local_gamma[5][17][9:8]"
"0x11e";521e;"RW";8;0;;
;;;"[7:0]";"A";"s_local_gamma[5][18][7:0]"
"0x11f";521f;"RW";2;2;;
;;;"[1:0]";"A";"s_local_gamma[5][18][9:8]"
"0x120";5220;"RW";8;0;;
;;;"[7:0]";"A";"s_local_gamma[5][19][7:0]"
"0x121";5221;"RW";2;2;;
;;;"[1:0]";"A";"s_local_gamma[5][19][9:8]"
"0x122";5222;"RW";8;0;;
;;;"[7:0]";"A";"s_local_gamma[5][20][7:0]"
"0x123";5223;"RW";2;2;;
;;;"[1:0]";"A";"s_local_gamma[5][20][9:8]"
"0x124";5224;"RW";8;0;;
;;;"[7:0]";"A";"s_local_gamma[5][21][7:0]"
"0x125";5225;"RW";2;2;;
;;;"[1:0]";"A";"s_local_gamma[5][21][9:8]"
"0x126";5226;"RW";8;0;;
;;;"[7:0]";"A";"s_local_gamma[5][22][7:0]"
"0x127";5227;"RW";2;2;;
;;;"[1:0]";"A";"s_local_gamma[5][22][9:8]"
"0x128";5228;"RW";8;0;;
;;;"[7:0]";"A";"s_local_gamma[5][23][7:0]"
"0x129";5229;"RW";2;2;;
;;;"[1:0]";"A";"s_local_gamma[5][23][9:8]"
"0x12a";522a;"RW";8;0;;
;;;"[7:0]";"A";"s_local_gamma[5][24][7:0]"
"0x12b";522b;"RW";2;2;;
;;;"[1:0]";"A";"s_local_gamma[5][24][9:8]"
"0x12c";522c;"RW";8;0;;
;;;"[7:0]";"A";"s_local_gamma[6][0][7:0]"
"0x12d";522d;"RW";2;2;;
;;;"[1:0]";"A";"s_local_gamma[6][0][9:8]"
"0x12e";522e;"RW";8;0;;
;;;"[7:0]";"A";"s_local_gamma[6][1][7:0]"
"0x12f";522f;"RW";2;2;;
;;;"[1:0]";"A";"s_local_gamma[6][1][9:8]"
"0x130";5230;"RW";8;0;;
;;;"[7:0]";"A";"s_local_gamma[6][2][7:0]"
"0x131";5231;"RW";2;2;;
;;;"[1:0]";"A";"s_local_gamma[6][2][9:8]"
"0x132";5232;"RW";8;0;;
;;;"[7:0]";"A";"s_local_gamma[6][3][7:0]"
"0x133";5233;"RW";2;2;;
;;;"[1:0]";"A";"s_local_gamma[6][3][9:8]"
"0x134";5234;"RW";8;0;;
;;;"[7:0]";"A";"s_local_gamma[6][4][7:0]"
"0x135";5235;"RW";2;2;;
;;;"[1:0]";"A";"s_local_gamma[6][4][9:8]"
"0x136";5236;"RW";8;0;;
;;;"[7:0]";"A";"s_local_gamma[6][5][7:0]"
"0x137";5237;"RW";2;2;;
;;;"[1:0]";"A";"s_local_gamma[6][5][9:8]"
"0x138";5238;"RW";8;0;;
;;;"[7:0]";"A";"s_local_gamma[6][6][7:0]"
"0x139";5239;"RW";2;2;;
;;;"[1:0]";"A";"s_local_gamma[6][6][9:8]"
"0x13a";523a;"RW";8;0;;
;;;"[7:0]";"A";"s_local_gamma[6][7][7:0]"
"0x13b";523b;"RW";2;2;;
;;;"[1:0]";"A";"s_local_gamma[6][7][9:8]"
"0x13c";523c;"RW";8;0;;
;;;"[7:0]";"A";"s_local_gamma[6][8][7:0]"
"0x13d";523d;"RW";2;2;;
;;;"[1:0]";"A";"s_local_gamma[6][8][9:8]"
"0x13e";523e;"RW";8;0;;
;;;"[7:0]";"A";"s_local_gamma[6][9][7:0]"
"0x13f";523f;"RW";2;2;;
;;;"[1:0]";"A";"s_local_gamma[6][9][9:8]"
"0x140";5240;"RW";8;0;;
;;;"[7:0]";"A";"s_local_gamma[6][10][7:0]"
"0x141";5241;"RW";2;2;;
;;;"[1:0]";"A";"s_local_gamma[6][10][9:8]"
"0x142";5242;"RW";8;0;;
;;;"[7:0]";"A";"s_local_gamma[6][11][7:0]"
"0x143";5243;"RW";2;2;;
;;;"[1:0]";"A";"s_local_gamma[6][11][9:8]"
"0x144";5244;"RW";8;0;;
;;;"[7:0]";"A";"s_local_gamma[6][12][7:0]"
"0x145";5245;"RW";2;2;;
;;;"[1:0]";"A";"s_local_gamma[6][12][9:8]"
"0x146";5246;"RW";8;0;;
;;;"[7:0]";"A";"s_local_gamma[6][13][7:0]"
"0x147";5247;"RW";2;2;;
;;;"[1:0]";"A";"s_local_gamma[6][13][9:8]"
"0x148";5248;"RW";8;0;;
;;;"[7:0]";"A";"s_local_gamma[6][14][7:0]"
"0x149";5249;"RW";2;2;;
;;;"[1:0]";"A";"s_local_gamma[6][14][9:8]"
"0x14a";524a;"RW";8;0;;
;;;"[7:0]";"A";"s_local_gamma[6][15][7:0]"
"0x14b";524b;"RW";2;2;;
;;;"[1:0]";"A";"s_local_gamma[6][15][9:8]"
"0x14c";524c;"RW";8;0;;
;;;"[7:0]";"A";"s_local_gamma[6][16][7:0]"
"0x14d";524d;"RW";2;2;;
;;;"[1:0]";"A";"s_local_gamma[6][16][9:8]"
"0x14e";524e;"RW";8;0;;
;;;"[7:0]";"A";"s_local_gamma[6][17][7:0]"
"0x14f";524f;"RW";2;2;;
;;;"[1:0]";"A";"s_local_gamma[6][17][9:8]"
"0x150";5250;"RW";8;0;;
;;;"[7:0]";"A";"s_local_gamma[6][18][7:0]"
"0x151";5251;"RW";2;2;;
;;;"[1:0]";"A";"s_local_gamma[6][18][9:8]"
"0x152";5252;"RW";8;0;;
;;;"[7:0]";"A";"s_local_gamma[6][19][7:0]"
"0x153";5253;"RW";2;2;;
;;;"[1:0]";"A";"s_local_gamma[6][19][9:8]"
"0x154";5254;"RW";8;0;;
;;;"[7:0]";"A";"s_local_gamma[6][20][7:0]"
"0x155";5255;"RW";2;2;;
;;;"[1:0]";"A";"s_local_gamma[6][20][9:8]"
"0x156";5256;"RW";8;0;;
;;;"[7:0]";"A";"s_local_gamma[6][21][7:0]"
"0x157";5257;"RW";2;2;;
;;;"[1:0]";"A";"s_local_gamma[6][21][9:8]"
"0x158";5258;"RW";8;0;;
;;;"[7:0]";"A";"s_local_gamma[6][22][7:0]"
"0x159";5259;"RW";2;2;;
;;;"[1:0]";"A";"s_local_gamma[6][22][9:8]"
"0x15a";525a;"RW";8;0;;
;;;"[7:0]";"A";"s_local_gamma[6][23][7:0]"
"0x15b";525b;"RW";2;2;;
;;;"[1:0]";"A";"s_local_gamma[6][23][9:8]"
"0x15c";525c;"RW";8;0;;
;;;"[7:0]";"A";"s_local_gamma[6][24][7:0]"
"0x15d";525d;"RW";2;2;;
;;;"[1:0]";"A";"s_local_gamma[6][24][9:8]"
"0x15e";525e;"RW";8;0;;
;;;"[7:0]";"A";"s_local_gamma[7][0][7:0]"
"0x15f";525f;"RW";2;2;;
;;;"[1:0]";"A";"s_local_gamma[7][0][9:8]"
"0x160";5260;"RW";8;0;;
;;;"[7:0]";"A";"s_local_gamma[7][1][7:0]"
"0x161";5261;"RW";2;2;;
;;;"[1:0]";"A";"s_local_gamma[7][1][9:8]"
"0x162";5262;"RW";8;0;;
;;;"[7:0]";"A";"s_local_gamma[7][2][7:0]"
"0x163";5263;"RW";2;2;;
;;;"[1:0]";"A";"s_local_gamma[7][2][9:8]"
"0x164";5264;"RW";8;0;;
;;;"[7:0]";"A";"s_local_gamma[7][3][7:0]"
"0x165";5265;"RW";2;2;;
;;;"[1:0]";"A";"s_local_gamma[7][3][9:8]"
"0x166";5266;"RW";8;0;;
;;;"[7:0]";"A";"s_local_gamma[7][4][7:0]"
"0x167";5267;"RW";2;2;;
;;;"[1:0]";"A";"s_local_gamma[7][4][9:8]"
"0x168";5268;"RW";8;0;;
;;;"[7:0]";"A";"s_local_gamma[7][5][7:0]"
"0x169";5269;"RW";2;2;;
;;;"[1:0]";"A";"s_local_gamma[7][5][9:8]"
"0x16a";526a;"RW";8;0;;
;;;"[7:0]";"A";"s_local_gamma[7][6][7:0]"
"0x16b";526b;"RW";2;2;;
;;;"[1:0]";"A";"s_local_gamma[7][6][9:8]"
"0x16c";526c;"RW";8;0;;
;;;"[7:0]";"A";"s_local_gamma[7][7][7:0]"
"0x16d";526d;"RW";2;2;;
;;;"[1:0]";"A";"s_local_gamma[7][7][9:8]"
"0x16e";526e;"RW";8;0;;
;;;"[7:0]";"A";"s_local_gamma[7][8][7:0]"
"0x16f";526f;"RW";2;2;;
;;;"[1:0]";"A";"s_local_gamma[7][8][9:8]"
"0x170";5270;"RW";8;0;;
;;;"[7:0]";"A";"s_local_gamma[7][9][7:0]"
"0x171";5271;"RW";2;2;;
;;;"[1:0]";"A";"s_local_gamma[7][9][9:8]"
"0x172";5272;"RW";8;0;;
;;;"[7:0]";"A";"s_local_gamma[7][10][7:0]"
"0x173";5273;"RW";2;2;;
;;;"[1:0]";"A";"s_local_gamma[7][10][9:8]"
"0x174";5274;"RW";8;0;;
;;;"[7:0]";"A";"s_local_gamma[7][11][7:0]"
"0x175";5275;"RW";2;2;;
;;;"[1:0]";"A";"s_local_gamma[7][11][9:8]"
"0x176";5276;"RW";8;0;;
;;;"[7:0]";"A";"s_local_gamma[7][12][7:0]"
"0x177";5277;"RW";2;2;;
;;;"[1:0]";"A";"s_local_gamma[7][12][9:8]"
"0x178";5278;"RW";8;0;;
;;;"[7:0]";"A";"s_local_gamma[7][13][7:0]"
"0x179";5279;"RW";2;2;;
;;;"[1:0]";"A";"s_local_gamma[7][13][9:8]"
"0x17a";527a;"RW";8;0;;
;;;"[7:0]";"A";"s_local_gamma[7][14][7:0]"
"0x17b";527b;"RW";2;2;;
;;;"[1:0]";"A";"s_local_gamma[7][14][9:8]"
"0x17c";527c;"RW";8;0;;
;;;"[7:0]";"A";"s_local_gamma[7][15][7:0]"
"0x17d";527d;"RW";2;2;;
;;;"[1:0]";"A";"s_local_gamma[7][15][9:8]"
"0x17e";527e;"RW";8;0;;
;;;"[7:0]";"A";"s_local_gamma[7][16][7:0]"
"0x17f";527f;"RW";2;2;;
;;;"[1:0]";"A";"s_local_gamma[7][16][9:8]"
"0x180";5280;"RW";8;0;;
;;;"[7:0]";"A";"s_local_gamma[7][17][7:0]"
"0x181";5281;"RW";2;2;;
;;;"[1:0]";"A";"s_local_gamma[7][17][9:8]"
"0x182";5282;"RW";8;0;;
;;;"[7:0]";"A";"s_local_gamma[7][18][7:0]"
"0x183";5283;"RW";2;2;;
;;;"[1:0]";"A";"s_local_gamma[7][18][9:8]"
"0x184";5284;"RW";8;0;;
;;;"[7:0]";"A";"s_local_gamma[7][19][7:0]"
"0x185";5285;"RW";2;2;;
;;;"[1:0]";"A";"s_local_gamma[7][19][9:8]"
"0x186";5286;"RW";8;0;;
;;;"[7:0]";"A";"s_local_gamma[7][20][7:0]"
"0x187";5287;"RW";2;2;;
;;;"[1:0]";"A";"s_local_gamma[7][20][9:8]"
"0x188";5288;"RW";8;0;;
;;;"[7:0]";"A";"s_local_gamma[7][21][7:0]"
"0x189";5289;"RW";2;2;;
;;;"[1:0]";"A";"s_local_gamma[7][21][9:8]"
"0x18a";528a;"RW";8;0;;
;;;"[7:0]";"A";"s_local_gamma[7][22][7:0]"
"0x18b";528b;"RW";2;2;;
;;;"[1:0]";"A";"s_local_gamma[7][22][9:8]"
"0x18c";528c;"RW";8;0;;
;;;"[7:0]";"A";"s_local_gamma[7][23][7:0]"
"0x18d";528d;"RW";2;2;;
;;;"[1:0]";"A";"s_local_gamma[7][23][9:8]"
"0x18e";528e;"RW";8;0;;
;;;"[7:0]";"A";"s_local_gamma[7][24][7:0]"
"0x18f";528f;"RW";2;2;;
;;;"[1:0]";"A";"s_local_gamma[7][24][9:8]"
"0x190";5290;"RW";8;0;;
;;;"[7:0]";"A";"s_local_gamma[8][0][7:0]"
"0x191";5291;"RW";2;2;;
;;;"[1:0]";"A";"s_local_gamma[8][0][9:8]"
"0x192";5292;"RW";8;0;;
;;;"[7:0]";"A";"s_local_gamma[8][1][7:0]"
"0x193";5293;"RW";2;2;;
;;;"[1:0]";"A";"s_local_gamma[8][1][9:8]"
"0x194";5294;"RW";8;0;;
;;;"[7:0]";"A";"s_local_gamma[8][2][7:0]"
"0x195";5295;"RW";2;2;;
;;;"[1:0]";"A";"s_local_gamma[8][2][9:8]"
"0x196";5296;"RW";8;0;;
;;;"[7:0]";"A";"s_local_gamma[8][3][7:0]"
"0x197";5297;"RW";2;2;;
;;;"[1:0]";"A";"s_local_gamma[8][3][9:8]"
"0x198";5298;"RW";8;0;;
;;;"[7:0]";"A";"s_local_gamma[8][4][7:0]"
"0x199";5299;"RW";2;2;;
;;;"[1:0]";"A";"s_local_gamma[8][4][9:8]"
"0x19a";529a;"RW";8;0;;
;;;"[7:0]";"A";"s_local_gamma[8][5][7:0]"
"0x19b";529b;"RW";2;2;;
;;;"[1:0]";"A";"s_local_gamma[8][5][9:8]"
"0x19c";529c;"RW";8;0;;
;;;"[7:0]";"A";"s_local_gamma[8][6][7:0]"
"0x19d";529d;"RW";2;2;;
;;;"[1:0]";"A";"s_local_gamma[8][6][9:8]"
"0x19e";529e;"RW";8;0;;
;;;"[7:0]";"A";"s_local_gamma[8][7][7:0]"
"0x19f";529f;"RW";2;2;;
;;;"[1:0]";"A";"s_local_gamma[8][7][9:8]"
"0x1a0";52a0;"RW";8;0;;
;;;"[7:0]";"A";"s_local_gamma[8][8][7:0]"
"0x1a1";52a1;"RW";2;2;;
;;;"[1:0]";"A";"s_local_gamma[8][8][9:8]"
"0x1a2";52a2;"RW";8;0;;
;;;"[7:0]";"A";"s_local_gamma[8][9][7:0]"
"0x1a3";52a3;"RW";2;2;;
;;;"[1:0]";"A";"s_local_gamma[8][9][9:8]"
"0x1a4";52a4;"RW";8;0;;
;;;"[7:0]";"A";"s_local_gamma[8][10][7:0]"
"0x1a5";52a5;"RW";2;2;;
;;;"[1:0]";"A";"s_local_gamma[8][10][9:8]"
"0x1a6";52a6;"RW";8;0;;
;;;"[7:0]";"A";"s_local_gamma[8][11][7:0]"
"0x1a7";52a7;"RW";2;2;;
;;;"[1:0]";"A";"s_local_gamma[8][11][9:8]"
"0x1a8";52a8;"RW";8;0;;
;;;"[7:0]";"A";"s_local_gamma[8][12][7:0]"
"0x1a9";52a9;"RW";2;2;;
;;;"[1:0]";"A";"s_local_gamma[8][12][9:8]"
"0x1aa";52aa;"RW";8;0;;
;;;"[7:0]";"A";"s_local_gamma[8][13][7:0]"
"0x1ab";52ab;"RW";2;2;;
;;;"[1:0]";"A";"s_local_gamma[8][13][9:8]"
"0x1ac";52ac;"RW";8;0;;
;;;"[7:0]";"A";"s_local_gamma[8][14][7:0]"
"0x1ad";52ad;"RW";2;2;;
;;;"[1:0]";"A";"s_local_gamma[8][14][9:8]"
"0x1ae";52ae;"RW";8;0;;
;;;"[7:0]";"A";"s_local_gamma[8][15][7:0]"
"0x1af";52af;"RW";2;2;;
;;;"[1:0]";"A";"s_local_gamma[8][15][9:8]"
"0x1b0";52b0;"RW";8;0;;
;;;"[7:0]";"A";"s_local_gamma[8][16][7:0]"
"0x1b1";52b1;"RW";2;2;;
;;;"[1:0]";"A";"s_local_gamma[8][16][9:8]"
"0x1b2";52b2;"RW";8;0;;
;;;"[7:0]";"A";"s_local_gamma[8][17][7:0]"
"0x1b3";52b3;"RW";2;2;;
;;;"[1:0]";"A";"s_local_gamma[8][17][9:8]"
"0x1b4";52b4;"RW";8;0;;
;;;"[7:0]";"A";"s_local_gamma[8][18][7:0]"
"0x1b5";52b5;"RW";2;2;;
;;;"[1:0]";"A";"s_local_gamma[8][18][9:8]"
"0x1b6";52b6;"RW";8;0;;
;;;"[7:0]";"A";"s_local_gamma[8][19][7:0]"
"0x1b7";52b7;"RW";2;2;;
;;;"[1:0]";"A";"s_local_gamma[8][19][9:8]"
"0x1b8";52b8;"RW";8;0;;
;;;"[7:0]";"A";"s_local_gamma[8][20][7:0]"
"0x1b9";52b9;"RW";2;2;;
;;;"[1:0]";"A";"s_local_gamma[8][20][9:8]"
"0x1ba";52ba;"RW";8;0;;
;;;"[7:0]";"A";"s_local_gamma[8][21][7:0]"
"0x1bb";52bb;"RW";2;2;;
;;;"[1:0]";"A";"s_local_gamma[8][21][9:8]"
"0x1bc";52bc;"RW";8;0;;
;;;"[7:0]";"A";"s_local_gamma[8][22][7:0]"
"0x1bd";52bd;"RW";2;2;;
;;;"[1:0]";"A";"s_local_gamma[8][22][9:8]"
"0x1be";52be;"RW";8;0;;
;;;"[7:0]";"A";"s_local_gamma[8][23][7:0]"
"0x1bf";52bf;"RW";2;2;;
;;;"[1:0]";"A";"s_local_gamma[8][23][9:8]"
"0x1c0";52c0;"RW";8;0;;
;;;"[7:0]";"A";"s_local_gamma[8][24][7:0]"
"0x1c1";52c1;"RW";2;2;;
;;;"[1:0]";"A";"s_local_gamma[8][24][9:8]"
"0x1c2";52c2;"RW";8;0;;
;;;"[7:0]";"A";"s_local_gamma[9][0][7:0]"
"0x1c3";52c3;"RW";2;2;;
;;;"[1:0]";"A";"s_local_gamma[9][0][9:8]"
"0x1c4";52c4;"RW";8;0;;
;;;"[7:0]";"A";"s_local_gamma[9][1][7:0]"
"0x1c5";52c5;"RW";2;2;;
;;;"[1:0]";"A";"s_local_gamma[9][1][9:8]"
"0x1c6";52c6;"RW";8;0;;
;;;"[7:0]";"A";"s_local_gamma[9][2][7:0]"
"0x1c7";52c7;"RW";2;2;;
;;;"[1:0]";"A";"s_local_gamma[9][2][9:8]"
"0x1c8";52c8;"RW";8;0;;
;;;"[7:0]";"A";"s_local_gamma[9][3][7:0]"
"0x1c9";52c9;"RW";2;2;;
;;;"[1:0]";"A";"s_local_gamma[9][3][9:8]"
"0x1ca";52ca;"RW";8;0;;
;;;"[7:0]";"A";"s_local_gamma[9][4][7:0]"
"0x1cb";52cb;"RW";2;2;;
;;;"[1:0]";"A";"s_local_gamma[9][4][9:8]"
"0x1cc";52cc;"RW";8;0;;
;;;"[7:0]";"A";"s_local_gamma[9][5][7:0]"
"0x1cd";52cd;"RW";2;2;;
;;;"[1:0]";"A";"s_local_gamma[9][5][9:8]"
"0x1ce";52ce;"RW";8;0;;
;;;"[7:0]";"A";"s_local_gamma[9][6][7:0]"
"0x1cf";52cf;"RW";2;2;;
;;;"[1:0]";"A";"s_local_gamma[9][6][9:8]"
"0x1d0";52d0;"RW";8;0;;
;;;"[7:0]";"A";"s_local_gamma[9][7][7:0]"
"0x1d1";52d1;"RW";2;2;;
;;;"[1:0]";"A";"s_local_gamma[9][7][9:8]"
"0x1d2";52d2;"RW";8;0;;
;;;"[7:0]";"A";"s_local_gamma[9][8][7:0]"
"0x1d3";52d3;"RW";2;2;;
;;;"[1:0]";"A";"s_local_gamma[9][8][9:8]"
"0x1d4";52d4;"RW";8;0;;
;;;"[7:0]";"A";"s_local_gamma[9][9][7:0]"
"0x1d5";52d5;"RW";2;2;;
;;;"[1:0]";"A";"s_local_gamma[9][9][9:8]"
"0x1d6";52d6;"RW";8;0;;
;;;"[7:0]";"A";"s_local_gamma[9][10][7:0]"
"0x1d7";52d7;"RW";2;2;;
;;;"[1:0]";"A";"s_local_gamma[9][10][9:8]"
"0x1d8";52d8;"RW";8;0;;
;;;"[7:0]";"A";"s_local_gamma[9][11][7:0]"
"0x1d9";52d9;"RW";2;2;;
;;;"[1:0]";"A";"s_local_gamma[9][11][9:8]"
"0x1da";52da;"RW";8;0;;
;;;"[7:0]";"A";"s_local_gamma[9][12][7:0]"
"0x1db";52db;"RW";2;2;;
;;;"[1:0]";"A";"s_local_gamma[9][12][9:8]"
"0x1dc";52dc;"RW";8;0;;
;;;"[7:0]";"A";"s_local_gamma[9][13][7:0]"
"0x1dd";52dd;"RW";2;2;;
;;;"[1:0]";"A";"s_local_gamma[9][13][9:8]"
"0x1de";52de;"RW";8;0;;
;;;"[7:0]";"A";"s_local_gamma[9][14][7:0]"
"0x1df";52df;"RW";2;2;;
;;;"[1:0]";"A";"s_local_gamma[9][14][9:8]"
"0x1e0";52e0;"RW";8;0;;
;;;"[7:0]";"A";"s_local_gamma[9][15][7:0]"
"0x1e1";52e1;"RW";2;2;;
;;;"[1:0]";"A";"s_local_gamma[9][15][9:8]"
"0x1e2";52e2;"RW";8;0;;
;;;"[7:0]";"A";"s_local_gamma[9][16][7:0]"
"0x1e3";52e3;"RW";2;2;;
;;;"[1:0]";"A";"s_local_gamma[9][16][9:8]"
"0x1e4";52e4;"RW";8;0;;
;;;"[7:0]";"A";"s_local_gamma[9][17][7:0]"
"0x1e5";52e5;"RW";2;2;;
;;;"[1:0]";"A";"s_local_gamma[9][17][9:8]"
"0x1e6";52e6;"RW";8;0;;
;;;"[7:0]";"A";"s_local_gamma[9][18][7:0]"
"0x1e7";52e7;"RW";2;2;;
;;;"[1:0]";"A";"s_local_gamma[9][18][9:8]"
"0x1e8";52e8;"RW";8;0;;
;;;"[7:0]";"A";"s_local_gamma[9][19][7:0]"
"0x1e9";52e9;"RW";2;2;;
;;;"[1:0]";"A";"s_local_gamma[9][19][9:8]"
"0x1ea";52ea;"RW";8;0;;
;;;"[7:0]";"A";"s_local_gamma[9][20][7:0]"
"0x1eb";52eb;"RW";2;2;;
;;;"[1:0]";"A";"s_local_gamma[9][20][9:8]"
"0x1ec";52ec;"RW";8;0;;
;;;"[7:0]";"A";"s_local_gamma[9][21][7:0]"
"0x1ed";52ed;"RW";2;2;;
;;;"[1:0]";"A";"s_local_gamma[9][21][9:8]"
"0x1ee";52ee;"RW";8;0;;
;;;"[7:0]";"A";"s_local_gamma[9][22][7:0]"
"0x1ef";52ef;"RW";2;2;;
;;;"[1:0]";"A";"s_local_gamma[9][22][9:8]"
"0x1f0";52f0;"RW";8;0;;
;;;"[7:0]";"A";"s_local_gamma[9][23][7:0]"
"0x1f1";52f1;"RW";2;2;;
;;;"[1:0]";"A";"s_local_gamma[9][23][9:8]"
"0x1f2";52f2;"RW";8;0;;
;;;"[7:0]";"A";"s_local_gamma[9][24][7:0]"
"0x1f3";52f3;"RW";2;2;;
;;;"[1:0]";"A";"s_local_gamma[9][24][9:8]"
"0x1f4";52f4;"RW";8;0;;
;;;"[7:0]";"A";"s_local_gamma[10][0][7:0]"
"0x1f5";52f5;"RW";2;2;;
;;;"[1:0]";"A";"s_local_gamma[10][0][9:8]"
"0x1f6";52f6;"RW";8;0;;
;;;"[7:0]";"A";"s_local_gamma[10][1][7:0]"
"0x1f7";52f7;"RW";2;2;;
;;;"[1:0]";"A";"s_local_gamma[10][1][9:8]"
"0x1f8";52f8;"RW";8;0;;
;;;"[7:0]";"A";"s_local_gamma[10][2][7:0]"
"0x1f9";52f9;"RW";2;2;;
;;;"[1:0]";"A";"s_local_gamma[10][2][9:8]"
"0x1fa";52fa;"RW";8;0;;
;;;"[7:0]";"A";"s_local_gamma[10][3][7:0]"
"0x1fb";52fb;"RW";2;2;;
;;;"[1:0]";"A";"s_local_gamma[10][3][9:8]"
"0x1fc";52fc;"RW";8;0;;
;;;"[7:0]";"A";"s_local_gamma[10][4][7:0]"
"0x1fd";52fd;"RW";2;2;;
;;;"[1:0]";"A";"s_local_gamma[10][4][9:8]"
"0x1fe";52fe;"RW";8;0;;
;;;"[7:0]";"A";"s_local_gamma[10][5][7:0]"
"0x1ff";52ff;"RW";2;2;;
;;;"[1:0]";"A";"s_local_gamma[10][5][9:8]"
"0x200";5300;"RW";8;0;;
;;;"[7:0]";"A";"s_local_gamma[10][6][7:0]"
"0x201";5301;"RW";2;2;;
;;;"[1:0]";"A";"s_local_gamma[10][6][9:8]"
"0x202";5302;"RW";8;0;;
;;;"[7:0]";"A";"s_local_gamma[10][7][7:0]"
"0x203";5303;"RW";2;2;;
;;;"[1:0]";"A";"s_local_gamma[10][7][9:8]"
"0x204";5304;"RW";8;0;;
;;;"[7:0]";"A";"s_local_gamma[10][8][7:0]"
"0x205";5305;"RW";2;2;;
;;;"[1:0]";"A";"s_local_gamma[10][8][9:8]"
"0x206";5306;"RW";8;0;;
;;;"[7:0]";"A";"s_local_gamma[10][9][7:0]"
"0x207";5307;"RW";2;2;;
;;;"[1:0]";"A";"s_local_gamma[10][9][9:8]"
"0x208";5308;"RW";8;0;;
;;;"[7:0]";"A";"s_local_gamma[10][10][7:0]"
"0x209";5309;"RW";2;2;;
;;;"[1:0]";"A";"s_local_gamma[10][10][9:8]"
"0x20a";530a;"RW";8;0;;
;;;"[7:0]";"A";"s_local_gamma[10][11][7:0]"
"0x20b";530b;"RW";2;2;;
;;;"[1:0]";"A";"s_local_gamma[10][11][9:8]"
"0x20c";530c;"RW";8;0;;
;;;"[7:0]";"A";"s_local_gamma[10][12][7:0]"
"0x20d";530d;"RW";2;2;;
;;;"[1:0]";"A";"s_local_gamma[10][12][9:8]"
"0x20e";530e;"RW";8;0;;
;;;"[7:0]";"A";"s_local_gamma[10][13][7:0]"
"0x20f";530f;"RW";2;2;;
;;;"[1:0]";"A";"s_local_gamma[10][13][9:8]"
"0x210";5310;"RW";8;0;;
;;;"[7:0]";"A";"s_local_gamma[10][14][7:0]"
"0x211";5311;"RW";2;2;;
;;;"[1:0]";"A";"s_local_gamma[10][14][9:8]"
"0x212";5312;"RW";8;0;;
;;;"[7:0]";"A";"s_local_gamma[10][15][7:0]"
"0x213";5313;"RW";2;2;;
;;;"[1:0]";"A";"s_local_gamma[10][15][9:8]"
"0x214";5314;"RW";8;0;;
;;;"[7:0]";"A";"s_local_gamma[10][16][7:0]"
"0x215";5315;"RW";2;2;;
;;;"[1:0]";"A";"s_local_gamma[10][16][9:8]"
"0x216";5316;"RW";8;0;;
;;;"[7:0]";"A";"s_local_gamma[10][17][7:0]"
"0x217";5317;"RW";2;2;;
;;;"[1:0]";"A";"s_local_gamma[10][17][9:8]"
"0x218";5318;"RW";8;0;;
;;;"[7:0]";"A";"s_local_gamma[10][18][7:0]"
"0x219";5319;"RW";2;2;;
;;;"[1:0]";"A";"s_local_gamma[10][18][9:8]"
"0x21a";531a;"RW";8;0;;
;;;"[7:0]";"A";"s_local_gamma[10][19][7:0]"
"0x21b";531b;"RW";2;2;;
;;;"[1:0]";"A";"s_local_gamma[10][19][9:8]"
"0x21c";531c;"RW";8;0;;
;;;"[7:0]";"A";"s_local_gamma[10][20][7:0]"
"0x21d";531d;"RW";2;2;;
;;;"[1:0]";"A";"s_local_gamma[10][20][9:8]"
"0x21e";531e;"RW";8;0;;
;;;"[7:0]";"A";"s_local_gamma[10][21][7:0]"
"0x21f";531f;"RW";2;2;;
;;;"[1:0]";"A";"s_local_gamma[10][21][9:8]"
"0x220";5320;"RW";8;0;;
;;;"[7:0]";"A";"s_local_gamma[10][22][7:0]"
"0x221";5321;"RW";2;2;;
;;;"[1:0]";"A";"s_local_gamma[10][22][9:8]"
"0x222";5322;"RW";8;0;;
;;;"[7:0]";"A";"s_local_gamma[10][23][7:0]"
"0x223";5323;"RW";2;2;;
;;;"[1:0]";"A";"s_local_gamma[10][23][9:8]"
"0x224";5324;"RW";8;0;;
;;;"[7:0]";"A";"s_local_gamma[10][24][7:0]"
"0x225";5325;"RW";2;2;;
;;;"[1:0]";"A";"s_local_gamma[10][24][9:8]"
"0x226";5326;"RW";8;0;;
;;;"[7:0]";"A";"s_local_gamma[11][0][7:0]"
"0x227";5327;"RW";2;2;;
;;;"[1:0]";"A";"s_local_gamma[11][0][9:8]"
"0x228";5328;"RW";8;0;;
;;;"[7:0]";"A";"s_local_gamma[11][1][7:0]"
"0x229";5329;"RW";2;2;;
;;;"[1:0]";"A";"s_local_gamma[11][1][9:8]"
"0x22a";532a;"RW";8;0;;
;;;"[7:0]";"A";"s_local_gamma[11][2][7:0]"
"0x22b";532b;"RW";2;2;;
;;;"[1:0]";"A";"s_local_gamma[11][2][9:8]"
"0x22c";532c;"RW";8;0;;
;;;"[7:0]";"A";"s_local_gamma[11][3][7:0]"
"0x22d";532d;"RW";2;2;;
;;;"[1:0]";"A";"s_local_gamma[11][3][9:8]"
"0x22e";532e;"RW";8;0;;
;;;"[7:0]";"A";"s_local_gamma[11][4][7:0]"
"0x22f";532f;"RW";2;2;;
;;;"[1:0]";"A";"s_local_gamma[11][4][9:8]"
"0x230";5330;"RW";8;0;;
;;;"[7:0]";"A";"s_local_gamma[11][5][7:0]"
"0x231";5331;"RW";2;2;;
;;;"[1:0]";"A";"s_local_gamma[11][5][9:8]"
"0x232";5332;"RW";8;0;;
;;;"[7:0]";"A";"s_local_gamma[11][6][7:0]"
"0x233";5333;"RW";2;2;;
;;;"[1:0]";"A";"s_local_gamma[11][6][9:8]"
"0x234";5334;"RW";8;0;;
;;;"[7:0]";"A";"s_local_gamma[11][7][7:0]"
"0x235";5335;"RW";2;2;;
;;;"[1:0]";"A";"s_local_gamma[11][7][9:8]"
"0x236";5336;"RW";8;0;;
;;;"[7:0]";"A";"s_local_gamma[11][8][7:0]"
"0x237";5337;"RW";2;2;;
;;;"[1:0]";"A";"s_local_gamma[11][8][9:8]"
"0x238";5338;"RW";8;0;;
;;;"[7:0]";"A";"s_local_gamma[11][9][7:0]"
"0x239";5339;"RW";2;2;;
;;;"[1:0]";"A";"s_local_gamma[11][9][9:8]"
"0x23a";533a;"RW";8;0;;
;;;"[7:0]";"A";"s_local_gamma[11][10][7:0]"
"0x23b";533b;"RW";2;2;;
;;;"[1:0]";"A";"s_local_gamma[11][10][9:8]"
"0x23c";533c;"RW";8;0;;
;;;"[7:0]";"A";"s_local_gamma[11][11][7:0]"
"0x23d";533d;"RW";2;2;;
;;;"[1:0]";"A";"s_local_gamma[11][11][9:8]"
"0x23e";533e;"RW";8;0;;
;;;"[7:0]";"A";"s_local_gamma[11][12][7:0]"
"0x23f";533f;"RW";2;2;;
;;;"[1:0]";"A";"s_local_gamma[11][12][9:8]"
"0x240";5340;"RW";8;0;;
;;;"[7:0]";"A";"s_local_gamma[11][13][7:0]"
"0x241";5341;"RW";2;2;;
;;;"[1:0]";"A";"s_local_gamma[11][13][9:8]"
"0x242";5342;"RW";8;0;;
;;;"[7:0]";"A";"s_local_gamma[11][14][7:0]"
"0x243";5343;"RW";2;2;;
;;;"[1:0]";"A";"s_local_gamma[11][14][9:8]"
"0x244";5344;"RW";8;0;;
;;;"[7:0]";"A";"s_local_gamma[11][15][7:0]"
"0x245";5345;"RW";2;2;;
;;;"[1:0]";"A";"s_local_gamma[11][15][9:8]"
"0x246";5346;"RW";8;0;;
;;;"[7:0]";"A";"s_local_gamma[11][16][7:0]"
"0x247";5347;"RW";2;2;;
;;;"[1:0]";"A";"s_local_gamma[11][16][9:8]"
"0x248";5348;"RW";8;0;;
;;;"[7:0]";"A";"s_local_gamma[11][17][7:0]"
"0x249";5349;"RW";2;2;;
;;;"[1:0]";"A";"s_local_gamma[11][17][9:8]"
"0x24a";534a;"RW";8;0;;
;;;"[7:0]";"A";"s_local_gamma[11][18][7:0]"
"0x24b";534b;"RW";2;2;;
;;;"[1:0]";"A";"s_local_gamma[11][18][9:8]"
"0x24c";534c;"RW";8;0;;
;;;"[7:0]";"A";"s_local_gamma[11][19][7:0]"
"0x24d";534d;"RW";2;2;;
;;;"[1:0]";"A";"s_local_gamma[11][19][9:8]"
"0x24e";534e;"RW";8;0;;
;;;"[7:0]";"A";"s_local_gamma[11][20][7:0]"
"0x24f";534f;"RW";2;2;;
;;;"[1:0]";"A";"s_local_gamma[11][20][9:8]"
"0x250";5350;"RW";8;0;;
;;;"[7:0]";"A";"s_local_gamma[11][21][7:0]"
"0x251";5351;"RW";2;2;;
;;;"[1:0]";"A";"s_local_gamma[11][21][9:8]"
"0x252";5352;"RW";8;0;;
;;;"[7:0]";"A";"s_local_gamma[11][22][7:0]"
"0x253";5353;"RW";2;2;;
;;;"[1:0]";"A";"s_local_gamma[11][22][9:8]"
"0x254";5354;"RW";8;0;;
;;;"[7:0]";"A";"s_local_gamma[11][23][7:0]"
"0x255";5355;"RW";2;2;;
;;;"[1:0]";"A";"s_local_gamma[11][23][9:8]"
"0x256";5356;"RW";8;0;;
;;;"[7:0]";"A";"s_local_gamma[11][24][7:0]"
"0x257";5357;"RW";2;2;;
;;;"[1:0]";"A";"s_local_gamma[11][24][9:8]"
"0x258";5358;"RW";8;0;;
;;;"[7:0]";"A";"s_local_gamma[12][0][7:0]"
"0x259";5359;"RW";2;2;;
;;;"[1:0]";"A";"s_local_gamma[12][0][9:8]"
"0x25a";535a;"RW";8;0;;
;;;"[7:0]";"A";"s_local_gamma[12][1][7:0]"
"0x25b";535b;"RW";2;2;;
;;;"[1:0]";"A";"s_local_gamma[12][1][9:8]"
"0x25c";535c;"RW";8;0;;
;;;"[7:0]";"A";"s_local_gamma[12][2][7:0]"
"0x25d";535d;"RW";2;2;;
;;;"[1:0]";"A";"s_local_gamma[12][2][9:8]"
"0x25e";535e;"RW";8;0;;
;;;"[7:0]";"A";"s_local_gamma[12][3][7:0]"
"0x25f";535f;"RW";2;2;;
;;;"[1:0]";"A";"s_local_gamma[12][3][9:8]"
"0x260";5360;"RW";8;0;;
;;;"[7:0]";"A";"s_local_gamma[12][4][7:0]"
"0x261";5361;"RW";2;2;;
;;;"[1:0]";"A";"s_local_gamma[12][4][9:8]"
"0x262";5362;"RW";8;0;;
;;;"[7:0]";"A";"s_local_gamma[12][5][7:0]"
"0x263";5363;"RW";2;2;;
;;;"[1:0]";"A";"s_local_gamma[12][5][9:8]"
"0x264";5364;"RW";8;0;;
;;;"[7:0]";"A";"s_local_gamma[12][6][7:0]"
"0x265";5365;"RW";2;2;;
;;;"[1:0]";"A";"s_local_gamma[12][6][9:8]"
"0x266";5366;"RW";8;0;;
;;;"[7:0]";"A";"s_local_gamma[12][7][7:0]"
"0x267";5367;"RW";2;2;;
;;;"[1:0]";"A";"s_local_gamma[12][7][9:8]"
"0x268";5368;"RW";8;0;;
;;;"[7:0]";"A";"s_local_gamma[12][8][7:0]"
"0x269";5369;"RW";2;2;;
;;;"[1:0]";"A";"s_local_gamma[12][8][9:8]"
"0x26a";536a;"RW";8;0;;
;;;"[7:0]";"A";"s_local_gamma[12][9][7:0]"
"0x26b";536b;"RW";2;2;;
;;;"[1:0]";"A";"s_local_gamma[12][9][9:8]"
"0x26c";536c;"RW";8;0;;
;;;"[7:0]";"A";"s_local_gamma[12][10][7:0]"
"0x26d";536d;"RW";2;2;;
;;;"[1:0]";"A";"s_local_gamma[12][10][9:8]"
"0x26e";536e;"RW";8;0;;
;;;"[7:0]";"A";"s_local_gamma[12][11][7:0]"
"0x26f";536f;"RW";2;2;;
;;;"[1:0]";"A";"s_local_gamma[12][11][9:8]"
"0x270";5370;"RW";8;0;;
;;;"[7:0]";"A";"s_local_gamma[12][12][7:0]"
"0x271";5371;"RW";2;2;;
;;;"[1:0]";"A";"s_local_gamma[12][12][9:8]"
"0x272";5372;"RW";8;0;;
;;;"[7:0]";"A";"s_local_gamma[12][13][7:0]"
"0x273";5373;"RW";2;2;;
;;;"[1:0]";"A";"s_local_gamma[12][13][9:8]"
"0x274";5374;"RW";8;0;;
;;;"[7:0]";"A";"s_local_gamma[12][14][7:0]"
"0x275";5375;"RW";2;2;;
;;;"[1:0]";"A";"s_local_gamma[12][14][9:8]"
"0x276";5376;"RW";8;0;;
;;;"[7:0]";"A";"s_local_gamma[12][15][7:0]"
"0x277";5377;"RW";2;2;;
;;;"[1:0]";"A";"s_local_gamma[12][15][9:8]"
"0x278";5378;"RW";8;0;;
;;;"[7:0]";"A";"s_local_gamma[12][16][7:0]"
"0x279";5379;"RW";2;2;;
;;;"[1:0]";"A";"s_local_gamma[12][16][9:8]"
"0x27a";537a;"RW";8;0;;
;;;"[7:0]";"A";"s_local_gamma[12][17][7:0]"
"0x27b";537b;"RW";2;2;;
;;;"[1:0]";"A";"s_local_gamma[12][17][9:8]"
"0x27c";537c;"RW";8;0;;
;;;"[7:0]";"A";"s_local_gamma[12][18][7:0]"
"0x27d";537d;"RW";2;2;;
;;;"[1:0]";"A";"s_local_gamma[12][18][9:8]"
"0x27e";537e;"RW";8;0;;
;;;"[7:0]";"A";"s_local_gamma[12][19][7:0]"
"0x27f";537f;"RW";2;2;;
;;;"[1:0]";"A";"s_local_gamma[12][19][9:8]"
"0x280";5380;"RW";8;0;;
;;;"[7:0]";"A";"s_local_gamma[12][20][7:0]"
"0x281";5381;"RW";2;2;;
;;;"[1:0]";"A";"s_local_gamma[12][20][9:8]"
"0x282";5382;"RW";8;0;;
;;;"[7:0]";"A";"s_local_gamma[12][21][7:0]"
"0x283";5383;"RW";2;2;;
;;;"[1:0]";"A";"s_local_gamma[12][21][9:8]"
"0x284";5384;"RW";8;0;;
;;;"[7:0]";"A";"s_local_gamma[12][22][7:0]"
"0x285";5385;"RW";2;2;;
;;;"[1:0]";"A";"s_local_gamma[12][22][9:8]"
"0x286";5386;"RW";8;0;;
;;;"[7:0]";"A";"s_local_gamma[12][23][7:0]"
"0x287";5387;"RW";2;2;;
;;;"[1:0]";"A";"s_local_gamma[12][23][9:8]"
"0x288";5388;"RW";8;0;;
;;;"[7:0]";"A";"s_local_gamma[12][24][7:0]"
"0x289";5389;"RW";2;2;;
;;;"[1:0]";"A";"s_local_gamma[12][24][9:8]"
"0x28a";538a;"RW";8;0;;
;;;"[7:0]";"A";"s_local_gamma[13][0][7:0]"
"0x28b";538b;"RW";2;2;;
;;;"[1:0]";"A";"s_local_gamma[13][0][9:8]"
"0x28c";538c;"RW";8;0;;
;;;"[7:0]";"A";"s_local_gamma[13][1][7:0]"
"0x28d";538d;"RW";2;2;;
;;;"[1:0]";"A";"s_local_gamma[13][1][9:8]"
"0x28e";538e;"RW";8;0;;
;;;"[7:0]";"A";"s_local_gamma[13][2][7:0]"
"0x28f";538f;"RW";2;2;;
;;;"[1:0]";"A";"s_local_gamma[13][2][9:8]"
"0x290";5390;"RW";8;0;;
;;;"[7:0]";"A";"s_local_gamma[13][3][7:0]"
"0x291";5391;"RW";2;2;;
;;;"[1:0]";"A";"s_local_gamma[13][3][9:8]"
"0x292";5392;"RW";8;0;;
;;;"[7:0]";"A";"s_local_gamma[13][4][7:0]"
"0x293";5393;"RW";2;2;;
;;;"[1:0]";"A";"s_local_gamma[13][4][9:8]"
"0x294";5394;"RW";8;0;;
;;;"[7:0]";"A";"s_local_gamma[13][5][7:0]"
"0x295";5395;"RW";2;2;;
;;;"[1:0]";"A";"s_local_gamma[13][5][9:8]"
"0x296";5396;"RW";8;0;;
;;;"[7:0]";"A";"s_local_gamma[13][6][7:0]"
"0x297";5397;"RW";2;2;;
;;;"[1:0]";"A";"s_local_gamma[13][6][9:8]"
"0x298";5398;"RW";8;0;;
;;;"[7:0]";"A";"s_local_gamma[13][7][7:0]"
"0x299";5399;"RW";2;2;;
;;;"[1:0]";"A";"s_local_gamma[13][7][9:8]"
"0x29a";539a;"RW";8;0;;
;;;"[7:0]";"A";"s_local_gamma[13][8][7:0]"
"0x29b";539b;"RW";2;2;;
;;;"[1:0]";"A";"s_local_gamma[13][8][9:8]"
"0x29c";539c;"RW";8;0;;
;;;"[7:0]";"A";"s_local_gamma[13][9][7:0]"
"0x29d";539d;"RW";2;2;;
;;;"[1:0]";"A";"s_local_gamma[13][9][9:8]"
"0x29e";539e;"RW";8;0;;
;;;"[7:0]";"A";"s_local_gamma[13][10][7:0]"
"0x29f";539f;"RW";2;2;;
;;;"[1:0]";"A";"s_local_gamma[13][10][9:8]"
"0x2a0";53a0;"RW";8;0;;
;;;"[7:0]";"A";"s_local_gamma[13][11][7:0]"
"0x2a1";53a1;"RW";2;2;;
;;;"[1:0]";"A";"s_local_gamma[13][11][9:8]"
"0x2a2";53a2;"RW";8;0;;
;;;"[7:0]";"A";"s_local_gamma[13][12][7:0]"
"0x2a3";53a3;"RW";2;2;;
;;;"[1:0]";"A";"s_local_gamma[13][12][9:8]"
"0x2a4";53a4;"RW";8;0;;
;;;"[7:0]";"A";"s_local_gamma[13][13][7:0]"
"0x2a5";53a5;"RW";2;2;;
;;;"[1:0]";"A";"s_local_gamma[13][13][9:8]"
"0x2a6";53a6;"RW";8;0;;
;;;"[7:0]";"A";"s_local_gamma[13][14][7:0]"
"0x2a7";53a7;"RW";2;2;;
;;;"[1:0]";"A";"s_local_gamma[13][14][9:8]"
"0x2a8";53a8;"RW";8;0;;
;;;"[7:0]";"A";"s_local_gamma[13][15][7:0]"
"0x2a9";53a9;"RW";2;2;;
;;;"[1:0]";"A";"s_local_gamma[13][15][9:8]"
"0x2aa";53aa;"RW";8;0;;
;;;"[7:0]";"A";"s_local_gamma[13][16][7:0]"
"0x2ab";53ab;"RW";2;2;;
;;;"[1:0]";"A";"s_local_gamma[13][16][9:8]"
"0x2ac";53ac;"RW";8;0;;
;;;"[7:0]";"A";"s_local_gamma[13][17][7:0]"
"0x2ad";53ad;"RW";2;2;;
;;;"[1:0]";"A";"s_local_gamma[13][17][9:8]"
"0x2ae";53ae;"RW";8;0;;
;;;"[7:0]";"A";"s_local_gamma[13][18][7:0]"
"0x2af";53af;"RW";2;2;;
;;;"[1:0]";"A";"s_local_gamma[13][18][9:8]"
"0x2b0";53b0;"RW";8;0;;
;;;"[7:0]";"A";"s_local_gamma[13][19][7:0]"
"0x2b1";53b1;"RW";2;2;;
;;;"[1:0]";"A";"s_local_gamma[13][19][9:8]"
"0x2b2";53b2;"RW";8;0;;
;;;"[7:0]";"A";"s_local_gamma[13][20][7:0]"
"0x2b3";53b3;"RW";2;2;;
;;;"[1:0]";"A";"s_local_gamma[13][20][9:8]"
"0x2b4";53b4;"RW";8;0;;
;;;"[7:0]";"A";"s_local_gamma[13][21][7:0]"
"0x2b5";53b5;"RW";2;2;;
;;;"[1:0]";"A";"s_local_gamma[13][21][9:8]"
"0x2b6";53b6;"RW";8;0;;
;;;"[7:0]";"A";"s_local_gamma[13][22][7:0]"
"0x2b7";53b7;"RW";2;2;;
;;;"[1:0]";"A";"s_local_gamma[13][22][9:8]"
"0x2b8";53b8;"RW";8;0;;
;;;"[7:0]";"A";"s_local_gamma[13][23][7:0]"
"0x2b9";53b9;"RW";2;2;;
;;;"[1:0]";"A";"s_local_gamma[13][23][9:8]"
"0x2ba";53ba;"RW";8;0;;
;;;"[7:0]";"A";"s_local_gamma[13][24][7:0]"
"0x2bb";53bb;"RW";2;2;;
;;;"[1:0]";"A";"s_local_gamma[13][24][9:8]"
"0x2bc";53bc;"RW";8;0;;
;;;"[7:0]";"A";"s_local_gamma[14][0][7:0]"
"0x2bd";53bd;"RW";2;2;;
;;;"[1:0]";"A";"s_local_gamma[14][0][9:8]"
"0x2be";53be;"RW";8;0;;
;;;"[7:0]";"A";"s_local_gamma[14][1][7:0]"
"0x2bf";53bf;"RW";2;2;;
;;;"[1:0]";"A";"s_local_gamma[14][1][9:8]"
"0x2c0";53c0;"RW";8;0;;
;;;"[7:0]";"A";"s_local_gamma[14][2][7:0]"
"0x2c1";53c1;"RW";2;2;;
;;;"[1:0]";"A";"s_local_gamma[14][2][9:8]"
"0x2c2";53c2;"RW";8;0;;
;;;"[7:0]";"A";"s_local_gamma[14][3][7:0]"
"0x2c3";53c3;"RW";2;2;;
;;;"[1:0]";"A";"s_local_gamma[14][3][9:8]"
"0x2c4";53c4;"RW";8;0;;
;;;"[7:0]";"A";"s_local_gamma[14][4][7:0]"
"0x2c5";53c5;"RW";2;2;;
;;;"[1:0]";"A";"s_local_gamma[14][4][9:8]"
"0x2c6";53c6;"RW";8;0;;
;;;"[7:0]";"A";"s_local_gamma[14][5][7:0]"
"0x2c7";53c7;"RW";2;2;;
;;;"[1:0]";"A";"s_local_gamma[14][5][9:8]"
"0x2c8";53c8;"RW";8;0;;
;;;"[7:0]";"A";"s_local_gamma[14][6][7:0]"
"0x2c9";53c9;"RW";2;2;;
;;;"[1:0]";"A";"s_local_gamma[14][6][9:8]"
"0x2ca";53ca;"RW";8;0;;
;;;"[7:0]";"A";"s_local_gamma[14][7][7:0]"
"0x2cb";53cb;"RW";2;2;;
;;;"[1:0]";"A";"s_local_gamma[14][7][9:8]"
"0x2cc";53cc;"RW";8;0;;
;;;"[7:0]";"A";"s_local_gamma[14][8][7:0]"
"0x2cd";53cd;"RW";2;2;;
;;;"[1:0]";"A";"s_local_gamma[14][8][9:8]"
"0x2ce";53ce;"RW";8;0;;
;;;"[7:0]";"A";"s_local_gamma[14][9][7:0]"
"0x2cf";53cf;"RW";2;2;;
;;;"[1:0]";"A";"s_local_gamma[14][9][9:8]"
"0x2d0";53d0;"RW";8;0;;
;;;"[7:0]";"A";"s_local_gamma[14][10][7:0]"
"0x2d1";53d1;"RW";2;2;;
;;;"[1:0]";"A";"s_local_gamma[14][10][9:8]"
"0x2d2";53d2;"RW";8;0;;
;;;"[7:0]";"A";"s_local_gamma[14][11][7:0]"
"0x2d3";53d3;"RW";2;2;;
;;;"[1:0]";"A";"s_local_gamma[14][11][9:8]"
"0x2d4";53d4;"RW";8;0;;
;;;"[7:0]";"A";"s_local_gamma[14][12][7:0]"
"0x2d5";53d5;"RW";2;2;;
;;;"[1:0]";"A";"s_local_gamma[14][12][9:8]"
"0x2d6";53d6;"RW";8;0;;
;;;"[7:0]";"A";"s_local_gamma[14][13][7:0]"
"0x2d7";53d7;"RW";2;2;;
;;;"[1:0]";"A";"s_local_gamma[14][13][9:8]"
"0x2d8";53d8;"RW";8;0;;
;;;"[7:0]";"A";"s_local_gamma[14][14][7:0]"
"0x2d9";53d9;"RW";2;2;;
;;;"[1:0]";"A";"s_local_gamma[14][14][9:8]"
"0x2da";53da;"RW";8;0;;
;;;"[7:0]";"A";"s_local_gamma[14][15][7:0]"
"0x2db";53db;"RW";2;2;;
;;;"[1:0]";"A";"s_local_gamma[14][15][9:8]"
"0x2dc";53dc;"RW";8;0;;
;;;"[7:0]";"A";"s_local_gamma[14][16][7:0]"
"0x2dd";53dd;"RW";2;2;;
;;;"[1:0]";"A";"s_local_gamma[14][16][9:8]"
"0x2de";53de;"RW";8;0;;
;;;"[7:0]";"A";"s_local_gamma[14][17][7:0]"
"0x2df";53df;"RW";2;2;;
;;;"[1:0]";"A";"s_local_gamma[14][17][9:8]"
"0x2e0";53e0;"RW";8;0;;
;;;"[7:0]";"A";"s_local_gamma[14][18][7:0]"
"0x2e1";53e1;"RW";2;2;;
;;;"[1:0]";"A";"s_local_gamma[14][18][9:8]"
"0x2e2";53e2;"RW";8;0;;
;;;"[7:0]";"A";"s_local_gamma[14][19][7:0]"
"0x2e3";53e3;"RW";2;2;;
;;;"[1:0]";"A";"s_local_gamma[14][19][9:8]"
"0x2e4";53e4;"RW";8;0;;
;;;"[7:0]";"A";"s_local_gamma[14][20][7:0]"
"0x2e5";53e5;"RW";2;2;;
;;;"[1:0]";"A";"s_local_gamma[14][20][9:8]"
"0x2e6";53e6;"RW";8;0;;
;;;"[7:0]";"A";"s_local_gamma[14][21][7:0]"
"0x2e7";53e7;"RW";2;2;;
;;;"[1:0]";"A";"s_local_gamma[14][21][9:8]"
"0x2e8";53e8;"RW";8;0;;
;;;"[7:0]";"A";"s_local_gamma[14][22][7:0]"
"0x2e9";53e9;"RW";2;2;;
;;;"[1:0]";"A";"s_local_gamma[14][22][9:8]"
"0x2ea";53ea;"RW";8;0;;
;;;"[7:0]";"A";"s_local_gamma[14][23][7:0]"
"0x2eb";53eb;"RW";2;2;;
;;;"[1:0]";"A";"s_local_gamma[14][23][9:8]"
"0x2ec";53ec;"RW";8;0;;
;;;"[7:0]";"A";"s_local_gamma[14][24][7:0]"
"0x2ed";53ed;"RW";2;2;;
;;;"[1:0]";"A";"s_local_gamma[14][24][9:8]"
"0x2ee";53ee;"RW";8;0;;
;;;"[7:0]";"A";"s_local_gamma[15][0][7:0]"
"0x2ef";53ef;"RW";2;2;;
;;;"[1:0]";"A";"s_local_gamma[15][0][9:8]"
"0x2f0";53f0;"RW";8;0;;
;;;"[7:0]";"A";"s_local_gamma[15][1][7:0]"
"0x2f1";53f1;"RW";2;2;;
;;;"[1:0]";"A";"s_local_gamma[15][1][9:8]"
"0x2f2";53f2;"RW";8;0;;
;;;"[7:0]";"A";"s_local_gamma[15][2][7:0]"
"0x2f3";53f3;"RW";2;2;;
;;;"[1:0]";"A";"s_local_gamma[15][2][9:8]"
"0x2f4";53f4;"RW";8;0;;
;;;"[7:0]";"A";"s_local_gamma[15][3][7:0]"
"0x2f5";53f5;"RW";2;2;;
;;;"[1:0]";"A";"s_local_gamma[15][3][9:8]"
"0x2f6";53f6;"RW";8;0;;
;;;"[7:0]";"A";"s_local_gamma[15][4][7:0]"
"0x2f7";53f7;"RW";2;2;;
;;;"[1:0]";"A";"s_local_gamma[15][4][9:8]"
"0x2f8";53f8;"RW";8;0;;
;;;"[7:0]";"A";"s_local_gamma[15][5][7:0]"
"0x2f9";53f9;"RW";2;2;;
;;;"[1:0]";"A";"s_local_gamma[15][5][9:8]"
"0x2fa";53fa;"RW";8;0;;
;;;"[7:0]";"A";"s_local_gamma[15][6][7:0]"
"0x2fb";53fb;"RW";2;2;;
;;;"[1:0]";"A";"s_local_gamma[15][6][9:8]"
"0x2fc";53fc;"RW";8;0;;
;;;"[7:0]";"A";"s_local_gamma[15][7][7:0]"
"0x2fd";53fd;"RW";2;2;;
;;;"[1:0]";"A";"s_local_gamma[15][7][9:8]"
"0x2fe";53fe;"RW";8;0;;
;;;"[7:0]";"A";"s_local_gamma[15][8][7:0]"
"0x2ff";53ff;"RW";2;2;;
;;;"[1:0]";"A";"s_local_gamma[15][8][9:8]"
"0x300";5400;"RW";8;0;;
;;;"[7:0]";"A";"s_local_gamma[15][9][7:0]"
"0x301";5401;"RW";2;2;;
;;;"[1:0]";"A";"s_local_gamma[15][9][9:8]"
"0x302";5402;"RW";8;0;;
;;;"[7:0]";"A";"s_local_gamma[15][10][7:0]"
"0x303";5403;"RW";2;2;;
;;;"[1:0]";"A";"s_local_gamma[15][10][9:8]"
"0x304";5404;"RW";8;0;;
;;;"[7:0]";"A";"s_local_gamma[15][11][7:0]"
"0x305";5405;"RW";2;2;;
;;;"[1:0]";"A";"s_local_gamma[15][11][9:8]"
"0x306";5406;"RW";8;0;;
;;;"[7:0]";"A";"s_local_gamma[15][12][7:0]"
"0x307";5407;"RW";2;2;;
;;;"[1:0]";"A";"s_local_gamma[15][12][9:8]"
"0x308";5408;"RW";8;0;;
;;;"[7:0]";"A";"s_local_gamma[15][13][7:0]"
"0x309";5409;"RW";2;2;;
;;;"[1:0]";"A";"s_local_gamma[15][13][9:8]"
"0x30a";540a;"RW";8;0;;
;;;"[7:0]";"A";"s_local_gamma[15][14][7:0]"
"0x30b";540b;"RW";2;2;;
;;;"[1:0]";"A";"s_local_gamma[15][14][9:8]"
"0x30c";540c;"RW";8;0;;
;;;"[7:0]";"A";"s_local_gamma[15][15][7:0]"
"0x30d";540d;"RW";2;2;;
;;;"[1:0]";"A";"s_local_gamma[15][15][9:8]"
"0x30e";540e;"RW";8;0;;
;;;"[7:0]";"A";"s_local_gamma[15][16][7:0]"
"0x30f";540f;"RW";2;2;;
;;;"[1:0]";"A";"s_local_gamma[15][16][9:8]"
"0x310";5410;"RW";8;0;;
;;;"[7:0]";"A";"s_local_gamma[15][17][7:0]"
"0x311";5411;"RW";2;2;;
;;;"[1:0]";"A";"s_local_gamma[15][17][9:8]"
"0x312";5412;"RW";8;0;;
;;;"[7:0]";"A";"s_local_gamma[15][18][7:0]"
"0x313";5413;"RW";2;2;;
;;;"[1:0]";"A";"s_local_gamma[15][18][9:8]"
"0x314";5414;"RW";8;0;;
;;;"[7:0]";"A";"s_local_gamma[15][19][7:0]"
"0x315";5415;"RW";2;2;;
;;;"[1:0]";"A";"s_local_gamma[15][19][9:8]"
"0x316";5416;"RW";8;0;;
;;;"[7:0]";"A";"s_local_gamma[15][20][7:0]"
"0x317";5417;"RW";2;2;;
;;;"[1:0]";"A";"s_local_gamma[15][20][9:8]"
"0x318";5418;"RW";8;0;;
;;;"[7:0]";"A";"s_local_gamma[15][21][7:0]"
"0x319";5419;"RW";2;2;;
;;;"[1:0]";"A";"s_local_gamma[15][21][9:8]"
"0x31a";541a;"RW";8;0;;
;;;"[7:0]";"A";"s_local_gamma[15][22][7:0]"
"0x31b";541b;"RW";2;2;;
;;;"[1:0]";"A";"s_local_gamma[15][22][9:8]"
"0x31c";541c;"RW";8;0;;
;;;"[7:0]";"A";"s_local_gamma[15][23][7:0]"
"0x31d";541d;"RW";2;2;;
;;;"[1:0]";"A";"s_local_gamma[15][23][9:8]"
"0x31e";541e;"RW";8;0;;
;;;"[7:0]";"A";"s_local_gamma[15][24][7:0]"
"0x31f";541f;"RW";2;2;;
;;;"[1:0]";"A";"s_local_gamma[15][24][9:8]"
"0x320";5420;"RW";8;0;;
;;;"[7:0]";"A";"s_local_gamma[16][0][7:0]"
"0x321";5421;"RW";2;2;;
;;;"[1:0]";"A";"s_local_gamma[16][0][9:8]"
"0x322";5422;"RW";8;0;;
;;;"[7:0]";"A";"s_local_gamma[16][1][7:0]"
"0x323";5423;"RW";2;2;;
;;;"[1:0]";"A";"s_local_gamma[16][1][9:8]"
"0x324";5424;"RW";8;0;;
;;;"[7:0]";"A";"s_local_gamma[16][2][7:0]"
"0x325";5425;"RW";2;2;;
;;;"[1:0]";"A";"s_local_gamma[16][2][9:8]"
"0x326";5426;"RW";8;0;;
;;;"[7:0]";"A";"s_local_gamma[16][3][7:0]"
"0x327";5427;"RW";2;2;;
;;;"[1:0]";"A";"s_local_gamma[16][3][9:8]"
"0x328";5428;"RW";8;0;;
;;;"[7:0]";"A";"s_local_gamma[16][4][7:0]"
"0x329";5429;"RW";2;2;;
;;;"[1:0]";"A";"s_local_gamma[16][4][9:8]"
"0x32a";542a;"RW";8;0;;
;;;"[7:0]";"A";"s_local_gamma[16][5][7:0]"
"0x32b";542b;"RW";2;2;;
;;;"[1:0]";"A";"s_local_gamma[16][5][9:8]"
"0x32c";542c;"RW";8;0;;
;;;"[7:0]";"A";"s_local_gamma[16][6][7:0]"
"0x32d";542d;"RW";2;2;;
;;;"[1:0]";"A";"s_local_gamma[16][6][9:8]"
"0x32e";542e;"RW";8;0;;
;;;"[7:0]";"A";"s_local_gamma[16][7][7:0]"
"0x32f";542f;"RW";2;2;;
;;;"[1:0]";"A";"s_local_gamma[16][7][9:8]"
"0x330";5430;"RW";8;0;;
;;;"[7:0]";"A";"s_local_gamma[16][8][7:0]"
"0x331";5431;"RW";2;2;;
;;;"[1:0]";"A";"s_local_gamma[16][8][9:8]"
"0x332";5432;"RW";8;0;;
;;;"[7:0]";"A";"s_local_gamma[16][9][7:0]"
"0x333";5433;"RW";2;2;;
;;;"[1:0]";"A";"s_local_gamma[16][9][9:8]"
"0x334";5434;"RW";8;0;;
;;;"[7:0]";"A";"s_local_gamma[16][10][7:0]"
"0x335";5435;"RW";2;2;;
;;;"[1:0]";"A";"s_local_gamma[16][10][9:8]"
"0x336";5436;"RW";8;0;;
;;;"[7:0]";"A";"s_local_gamma[16][11][7:0]"
"0x337";5437;"RW";2;2;;
;;;"[1:0]";"A";"s_local_gamma[16][11][9:8]"
"0x338";5438;"RW";8;0;;
;;;"[7:0]";"A";"s_local_gamma[16][12][7:0]"
"0x339";5439;"RW";2;2;;
;;;"[1:0]";"A";"s_local_gamma[16][12][9:8]"
"0x33a";543a;"RW";8;0;;
;;;"[7:0]";"A";"s_local_gamma[16][13][7:0]"
"0x33b";543b;"RW";2;2;;
;;;"[1:0]";"A";"s_local_gamma[16][13][9:8]"
"0x33c";543c;"RW";8;0;;
;;;"[7:0]";"A";"s_local_gamma[16][14][7:0]"
"0x33d";543d;"RW";2;2;;
;;;"[1:0]";"A";"s_local_gamma[16][14][9:8]"
"0x33e";543e;"RW";8;0;;
;;;"[7:0]";"A";"s_local_gamma[16][15][7:0]"
"0x33f";543f;"RW";2;2;;
;;;"[1:0]";"A";"s_local_gamma[16][15][9:8]"
"0x340";5440;"RW";8;0;;
;;;"[7:0]";"A";"s_local_gamma[16][16][7:0]"
"0x341";5441;"RW";2;2;;
;;;"[1:0]";"A";"s_local_gamma[16][16][9:8]"
"0x342";5442;"RW";8;0;;
;;;"[7:0]";"A";"s_local_gamma[16][17][7:0]"
"0x343";5443;"RW";2;2;;
;;;"[1:0]";"A";"s_local_gamma[16][17][9:8]"
"0x344";5444;"RW";8;0;;
;;;"[7:0]";"A";"s_local_gamma[16][18][7:0]"
"0x345";5445;"RW";2;2;;
;;;"[1:0]";"A";"s_local_gamma[16][18][9:8]"
"0x346";5446;"RW";8;0;;
;;;"[7:0]";"A";"s_local_gamma[16][19][7:0]"
"0x347";5447;"RW";2;2;;
;;;"[1:0]";"A";"s_local_gamma[16][19][9:8]"
"0x348";5448;"RW";8;0;;
;;;"[7:0]";"A";"s_local_gamma[16][20][7:0]"
"0x349";5449;"RW";2;2;;
;;;"[1:0]";"A";"s_local_gamma[16][20][9:8]"
"0x34a";544a;"RW";8;0;;
;;;"[7:0]";"A";"s_local_gamma[16][21][7:0]"
"0x34b";544b;"RW";2;2;;
;;;"[1:0]";"A";"s_local_gamma[16][21][9:8]"
"0x34c";544c;"RW";8;0;;
;;;"[7:0]";"A";"s_local_gamma[16][22][7:0]"
"0x34d";544d;"RW";2;2;;
;;;"[1:0]";"A";"s_local_gamma[16][22][9:8]"
"0x34e";544e;"RW";8;0;;
;;;"[7:0]";"A";"s_local_gamma[16][23][7:0]"
"0x34f";544f;"RW";2;2;;
;;;"[1:0]";"A";"s_local_gamma[16][23][9:8]"
"0x350";5450;"RW";8;0;;
;;;"[7:0]";"A";"s_local_gamma[16][24][7:0]"
"0x351";5451;"RW";2;2;;
;;;"[1:0]";"A";"s_local_gamma[16][24][9:8]"
"0x352";5452;"RW";8;0;;
;;;"[7:0]";"A";"s_local_gamma[17][0][7:0]"
"0x353";5453;"RW";2;2;;
;;;"[1:0]";"A";"s_local_gamma[17][0][9:8]"
"0x354";5454;"RW";8;0;;
;;;"[7:0]";"A";"s_local_gamma[17][1][7:0]"
"0x355";5455;"RW";2;2;;
;;;"[1:0]";"A";"s_local_gamma[17][1][9:8]"
"0x356";5456;"RW";8;0;;
;;;"[7:0]";"A";"s_local_gamma[17][2][7:0]"
"0x357";5457;"RW";2;2;;
;;;"[1:0]";"A";"s_local_gamma[17][2][9:8]"
"0x358";5458;"RW";8;0;;
;;;"[7:0]";"A";"s_local_gamma[17][3][7:0]"
"0x359";5459;"RW";2;2;;
;;;"[1:0]";"A";"s_local_gamma[17][3][9:8]"
"0x35a";545a;"RW";8;0;;
;;;"[7:0]";"A";"s_local_gamma[17][4][7:0]"
"0x35b";545b;"RW";2;2;;
;;;"[1:0]";"A";"s_local_gamma[17][4][9:8]"
"0x35c";545c;"RW";8;0;;
;;;"[7:0]";"A";"s_local_gamma[17][5][7:0]"
"0x35d";545d;"RW";2;2;;
;;;"[1:0]";"A";"s_local_gamma[17][5][9:8]"
"0x35e";545e;"RW";8;0;;
;;;"[7:0]";"A";"s_local_gamma[17][6][7:0]"
"0x35f";545f;"RW";2;2;;
;;;"[1:0]";"A";"s_local_gamma[17][6][9:8]"
"0x360";5460;"RW";8;0;;
;;;"[7:0]";"A";"s_local_gamma[17][7][7:0]"
"0x361";5461;"RW";2;2;;
;;;"[1:0]";"A";"s_local_gamma[17][7][9:8]"
"0x362";5462;"RW";8;0;;
;;;"[7:0]";"A";"s_local_gamma[17][8][7:0]"
"0x363";5463;"RW";2;2;;
;;;"[1:0]";"A";"s_local_gamma[17][8][9:8]"
"0x364";5464;"RW";8;0;;
;;;"[7:0]";"A";"s_local_gamma[17][9][7:0]"
"0x365";5465;"RW";2;2;;
;;;"[1:0]";"A";"s_local_gamma[17][9][9:8]"
"0x366";5466;"RW";8;0;;
;;;"[7:0]";"A";"s_local_gamma[17][10][7:0]"
"0x367";5467;"RW";2;2;;
;;;"[1:0]";"A";"s_local_gamma[17][10][9:8]"
"0x368";5468;"RW";8;0;;
;;;"[7:0]";"A";"s_local_gamma[17][11][7:0]"
"0x369";5469;"RW";2;2;;
;;;"[1:0]";"A";"s_local_gamma[17][11][9:8]"
"0x36a";546a;"RW";8;0;;
;;;"[7:0]";"A";"s_local_gamma[17][12][7:0]"
"0x36b";546b;"RW";2;2;;
;;;"[1:0]";"A";"s_local_gamma[17][12][9:8]"
"0x36c";546c;"RW";8;0;;
;;;"[7:0]";"A";"s_local_gamma[17][13][7:0]"
"0x36d";546d;"RW";2;2;;
;;;"[1:0]";"A";"s_local_gamma[17][13][9:8]"
"0x36e";546e;"RW";8;0;;
;;;"[7:0]";"A";"s_local_gamma[17][14][7:0]"
"0x36f";546f;"RW";2;2;;
;;;"[1:0]";"A";"s_local_gamma[17][14][9:8]"
"0x370";5470;"RW";8;0;;
;;;"[7:0]";"A";"s_local_gamma[17][15][7:0]"
"0x371";5471;"RW";2;2;;
;;;"[1:0]";"A";"s_local_gamma[17][15][9:8]"
"0x372";5472;"RW";8;0;;
;;;"[7:0]";"A";"s_local_gamma[17][16][7:0]"
"0x373";5473;"RW";2;2;;
;;;"[1:0]";"A";"s_local_gamma[17][16][9:8]"
"0x374";5474;"RW";8;0;;
;;;"[7:0]";"A";"s_local_gamma[17][17][7:0]"
"0x375";5475;"RW";2;2;;
;;;"[1:0]";"A";"s_local_gamma[17][17][9:8]"
"0x376";5476;"RW";8;0;;
;;;"[7:0]";"A";"s_local_gamma[17][18][7:0]"
"0x377";5477;"RW";2;2;;
;;;"[1:0]";"A";"s_local_gamma[17][18][9:8]"
"0x378";5478;"RW";8;0;;
;;;"[7:0]";"A";"s_local_gamma[17][19][7:0]"
"0x379";5479;"RW";2;2;;
;;;"[1:0]";"A";"s_local_gamma[17][19][9:8]"
"0x37a";547a;"RW";8;0;;
;;;"[7:0]";"A";"s_local_gamma[17][20][7:0]"
"0x37b";547b;"RW";2;2;;
;;;"[1:0]";"A";"s_local_gamma[17][20][9:8]"
"0x37c";547c;"RW";8;0;;
;;;"[7:0]";"A";"s_local_gamma[17][21][7:0]"
"0x37d";547d;"RW";2;2;;
;;;"[1:0]";"A";"s_local_gamma[17][21][9:8]"
"0x37e";547e;"RW";8;0;;
;;;"[7:0]";"A";"s_local_gamma[17][22][7:0]"
"0x37f";547f;"RW";2;2;;
;;;"[1:0]";"A";"s_local_gamma[17][22][9:8]"
"0x380";5480;"RW";8;0;;
;;;"[7:0]";"A";"s_local_gamma[17][23][7:0]"
"0x381";5481;"RW";2;2;;
;;;"[1:0]";"A";"s_local_gamma[17][23][9:8]"
"0x382";5482;"RW";8;0;;
;;;"[7:0]";"A";"s_local_gamma[17][24][7:0]"
"0x383";5483;"RW";2;2;;
;;;"[1:0]";"A";"s_local_gamma[17][24][9:8]"
"0x384";5484;"RW";8;0;;
;;;"[7:0]";"A";"s_local_gamma[18][0][7:0]"
"0x385";5485;"RW";2;2;;
;;;"[1:0]";"A";"s_local_gamma[18][0][9:8]"
"0x386";5486;"RW";8;0;;
;;;"[7:0]";"A";"s_local_gamma[18][1][7:0]"
"0x387";5487;"RW";2;2;;
;;;"[1:0]";"A";"s_local_gamma[18][1][9:8]"
"0x388";5488;"RW";8;0;;
;;;"[7:0]";"A";"s_local_gamma[18][2][7:0]"
"0x389";5489;"RW";2;2;;
;;;"[1:0]";"A";"s_local_gamma[18][2][9:8]"
"0x38a";548a;"RW";8;0;;
;;;"[7:0]";"A";"s_local_gamma[18][3][7:0]"
"0x38b";548b;"RW";2;2;;
;;;"[1:0]";"A";"s_local_gamma[18][3][9:8]"
"0x38c";548c;"RW";8;0;;
;;;"[7:0]";"A";"s_local_gamma[18][4][7:0]"
"0x38d";548d;"RW";2;2;;
;;;"[1:0]";"A";"s_local_gamma[18][4][9:8]"
"0x38e";548e;"RW";8;0;;
;;;"[7:0]";"A";"s_local_gamma[18][5][7:0]"
"0x38f";548f;"RW";2;2;;
;;;"[1:0]";"A";"s_local_gamma[18][5][9:8]"
"0x390";5490;"RW";8;0;;
;;;"[7:0]";"A";"s_local_gamma[18][6][7:0]"
"0x391";5491;"RW";2;2;;
;;;"[1:0]";"A";"s_local_gamma[18][6][9:8]"
"0x392";5492;"RW";8;0;;
;;;"[7:0]";"A";"s_local_gamma[18][7][7:0]"
"0x393";5493;"RW";2;2;;
;;;"[1:0]";"A";"s_local_gamma[18][7][9:8]"
"0x394";5494;"RW";8;0;;
;;;"[7:0]";"A";"s_local_gamma[18][8][7:0]"
"0x395";5495;"RW";2;2;;
;;;"[1:0]";"A";"s_local_gamma[18][8][9:8]"
"0x396";5496;"RW";8;0;;
;;;"[7:0]";"A";"s_local_gamma[18][9][7:0]"
"0x397";5497;"RW";2;2;;
;;;"[1:0]";"A";"s_local_gamma[18][9][9:8]"
"0x398";5498;"RW";8;0;;
;;;"[7:0]";"A";"s_local_gamma[18][10][7:0]"
"0x399";5499;"RW";2;2;;
;;;"[1:0]";"A";"s_local_gamma[18][10][9:8]"
"0x39a";549a;"RW";8;0;;
;;;"[7:0]";"A";"s_local_gamma[18][11][7:0]"
"0x39b";549b;"RW";2;2;;
;;;"[1:0]";"A";"s_local_gamma[18][11][9:8]"
"0x39c";549c;"RW";8;0;;
;;;"[7:0]";"A";"s_local_gamma[18][12][7:0]"
"0x39d";549d;"RW";2;2;;
;;;"[1:0]";"A";"s_local_gamma[18][12][9:8]"
"0x39e";549e;"RW";8;0;;
;;;"[7:0]";"A";"s_local_gamma[18][13][7:0]"
"0x39f";549f;"RW";2;2;;
;;;"[1:0]";"A";"s_local_gamma[18][13][9:8]"
"0x3a0";54a0;"RW";8;0;;
;;;"[7:0]";"A";"s_local_gamma[18][14][7:0]"
"0x3a1";54a1;"RW";2;2;;
;;;"[1:0]";"A";"s_local_gamma[18][14][9:8]"
"0x3a2";54a2;"RW";8;0;;
;;;"[7:0]";"A";"s_local_gamma[18][15][7:0]"
"0x3a3";54a3;"RW";2;2;;
;;;"[1:0]";"A";"s_local_gamma[18][15][9:8]"
"0x3a4";54a4;"RW";8;0;;
;;;"[7:0]";"A";"s_local_gamma[18][16][7:0]"
"0x3a5";54a5;"RW";2;2;;
;;;"[1:0]";"A";"s_local_gamma[18][16][9:8]"
"0x3a6";54a6;"RW";8;0;;
;;;"[7:0]";"A";"s_local_gamma[18][17][7:0]"
"0x3a7";54a7;"RW";2;2;;
;;;"[1:0]";"A";"s_local_gamma[18][17][9:8]"
"0x3a8";54a8;"RW";8;0;;
;;;"[7:0]";"A";"s_local_gamma[18][18][7:0]"
"0x3a9";54a9;"RW";2;2;;
;;;"[1:0]";"A";"s_local_gamma[18][18][9:8]"
"0x3aa";54aa;"RW";8;0;;
;;;"[7:0]";"A";"s_local_gamma[18][19][7:0]"
"0x3ab";54ab;"RW";2;2;;
;;;"[1:0]";"A";"s_local_gamma[18][19][9:8]"
"0x3ac";54ac;"RW";8;0;;
;;;"[7:0]";"A";"s_local_gamma[18][20][7:0]"
"0x3ad";54ad;"RW";2;2;;
;;;"[1:0]";"A";"s_local_gamma[18][20][9:8]"
"0x3ae";54ae;"RW";8;0;;
;;;"[7:0]";"A";"s_local_gamma[18][21][7:0]"
"0x3af";54af;"RW";2;2;;
;;;"[1:0]";"A";"s_local_gamma[18][21][9:8]"
"0x3b0";54b0;"RW";8;0;;
;;;"[7:0]";"A";"s_local_gamma[18][22][7:0]"
"0x3b1";54b1;"RW";2;2;;
;;;"[1:0]";"A";"s_local_gamma[18][22][9:8]"
"0x3b2";54b2;"RW";8;0;;
;;;"[7:0]";"A";"s_local_gamma[18][23][7:0]"
"0x3b3";54b3;"RW";2;2;;
;;;"[1:0]";"A";"s_local_gamma[18][23][9:8]"
"0x3b4";54b4;"RW";8;0;;
;;;"[7:0]";"A";"s_local_gamma[18][24][7:0]"
"0x3b5";54b5;"RW";2;2;;
;;;"[1:0]";"A";"s_local_gamma[18][24][9:8]"
"0x960";5a60;"RO";8;0;;
;;;"[7:0]";"";"s_hist[0][7:0]"
"0x961";5a61;"RO";8;4;;
;;;"[7:0]";"";"s_hist[0][15:8]"
"0x962";5a62;"RO";8;0;;
;;;"[7:0]";"";"s_hist[0][23:16]"
"0x964";5a64;"RO";8;0;;
;;;"[7:0]";"";"s_hist[1][7:0]"
"0x965";5a65;"RO";8;4;;
;;;"[7:0]";"";"s_hist[1][15:8]"
"0x966";5a66;"RO";8;0;;
;;;"[7:0]";"";"s_hist[1][23:16]"
"0x968";5a68;"RO";8;0;;
;;;"[7:0]";"";"s_hist[2][7:0]"
"0x969";5a69;"RO";8;4;;
;;;"[7:0]";"";"s_hist[2][15:8]"
"0x96a";5a6a;"RO";8;0;;
;;;"[7:0]";"";"s_hist[2][23:16]"
"0x96c";5a6c;"RO";8;0;;
;;;"[7:0]";"";"s_hist[3][7:0]"
"0x96d";5a6d;"RO";8;4;;
;;;"[7:0]";"";"s_hist[3][15:8]"
"0x96e";5a6e;"RO";8;0;;
;;;"[7:0]";"";"s_hist[3][23:16]"
"0x970";5a70;"RO";8;0;;
;;;"[7:0]";"";"s_hist[4][7:0]"
"0x971";5a71;"RO";8;4;;
;;;"[7:0]";"";"s_hist[4][15:8]"
"0x972";5a72;"RO";8;0;;
;;;"[7:0]";"";"s_hist[4][23:16]"
"0x974";5a74;"RO";8;0;;
;;;"[7:0]";"";"s_hist[5][7:0]"
"0x975";5a75;"RO";8;4;;
;;;"[7:0]";"";"s_hist[5][15:8]"
"0x976";5a76;"RO";8;0;;
;;;"[7:0]";"";"s_hist[5][23:16]"
"0x978";5a78;"RO";8;0;;
;;;"[7:0]";"";"s_hist[6][7:0]"
"0x979";5a79;"RO";8;4;;
;;;"[7:0]";"";"s_hist[6][15:8]"
"0x97a";5a7a;"RO";8;0;;
;;;"[7:0]";"";"s_hist[6][23:16]"
"0x97c";5a7c;"RO";8;0;;
;;;"[7:0]";"";"s_hist[7][7:0]"
"0x97d";5a7d;"RO";8;4;;
;;;"[7:0]";"";"s_hist[7][15:8]"
"0x97e";5a7e;"RO";8;0;;
;;;"[7:0]";"";"s_hist[7][23:16]"
"0x980";5a80;"RO";8;0;;
;;;"[7:0]";"";"s_hist[8][7:0]"
"0x981";5a81;"RO";8;4;;
;;;"[7:0]";"";"s_hist[8][15:8]"
"0x982";5a82;"RO";8;0;;
;;;"[7:0]";"";"s_hist[8][23:16]"
"0x984";5a84;"RO";8;0;;
;;;"[7:0]";"";"s_hist[9][7:0]"
"0x985";5a85;"RO";8;4;;
;;;"[7:0]";"";"s_hist[9][15:8]"
"0x986";5a86;"RO";8;0;;
;;;"[7:0]";"";"s_hist[9][23:16]"
"0x988";5a88;"RO";8;0;;
;;;"[7:0]";"";"s_hist[10][7:0]"
"0x989";5a89;"RO";8;4;;
;;;"[7:0]";"";"s_hist[10][15:8]"
"0x98a";5a8a;"RO";8;0;;
;;;"[7:0]";"";"s_hist[10][23:16]"
"0x98c";5a8c;"RO";8;0;;
;;;"[7:0]";"";"s_hist[11][7:0]"
"0x98d";5a8d;"RO";8;4;;
;;;"[7:0]";"";"s_hist[11][15:8]"
"0x98e";5a8e;"RO";8;0;;
;;;"[7:0]";"";"s_hist[11][23:16]"
"0x990";5a90;"RO";8;0;;
;;;"[7:0]";"";"s_hist[12][7:0]"
"0x991";5a91;"RO";8;4;;
;;;"[7:0]";"";"s_hist[12][15:8]"
"0x992";5a92;"RO";8;0;;
;;;"[7:0]";"";"s_hist[12][23:16]"
"0x994";5a94;"RO";8;0;;
;;;"[7:0]";"";"s_hist[13][7:0]"
"0x995";5a95;"RO";8;4;;
;;;"[7:0]";"";"s_hist[13][15:8]"
"0x996";5a96;"RO";8;0;;
;;;"[7:0]";"";"s_hist[13][23:16]"
"0x998";5a98;"RO";8;0;;
;;;"[7:0]";"";"s_hist[14][7:0]"
"0x999";5a99;"RO";8;4;;
;;;"[7:0]";"";"s_hist[14][15:8]"
"0x99a";5a9a;"RO";8;0;;
;;;"[7:0]";"";"s_hist[14][23:16]"
"0x99c";5a9c;"RO";8;0;;
;;;"[7:0]";"";"s_hist[15][7:0]"
"0x99d";5a9d;"RO";8;4;;
;;;"[7:0]";"";"s_hist[15][15:8]"
"0x99e";5a9e;"RO";8;0;;
;;;"[7:0]";"";"s_hist[15][23:16]"
"0x9a0";5aa0;"RO";8;0;;
;;;"[7:0]";"";"s_hist[16][7:0]"
"0x9a1";5aa1;"RO";8;4;;
;;;"[7:0]";"";"s_hist[16][15:8]"
"0x9a2";5aa2;"RO";8;0;;
;;;"[7:0]";"";"s_hist[16][23:16]"
"0x9a4";5aa4;"RO";8;0;;
;;;"[7:0]";"";"s_hist[17][7:0]"
"0x9a5";5aa5;"RO";8;4;;
;;;"[7:0]";"";"s_hist[17][15:8]"
"0x9a6";5aa6;"RO";8;0;;
;;;"[7:0]";"";"s_hist[17][23:16]"
"0x9a8";5aa8;"RO";8;0;;
;;;"[7:0]";"";"s_hist[18][7:0]"
"0x9a9";5aa9;"RO";8;4;;
;;;"[7:0]";"";"s_hist[18][15:8]"
"0x9aa";5aaa;"RO";8;0;;
;;;"[7:0]";"";"s_hist[18][23:16]"
"0x9ac";5aac;"RO";8;0;;
;;;"[7:0]";"";"s_hist[19][7:0]"
"0x9ad";5aad;"RO";8;4;;
;;;"[7:0]";"";"s_hist[19][15:8]"
"0x9ae";5aae;"RO";8;0;;
;;;"[7:0]";"";"s_hist[19][23:16]"
"0x9b0";5ab0;"RO";8;0;;
;;;"[7:0]";"";"s_hist[20][7:0]"
"0x9b1";5ab1;"RO";8;4;;
;;;"[7:0]";"";"s_hist[20][15:8]"
"0x9b2";5ab2;"RO";8;0;;
;;;"[7:0]";"";"s_hist[20][23:16]"
"0x9b4";5ab4;"RO";8;0;;
;;;"[7:0]";"";"s_hist[21][7:0]"
"0x9b5";5ab5;"RO";8;4;;
;;;"[7:0]";"";"s_hist[21][15:8]"
"0x9b6";5ab6;"RO";8;0;;
;;;"[7:0]";"";"s_hist[21][23:16]"
"0x9b8";5ab8;"RO";8;0;;
;;;"[7:0]";"";"s_hist[22][7:0]"
"0x9b9";5ab9;"RO";8;4;;
;;;"[7:0]";"";"s_hist[22][15:8]"
"0x9ba";5aba;"RO";8;0;;
;;;"[7:0]";"";"s_hist[22][23:16]"
"0x9bc";5abc;"RO";8;0;;
;;;"[7:0]";"";"s_hist[23][7:0]"
"0x9bd";5abd;"RO";8;4;;
;;;"[7:0]";"";"s_hist[23][15:8]"
"0x9be";5abe;"RO";8;0;;
;;;"[7:0]";"";"s_hist[23][23:16]"
"0x9c0";5ac0;"RO";8;0;;
;;;"[7:0]";"";"s_hist[24][7:0]"
"0x9c1";5ac1;"RO";8;4;;
;;;"[7:0]";"";"s_hist[24][15:8]"
"0x9c2";5ac2;"RO";8;0;;
;;;"[7:0]";"";"s_hist[24][23:16]"
"0x9c4";5ac4;"RO";8;0;;
;;;"[7:0]";"";"s_hist[25][7:0]"
"0x9c5";5ac5;"RO";8;4;;
;;;"[7:0]";"";"s_hist[25][15:8]"
"0x9c6";5ac6;"RO";8;0;;
;;;"[7:0]";"";"s_hist[25][23:16]"
"0x9c8";5ac8;"RO";8;0;;
;;;"[7:0]";"";"s_hist[26][7:0]"
"0x9c9";5ac9;"RO";8;4;;
;;;"[7:0]";"";"s_hist[26][15:8]"
"0x9ca";5aca;"RO";8;0;;
;;;"[7:0]";"";"s_hist[26][23:16]"
"0x9cc";5acc;"RO";8;0;;
;;;"[7:0]";"";"s_hist[27][7:0]"
"0x9cd";5acd;"RO";8;4;;
;;;"[7:0]";"";"s_hist[27][15:8]"
"0x9ce";5ace;"RO";8;0;;
;;;"[7:0]";"";"s_hist[27][23:16]"
"0x9d0";5ad0;"RO";8;0;;
;;;"[7:0]";"";"s_hist[28][7:0]"
"0x9d1";5ad1;"RO";8;4;;
;;;"[7:0]";"";"s_hist[28][15:8]"
"0x9d2";5ad2;"RO";8;0;;
;;;"[7:0]";"";"s_hist[28][23:16]"
"0x9d4";5ad4;"RO";8;0;;
;;;"[7:0]";"";"s_hist[29][7:0]"
"0x9d5";5ad5;"RO";8;4;;
;;;"[7:0]";"";"s_hist[29][15:8]"
"0x9d6";5ad6;"RO";8;0;;
;;;"[7:0]";"";"s_hist[29][23:16]"
"0x9d8";5ad8;"RO";8;0;;
;;;"[7:0]";"";"s_hist[30][7:0]"
"0x9d9";5ad9;"RO";8;4;;
;;;"[7:0]";"";"s_hist[30][15:8]"
"0x9da";5ada;"RO";8;0;;
;;;"[7:0]";"";"s_hist[30][23:16]"
"0x9dc";5adc;"RO";8;0;;
;;;"[7:0]";"";"s_hist[31][7:0]"
"0x9dd";5add;"RO";8;4;;
;;;"[7:0]";"";"s_hist[31][15:8]"
"0x9de";5ade;"RO";8;0;;
;;;"[7:0]";"";"s_hist[31][23:16]"
"0x9e0";5ae0;"RO";8;0;;
;;;"[7:0]";"";"s_hist[32][7:0]"
"0x9e1";5ae1;"RO";8;4;;
;;;"[7:0]";"";"s_hist[32][15:8]"
"0x9e2";5ae2;"RO";8;0;;
;;;"[7:0]";"";"s_hist[32][23:16]"
"0x9e4";5ae4;"RO";8;0;;
;;;"[7:0]";"";"s_hist[33][7:0]"
"0x9e5";5ae5;"RO";8;4;;
;;;"[7:0]";"";"s_hist[33][15:8]"
"0x9e6";5ae6;"RO";8;0;;
;;;"[7:0]";"";"s_hist[33][23:16]"
"0x9e8";5ae8;"RO";8;0;;
;;;"[7:0]";"";"s_hist[34][7:0]"
"0x9e9";5ae9;"RO";8;4;;
;;;"[7:0]";"";"s_hist[34][15:8]"
"0x9ea";5aea;"RO";8;0;;
;;;"[7:0]";"";"s_hist[34][23:16]"
"0x9ec";5aec;"RO";8;0;;
;;;"[7:0]";"";"s_hist[35][7:0]"
"0x9ed";5aed;"RO";8;4;;
;;;"[7:0]";"";"s_hist[35][15:8]"
"0x9ee";5aee;"RO";8;0;;
;;;"[7:0]";"";"s_hist[35][23:16]"
"0x9f0";5af0;"RO";8;0;;
;;;"[7:0]";"";"s_hist[36][7:0]"
"0x9f1";5af1;"RO";8;4;;
;;;"[7:0]";"";"s_hist[36][15:8]"
"0x9f2";5af2;"RO";8;0;;
;;;"[7:0]";"";"s_hist[36][23:16]"
"0x9f4";5af4;"RO";8;0;;
;;;"[7:0]";"";"s_hist[37][7:0]"
"0x9f5";5af5;"RO";8;4;;
;;;"[7:0]";"";"s_hist[37][15:8]"
"0x9f6";5af6;"RO";8;0;;
;;;"[7:0]";"";"s_hist[37][23:16]"
"0x9f8";5af8;"RO";8;0;;
;;;"[7:0]";"";"s_hist[38][7:0]"
"0x9f9";5af9;"RO";8;4;;
;;;"[7:0]";"";"s_hist[38][15:8]"
"0x9fa";5afa;"RO";8;0;;
;;;"[7:0]";"";"s_hist[38][23:16]"
"0x9fc";5afc;"RO";8;0;;
;;;"[7:0]";"";"s_hist[39][7:0]"
"0x9fd";5afd;"RO";8;4;;
;;;"[7:0]";"";"s_hist[39][15:8]"
"0x9fe";5afe;"RO";8;0;;
;;;"[7:0]";"";"s_hist[39][23:16]"
"0xa00";5b00;"RO";8;0;;
;;;"[7:0]";"";"s_hist[40][7:0]"
"0xa01";5b01;"RO";8;4;;
;;;"[7:0]";"";"s_hist[40][15:8]"
"0xa02";5b02;"RO";8;0;;
;;;"[7:0]";"";"s_hist[40][23:16]"
"0xa04";5b04;"RO";8;0;;
;;;"[7:0]";"";"s_hist[41][7:0]"
"0xa05";5b05;"RO";8;4;;
;;;"[7:0]";"";"s_hist[41][15:8]"
"0xa06";5b06;"RO";8;0;;
;;;"[7:0]";"";"s_hist[41][23:16]"
"0xa08";5b08;"RO";8;0;;
;;;"[7:0]";"";"s_hist[42][7:0]"
"0xa09";5b09;"RO";8;4;;
;;;"[7:0]";"";"s_hist[42][15:8]"
"0xa0a";5b0a;"RO";8;0;;
;;;"[7:0]";"";"s_hist[42][23:16]"
"0xa0c";5b0c;"RO";8;0;;
;;;"[7:0]";"";"s_hist[43][7:0]"
"0xa0d";5b0d;"RO";8;4;;
;;;"[7:0]";"";"s_hist[43][15:8]"
"0xa0e";5b0e;"RO";8;0;;
;;;"[7:0]";"";"s_hist[43][23:16]"
"0xa10";5b10;"RO";8;0;;
;;;"[7:0]";"";"s_hist[44][7:0]"
"0xa11";5b11;"RO";8;4;;
;;;"[7:0]";"";"s_hist[44][15:8]"
"0xa12";5b12;"RO";8;0;;
;;;"[7:0]";"";"s_hist[44][23:16]"
"0xa14";5b14;"RO";8;0;;
;;;"[7:0]";"";"s_hist[45][7:0]"
"0xa15";5b15;"RO";8;4;;
;;;"[7:0]";"";"s_hist[45][15:8]"
"0xa16";5b16;"RO";8;0;;
;;;"[7:0]";"";"s_hist[45][23:16]"
"0xa18";5b18;"RO";8;0;;
;;;"[7:0]";"";"s_hist[46][7:0]"
"0xa19";5b19;"RO";8;4;;
;;;"[7:0]";"";"s_hist[46][15:8]"
"0xa1a";5b1a;"RO";8;0;;
;;;"[7:0]";"";"s_hist[46][23:16]"
"0xa1c";5b1c;"RO";8;0;;
;;;"[7:0]";"";"s_hist[47][7:0]"
"0xa1d";5b1d;"RO";8;4;;
;;;"[7:0]";"";"s_hist[47][15:8]"
"0xa1e";5b1e;"RO";8;0;;
;;;"[7:0]";"";"s_hist[47][23:16]"
"0xa20";5b20;"RO";8;0;;
;;;"[7:0]";"";"s_hist[48][7:0]"
"0xa21";5b21;"RO";8;4;;
;;;"[7:0]";"";"s_hist[48][15:8]"
"0xa22";5b22;"RO";8;0;;
;;;"[7:0]";"";"s_hist[48][23:16]"
"0xa24";5b24;"RO";8;0;;
;;;"[7:0]";"";"s_hist[49][7:0]"
"0xa25";5b25;"RO";8;4;;
;;;"[7:0]";"";"s_hist[49][15:8]"
"0xa26";5b26;"RO";8;0;;
;;;"[7:0]";"";"s_hist[49][23:16]"
"0xa28";5b28;"RO";8;0;;
;;;"[7:0]";"";"s_hist[50][7:0]"
"0xa29";5b29;"RO";8;4;;
;;;"[7:0]";"";"s_hist[50][15:8]"
"0xa2a";5b2a;"RO";8;0;;
;;;"[7:0]";"";"s_hist[50][23:16]"
"0xa2c";5b2c;"RO";8;0;;
;;;"[7:0]";"";"s_hist[51][7:0]"
"0xa2d";5b2d;"RO";8;4;;
;;;"[7:0]";"";"s_hist[51][15:8]"
"0xa2e";5b2e;"RO";8;0;;
;;;"[7:0]";"";"s_hist[51][23:16]"
"0xa30";5b30;"RO";8;0;;
;;;"[7:0]";"";"s_hist[52][7:0]"
"0xa31";5b31;"RO";8;4;;
;;;"[7:0]";"";"s_hist[52][15:8]"
"0xa32";5b32;"RO";8;0;;
;;;"[7:0]";"";"s_hist[52][23:16]"
"0xa34";5b34;"RO";8;0;;
;;;"[7:0]";"";"s_hist[53][7:0]"
"0xa35";5b35;"RO";8;4;;
;;;"[7:0]";"";"s_hist[53][15:8]"
"0xa36";5b36;"RO";8;0;;
;;;"[7:0]";"";"s_hist[53][23:16]"
"0xa38";5b38;"RO";8;0;;
;;;"[7:0]";"";"s_hist[54][7:0]"
"0xa39";5b39;"RO";8;4;;
;;;"[7:0]";"";"s_hist[54][15:8]"
"0xa3a";5b3a;"RO";8;0;;
;;;"[7:0]";"";"s_hist[54][23:16]"
"0xa3c";5b3c;"RO";8;0;;
;;;"[7:0]";"";"s_hist[55][7:0]"
"0xa3d";5b3d;"RO";8;4;;
;;;"[7:0]";"";"s_hist[55][15:8]"
"0xa3e";5b3e;"RO";8;0;;
;;;"[7:0]";"";"s_hist[55][23:16]"
"0xa40";5b40;"RO";8;0;;
;;;"[7:0]";"";"s_hist[56][7:0]"
"0xa41";5b41;"RO";8;4;;
;;;"[7:0]";"";"s_hist[56][15:8]"
"0xa42";5b42;"RO";8;0;;
;;;"[7:0]";"";"s_hist[56][23:16]"
"0xa44";5b44;"RO";8;0;;
;;;"[7:0]";"";"s_hist[57][7:0]"
"0xa45";5b45;"RO";8;4;;
;;;"[7:0]";"";"s_hist[57][15:8]"
"0xa46";5b46;"RO";8;0;;
;;;"[7:0]";"";"s_hist[57][23:16]"
"0xa48";5b48;"RO";8;0;;
;;;"[7:0]";"";"s_hist[58][7:0]"
"0xa49";5b49;"RO";8;4;;
;;;"[7:0]";"";"s_hist[58][15:8]"
"0xa4a";5b4a;"RO";8;0;;
;;;"[7:0]";"";"s_hist[58][23:16]"
"0xa4c";5b4c;"RO";8;0;;
;;;"[7:0]";"";"s_hist[59][7:0]"
"0xa4d";5b4d;"RO";8;4;;
;;;"[7:0]";"";"s_hist[59][15:8]"
"0xa4e";5b4e;"RO";8;0;;
;;;"[7:0]";"";"s_hist[59][23:16]"
"0xa50";5b50;"RO";8;0;;
;;;"[7:0]";"";"s_hist[60][7:0]"
"0xa51";5b51;"RO";8;4;;
;;;"[7:0]";"";"s_hist[60][15:8]"
"0xa52";5b52;"RO";8;0;;
;;;"[7:0]";"";"s_hist[60][23:16]"
"0xa54";5b54;"RO";8;0;;
;;;"[7:0]";"";"s_hist[61][7:0]"
"0xa55";5b55;"RO";8;4;;
;;;"[7:0]";"";"s_hist[61][15:8]"
"0xa56";5b56;"RO";8;0;;
;;;"[7:0]";"";"s_hist[61][23:16]"
"0xa58";5b58;"RO";8;0;;
;;;"[7:0]";"";"s_hist[62][7:0]"
"0xa59";5b59;"RO";8;4;;
;;;"[7:0]";"";"s_hist[62][15:8]"
"0xa5a";5b5a;"RO";8;0;;
;;;"[7:0]";"";"s_hist[62][23:16]"
"0xa5c";5b5c;"RO";8;0;;
;;;"[7:0]";"";"s_hist[63][7:0]"
"0xa5d";5b5d;"RO";8;4;;
;;;"[7:0]";"";"s_hist[63][15:8]"
"0xa5e";5b5e;"RO";8;0;;
;;;"[7:0]";"";"s_hist[63][23:16]"
"0xa60";5b60;"RO";8;0;;
;;;"[7:0]";"";"s_hist[64][7:0]"
"0xa61";5b61;"RO";8;4;;
;;;"[7:0]";"";"s_hist[64][15:8]"
"0xa62";5b62;"RO";8;0;;
;;;"[7:0]";"";"s_hist[64][23:16]"
"0xa64";5b64;"RO";8;0;;
;;;"[7:0]";"";"s_hist[65][7:0]"
"0xa65";5b65;"RO";8;4;;
;;;"[7:0]";"";"s_hist[65][15:8]"
"0xa66";5b66;"RO";8;0;;
;;;"[7:0]";"";"s_hist[65][23:16]"
"0xa68";5b68;"RO";8;0;;
;;;"[7:0]";"";"s_hist[66][7:0]"
"0xa69";5b69;"RO";8;4;;
;;;"[7:0]";"";"s_hist[66][15:8]"
"0xa6a";5b6a;"RO";8;0;;
;;;"[7:0]";"";"s_hist[66][23:16]"
"0xa6c";5b6c;"RO";8;0;;
;;;"[7:0]";"";"s_hist[67][7:0]"
"0xa6d";5b6d;"RO";8;4;;
;;;"[7:0]";"";"s_hist[67][15:8]"
"0xa6e";5b6e;"RO";8;0;;
;;;"[7:0]";"";"s_hist[67][23:16]"
"0xa70";5b70;"RO";8;0;;
;;;"[7:0]";"";"s_hist[68][7:0]"
"0xa71";5b71;"RO";8;4;;
;;;"[7:0]";"";"s_hist[68][15:8]"
"0xa72";5b72;"RO";8;0;;
;;;"[7:0]";"";"s_hist[68][23:16]"
"0xa74";5b74;"RO";8;0;;
;;;"[7:0]";"";"s_hist[69][7:0]"
"0xa75";5b75;"RO";8;4;;
;;;"[7:0]";"";"s_hist[69][15:8]"
"0xa76";5b76;"RO";8;0;;
;;;"[7:0]";"";"s_hist[69][23:16]"
"0xa78";5b78;"RO";8;0;;
;;;"[7:0]";"";"s_hist[70][7:0]"
"0xa79";5b79;"RO";8;4;;
;;;"[7:0]";"";"s_hist[70][15:8]"
"0xa7a";5b7a;"RO";8;0;;
;;;"[7:0]";"";"s_hist[70][23:16]"
"0xa7c";5b7c;"RO";8;0;;
;;;"[7:0]";"";"s_hist[71][7:0]"
"0xa7d";5b7d;"RO";8;4;;
;;;"[7:0]";"";"s_hist[71][15:8]"
"0xa7e";5b7e;"RO";8;0;;
;;;"[7:0]";"";"s_hist[71][23:16]"
"0xa80";5b80;"RO";8;0;;
;;;"[7:0]";"";"s_hist[72][7:0]"
"0xa81";5b81;"RO";8;4;;
;;;"[7:0]";"";"s_hist[72][15:8]"
"0xa82";5b82;"RO";8;0;;
;;;"[7:0]";"";"s_hist[72][23:16]"
"0xa84";5b84;"RO";8;0;;
;;;"[7:0]";"";"s_hist[73][7:0]"
"0xa85";5b85;"RO";8;4;;
;;;"[7:0]";"";"s_hist[73][15:8]"
"0xa86";5b86;"RO";8;0;;
;;;"[7:0]";"";"s_hist[73][23:16]"
"0xa88";5b88;"RO";8;0;;
;;;"[7:0]";"";"s_hist[74][7:0]"
"0xa89";5b89;"RO";8;4;;
;;;"[7:0]";"";"s_hist[74][15:8]"
"0xa8a";5b8a;"RO";8;0;;
;;;"[7:0]";"";"s_hist[74][23:16]"
"0xa8c";5b8c;"RO";8;0;;
;;;"[7:0]";"";"s_hist[75][7:0]"
"0xa8d";5b8d;"RO";8;4;;
;;;"[7:0]";"";"s_hist[75][15:8]"
"0xa8e";5b8e;"RO";8;0;;
;;;"[7:0]";"";"s_hist[75][23:16]"
"0xa90";5b90;"RO";8;0;;
;;;"[7:0]";"";"s_hist[76][7:0]"
"0xa91";5b91;"RO";8;4;;
;;;"[7:0]";"";"s_hist[76][15:8]"
"0xa92";5b92;"RO";8;0;;
;;;"[7:0]";"";"s_hist[76][23:16]"
"0xa94";5b94;"RO";8;0;;
;;;"[7:0]";"";"s_hist[77][7:0]"
"0xa95";5b95;"RO";8;4;;
;;;"[7:0]";"";"s_hist[77][15:8]"
"0xa96";5b96;"RO";8;0;;
;;;"[7:0]";"";"s_hist[77][23:16]"
"0xa98";5b98;"RO";8;0;;
;;;"[7:0]";"";"s_hist[78][7:0]"
"0xa99";5b99;"RO";8;4;;
;;;"[7:0]";"";"s_hist[78][15:8]"
"0xa9a";5b9a;"RO";8;0;;
;;;"[7:0]";"";"s_hist[78][23:16]"
"0xa9c";5b9c;"RO";8;0;;
;;;"[7:0]";"";"s_hist[79][7:0]"
"0xa9d";5b9d;"RO";8;4;;
;;;"[7:0]";"";"s_hist[79][15:8]"
"0xa9e";5b9e;"RO";8;0;;
;;;"[7:0]";"";"s_hist[79][23:16]"
"0xaa0";5ba0;"RO";8;0;;
;;;"[7:0]";"";"s_hist[80][7:0]"
"0xaa1";5ba1;"RO";8;4;;
;;;"[7:0]";"";"s_hist[80][15:8]"
"0xaa2";5ba2;"RO";8;0;;
;;;"[7:0]";"";"s_hist[80][23:16]"
"0xaa4";5ba4;"RO";8;0;;
;;;"[7:0]";"";"s_hist[81][7:0]"
"0xaa5";5ba5;"RO";8;4;;
;;;"[7:0]";"";"s_hist[81][15:8]"
"0xaa6";5ba6;"RO";8;0;;
;;;"[7:0]";"";"s_hist[81][23:16]"
"0xaa8";5ba8;"RO";8;0;;
;;;"[7:0]";"";"s_hist[82][7:0]"
"0xaa9";5ba9;"RO";8;4;;
;;;"[7:0]";"";"s_hist[82][15:8]"
"0xaaa";5baa;"RO";8;0;;
;;;"[7:0]";"";"s_hist[82][23:16]"
"0xaac";5bac;"RO";8;0;;
;;;"[7:0]";"";"s_hist[83][7:0]"
"0xaad";5bad;"RO";8;4;;
;;;"[7:0]";"";"s_hist[83][15:8]"
"0xaae";5bae;"RO";8;0;;
;;;"[7:0]";"";"s_hist[83][23:16]"
"0xab0";5bb0;"RO";8;0;;
;;;"[7:0]";"";"s_hist[84][7:0]"
"0xab1";5bb1;"RO";8;4;;
;;;"[7:0]";"";"s_hist[84][15:8]"
"0xab2";5bb2;"RO";8;0;;
;;;"[7:0]";"";"s_hist[84][23:16]"
"0xab4";5bb4;"RO";8;0;;
;;;"[7:0]";"";"s_hist[85][7:0]"
"0xab5";5bb5;"RO";8;4;;
;;;"[7:0]";"";"s_hist[85][15:8]"
"0xab6";5bb6;"RO";8;0;;
;;;"[7:0]";"";"s_hist[85][23:16]"
"0xab8";5bb8;"RO";8;0;;
;;;"[7:0]";"";"s_hist[86][7:0]"
"0xab9";5bb9;"RO";8;4;;
;;;"[7:0]";"";"s_hist[86][15:8]"
"0xaba";5bba;"RO";8;0;;
;;;"[7:0]";"";"s_hist[86][23:16]"
"0xabc";5bbc;"RO";8;0;;
;;;"[7:0]";"";"s_hist[87][7:0]"
"0xabd";5bbd;"RO";8;4;;
;;;"[7:0]";"";"s_hist[87][15:8]"
"0xabe";5bbe;"RO";8;0;;
;;;"[7:0]";"";"s_hist[87][23:16]"
"0xac0";5bc0;"RO";8;0;;
;;;"[7:0]";"";"s_hist[88][7:0]"
"0xac1";5bc1;"RO";8;4;;
;;;"[7:0]";"";"s_hist[88][15:8]"
"0xac2";5bc2;"RO";8;0;;
;;;"[7:0]";"";"s_hist[88][23:16]"
"0xac4";5bc4;"RO";8;0;;
;;;"[7:0]";"";"s_hist[89][7:0]"
"0xac5";5bc5;"RO";8;4;;
;;;"[7:0]";"";"s_hist[89][15:8]"
"0xac6";5bc6;"RO";8;0;;
;;;"[7:0]";"";"s_hist[89][23:16]"
"0xac8";5bc8;"RO";8;0;;
;;;"[7:0]";"";"s_hist[90][7:0]"
"0xac9";5bc9;"RO";8;4;;
;;;"[7:0]";"";"s_hist[90][15:8]"
"0xaca";5bca;"RO";8;0;;
;;;"[7:0]";"";"s_hist[90][23:16]"
"0xacc";5bcc;"RO";8;0;;
;;;"[7:0]";"";"s_hist[91][7:0]"
"0xacd";5bcd;"RO";8;4;;
;;;"[7:0]";"";"s_hist[91][15:8]"
"0xace";5bce;"RO";8;0;;
;;;"[7:0]";"";"s_hist[91][23:16]"
"0xad0";5bd0;"RO";8;0;;
;;;"[7:0]";"";"s_hist[92][7:0]"
"0xad1";5bd1;"RO";8;4;;
;;;"[7:0]";"";"s_hist[92][15:8]"
"0xad2";5bd2;"RO";8;0;;
;;;"[7:0]";"";"s_hist[92][23:16]"
"0xad4";5bd4;"RO";8;0;;
;;;"[7:0]";"";"s_hist[93][7:0]"
"0xad5";5bd5;"RO";8;4;;
;;;"[7:0]";"";"s_hist[93][15:8]"
"0xad6";5bd6;"RO";8;0;;
;;;"[7:0]";"";"s_hist[93][23:16]"
"0xad8";5bd8;"RO";8;0;;
;;;"[7:0]";"";"s_hist[94][7:0]"
"0xad9";5bd9;"RO";8;4;;
;;;"[7:0]";"";"s_hist[94][15:8]"
"0xada";5bda;"RO";8;0;;
;;;"[7:0]";"";"s_hist[94][23:16]"
"0xadc";5bdc;"RO";8;0;;
;;;"[7:0]";"";"s_hist[95][7:0]"
"0xadd";5bdd;"RO";8;4;;
;;;"[7:0]";"";"s_hist[95][15:8]"
"0xade";5bde;"RO";8;0;;
;;;"[7:0]";"";"s_hist[95][23:16]"
"0xae0";5be0;"RO";8;0;;
;;;"[7:0]";"";"s_hist[96][7:0]"
"0xae1";5be1;"RO";8;4;;
;;;"[7:0]";"";"s_hist[96][15:8]"
"0xae2";5be2;"RO";8;0;;
;;;"[7:0]";"";"s_hist[96][23:16]"
"0xae4";5be4;"RO";8;0;;
;;;"[7:0]";"";"s_hist[97][7:0]"
"0xae5";5be5;"RO";8;4;;
;;;"[7:0]";"";"s_hist[97][15:8]"
"0xae6";5be6;"RO";8;0;;
;;;"[7:0]";"";"s_hist[97][23:16]"
"0xae8";5be8;"RO";8;0;;
;;;"[7:0]";"";"s_hist[98][7:0]"
"0xae9";5be9;"RO";8;4;;
;;;"[7:0]";"";"s_hist[98][15:8]"
"0xaea";5bea;"RO";8;0;;
;;;"[7:0]";"";"s_hist[98][23:16]"
"0xaec";5bec;"RO";8;0;;
;;;"[7:0]";"";"s_hist[99][7:0]"
"0xaed";5bed;"RO";8;4;;
;;;"[7:0]";"";"s_hist[99][15:8]"
"0xaee";5bee;"RO";8;0;;
;;;"[7:0]";"";"s_hist[99][23:16]"
"0xaf0";5bf0;"RO";8;0;;
;;;"[7:0]";"";"s_hist[100][7:0]"
"0xaf1";5bf1;"RO";8;4;;
;;;"[7:0]";"";"s_hist[100][15:8]"
"0xaf2";5bf2;"RO";8;0;;
;;;"[7:0]";"";"s_hist[100][23:16]"
"0xaf4";5bf4;"RO";8;0;;
;;;"[7:0]";"";"s_hist[101][7:0]"
"0xaf5";5bf5;"RO";8;4;;
;;;"[7:0]";"";"s_hist[101][15:8]"
"0xaf6";5bf6;"RO";8;0;;
;;;"[7:0]";"";"s_hist[101][23:16]"
"0xaf8";5bf8;"RO";8;0;;
;;;"[7:0]";"";"s_hist[102][7:0]"
"0xaf9";5bf9;"RO";8;4;;
;;;"[7:0]";"";"s_hist[102][15:8]"
"0xafa";5bfa;"RO";8;0;;
;;;"[7:0]";"";"s_hist[102][23:16]"
"0xafc";5bfc;"RO";8;0;;
;;;"[7:0]";"";"s_hist[103][7:0]"
"0xafd";5bfd;"RO";8;4;;
;;;"[7:0]";"";"s_hist[103][15:8]"
"0xafe";5bfe;"RO";8;0;;
;;;"[7:0]";"";"s_hist[103][23:16]"
"0xb00";5c00;"RO";8;0;;
;;;"[7:0]";"";"s_hist[104][7:0]"
"0xb01";5c01;"RO";8;4;;
;;;"[7:0]";"";"s_hist[104][15:8]"
"0xb02";5c02;"RO";8;0;;
;;;"[7:0]";"";"s_hist[104][23:16]"
"0xb04";5c04;"RO";8;0;;
;;;"[7:0]";"";"s_hist[105][7:0]"
"0xb05";5c05;"RO";8;4;;
;;;"[7:0]";"";"s_hist[105][15:8]"
"0xb06";5c06;"RO";8;0;;
;;;"[7:0]";"";"s_hist[105][23:16]"
"0xb08";5c08;"RO";8;0;;
;;;"[7:0]";"";"s_hist[106][7:0]"
"0xb09";5c09;"RO";8;4;;
;;;"[7:0]";"";"s_hist[106][15:8]"
"0xb0a";5c0a;"RO";8;0;;
;;;"[7:0]";"";"s_hist[106][23:16]"
"0xb0c";5c0c;"RO";8;0;;
;;;"[7:0]";"";"s_hist[107][7:0]"
"0xb0d";5c0d;"RO";8;4;;
;;;"[7:0]";"";"s_hist[107][15:8]"
"0xb0e";5c0e;"RO";8;0;;
;;;"[7:0]";"";"s_hist[107][23:16]"
"0xb10";5c10;"RO";8;0;;
;;;"[7:0]";"";"s_hist[108][7:0]"
"0xb11";5c11;"RO";8;4;;
;;;"[7:0]";"";"s_hist[108][15:8]"
"0xb12";5c12;"RO";8;0;;
;;;"[7:0]";"";"s_hist[108][23:16]"
"0xb14";5c14;"RO";8;0;;
;;;"[7:0]";"";"s_hist[109][7:0]"
"0xb15";5c15;"RO";8;4;;
;;;"[7:0]";"";"s_hist[109][15:8]"
"0xb16";5c16;"RO";8;0;;
;;;"[7:0]";"";"s_hist[109][23:16]"
"0xb18";5c18;"RO";8;0;;
;;;"[7:0]";"";"s_hist[110][7:0]"
"0xb19";5c19;"RO";8;4;;
;;;"[7:0]";"";"s_hist[110][15:8]"
"0xb1a";5c1a;"RO";8;0;;
;;;"[7:0]";"";"s_hist[110][23:16]"
"0xb1c";5c1c;"RO";8;0;;
;;;"[7:0]";"";"s_hist[111][7:0]"
"0xb1d";5c1d;"RO";8;4;;
;;;"[7:0]";"";"s_hist[111][15:8]"
"0xb1e";5c1e;"RO";8;0;;
;;;"[7:0]";"";"s_hist[111][23:16]"
"0xb20";5c20;"RO";8;0;;
;;;"[7:0]";"";"s_hist[112][7:0]"
"0xb21";5c21;"RO";8;4;;
;;;"[7:0]";"";"s_hist[112][15:8]"
"0xb22";5c22;"RO";8;0;;
;;;"[7:0]";"";"s_hist[112][23:16]"
"0xb24";5c24;"RO";8;0;;
;;;"[7:0]";"";"s_hist[113][7:0]"
"0xb25";5c25;"RO";8;4;;
;;;"[7:0]";"";"s_hist[113][15:8]"
"0xb26";5c26;"RO";8;0;;
;;;"[7:0]";"";"s_hist[113][23:16]"
"0xb28";5c28;"RO";8;0;;
;;;"[7:0]";"";"s_hist[114][7:0]"
"0xb29";5c29;"RO";8;4;;
;;;"[7:0]";"";"s_hist[114][15:8]"
"0xb2a";5c2a;"RO";8;0;;
;;;"[7:0]";"";"s_hist[114][23:16]"
"0xb2c";5c2c;"RO";8;0;;
;;;"[7:0]";"";"s_hist[115][7:0]"
"0xb2d";5c2d;"RO";8;4;;
;;;"[7:0]";"";"s_hist[115][15:8]"
"0xb2e";5c2e;"RO";8;0;;
;;;"[7:0]";"";"s_hist[115][23:16]"
"0xb30";5c30;"RO";8;0;;
;;;"[7:0]";"";"s_hist[116][7:0]"
"0xb31";5c31;"RO";8;4;;
;;;"[7:0]";"";"s_hist[116][15:8]"
"0xb32";5c32;"RO";8;0;;
;;;"[7:0]";"";"s_hist[116][23:16]"
"0xb34";5c34;"RO";8;0;;
;;;"[7:0]";"";"s_hist[117][7:0]"
"0xb35";5c35;"RO";8;4;;
;;;"[7:0]";"";"s_hist[117][15:8]"
"0xb36";5c36;"RO";8;0;;
;;;"[7:0]";"";"s_hist[117][23:16]"
"0xb38";5c38;"RO";8;0;;
;;;"[7:0]";"";"s_hist[118][7:0]"
"0xb39";5c39;"RO";8;4;;
;;;"[7:0]";"";"s_hist[118][15:8]"
"0xb3a";5c3a;"RO";8;0;;
;;;"[7:0]";"";"s_hist[118][23:16]"
"0xb3c";5c3c;"RO";8;0;;
;;;"[7:0]";"";"s_hist[119][7:0]"
"0xb3d";5c3d;"RO";8;4;;
;;;"[7:0]";"";"s_hist[119][15:8]"
"0xb3e";5c3e;"RO";8;0;;
;;;"[7:0]";"";"s_hist[119][23:16]"
"0xb40";5c40;"RO";8;0;;
;;;"[7:0]";"";"s_hist[120][7:0]"
"0xb41";5c41;"RO";8;4;;
;;;"[7:0]";"";"s_hist[120][15:8]"
"0xb42";5c42;"RO";8;0;;
;;;"[7:0]";"";"s_hist[120][23:16]"
"0xb44";5c44;"RO";8;0;;
;;;"[7:0]";"";"s_hist[121][7:0]"
"0xb45";5c45;"RO";8;4;;
;;;"[7:0]";"";"s_hist[121][15:8]"
"0xb46";5c46;"RO";8;0;;
;;;"[7:0]";"";"s_hist[121][23:16]"
"0xb48";5c48;"RO";8;0;;
;;;"[7:0]";"";"s_hist[122][7:0]"
"0xb49";5c49;"RO";8;4;;
;;;"[7:0]";"";"s_hist[122][15:8]"
"0xb4a";5c4a;"RO";8;0;;
;;;"[7:0]";"";"s_hist[122][23:16]"
"0xb4c";5c4c;"RO";8;0;;
;;;"[7:0]";"";"s_hist[123][7:0]"
"0xb4d";5c4d;"RO";8;4;;
;;;"[7:0]";"";"s_hist[123][15:8]"
"0xb4e";5c4e;"RO";8;0;;
;;;"[7:0]";"";"s_hist[123][23:16]"
"0xb50";5c50;"RO";8;0;;
;;;"[7:0]";"";"s_hist[124][7:0]"
"0xb51";5c51;"RO";8;4;;
;;;"[7:0]";"";"s_hist[124][15:8]"
"0xb52";5c52;"RO";8;0;;
;;;"[7:0]";"";"s_hist[124][23:16]"
"0xb54";5c54;"RO";8;0;;
;;;"[7:0]";"";"s_hist[125][7:0]"
"0xb55";5c55;"RO";8;4;;
;;;"[7:0]";"";"s_hist[125][15:8]"
"0xb56";5c56;"RO";8;0;;
;;;"[7:0]";"";"s_hist[125][23:16]"
"0xb58";5c58;"RO";8;0;;
;;;"[7:0]";"";"s_hist[126][7:0]"
"0xb59";5c59;"RO";8;4;;
;;;"[7:0]";"";"s_hist[126][15:8]"
"0xb5a";5c5a;"RO";8;0;;
;;;"[7:0]";"";"s_hist[126][23:16]"
"0xb5c";5c5c;"RO";8;0;;
;;;"[7:0]";"";"s_hist[127][7:0]"
"0xb5d";5c5d;"RO";8;4;;
;;;"[7:0]";"";"s_hist[127][15:8]"
"0xb5e";5c5e;"RO";8;0;;
;;;"[7:0]";"";"s_hist[127][23:16]"
"0xb60";5c60;"RO";8;0;;
;;;"[7:0]";"";"s_hist[128][7:0]"
"0xb61";5c61;"RO";8;4;;
;;;"[7:0]";"";"s_hist[128][15:8]"
"0xb62";5c62;"RO";8;0;;
;;;"[7:0]";"";"s_hist[128][23:16]"
"0xb64";5c64;"RO";8;0;;
;;;"[7:0]";"";"s_hist[129][7:0]"
"0xb65";5c65;"RO";8;4;;
;;;"[7:0]";"";"s_hist[129][15:8]"
"0xb66";5c66;"RO";8;0;;
;;;"[7:0]";"";"s_hist[129][23:16]"
"0xb68";5c68;"RO";8;0;;
;;;"[7:0]";"";"s_hist[130][7:0]"
"0xb69";5c69;"RO";8;4;;
;;;"[7:0]";"";"s_hist[130][15:8]"
"0xb6a";5c6a;"RO";8;0;;
;;;"[7:0]";"";"s_hist[130][23:16]"
"0xb6c";5c6c;"RO";8;0;;
;;;"[7:0]";"";"s_hist[131][7:0]"
"0xb6d";5c6d;"RO";8;4;;
;;;"[7:0]";"";"s_hist[131][15:8]"
"0xb6e";5c6e;"RO";8;0;;
;;;"[7:0]";"";"s_hist[131][23:16]"
"0xb70";5c70;"RO";8;0;;
;;;"[7:0]";"";"s_hist[132][7:0]"
"0xb71";5c71;"RO";8;4;;
;;;"[7:0]";"";"s_hist[132][15:8]"
"0xb72";5c72;"RO";8;0;;
;;;"[7:0]";"";"s_hist[132][23:16]"
"0xb74";5c74;"RO";8;0;;
;;;"[7:0]";"";"s_hist[133][7:0]"
"0xb75";5c75;"RO";8;4;;
;;;"[7:0]";"";"s_hist[133][15:8]"
"0xb76";5c76;"RO";8;0;;
;;;"[7:0]";"";"s_hist[133][23:16]"
"0xb78";5c78;"RO";8;0;;
;;;"[7:0]";"";"s_hist[134][7:0]"
"0xb79";5c79;"RO";8;4;;
;;;"[7:0]";"";"s_hist[134][15:8]"
"0xb7a";5c7a;"RO";8;0;;
;;;"[7:0]";"";"s_hist[134][23:16]"
"0xb7c";5c7c;"RO";8;0;;
;;;"[7:0]";"";"s_hist[135][7:0]"
"0xb7d";5c7d;"RO";8;4;;
;;;"[7:0]";"";"s_hist[135][15:8]"
"0xb7e";5c7e;"RO";8;0;;
;;;"[7:0]";"";"s_hist[135][23:16]"
"0xb80";5c80;"RO";8;0;;
;;;"[7:0]";"";"s_hist[136][7:0]"
"0xb81";5c81;"RO";8;4;;
;;;"[7:0]";"";"s_hist[136][15:8]"
"0xb82";5c82;"RO";8;0;;
;;;"[7:0]";"";"s_hist[136][23:16]"
"0xb84";5c84;"RO";8;0;;
;;;"[7:0]";"";"s_hist[137][7:0]"
"0xb85";5c85;"RO";8;4;;
;;;"[7:0]";"";"s_hist[137][15:8]"
"0xb86";5c86;"RO";8;0;;
;;;"[7:0]";"";"s_hist[137][23:16]"
"0xb88";5c88;"RO";8;0;;
;;;"[7:0]";"";"s_hist[138][7:0]"
"0xb89";5c89;"RO";8;4;;
;;;"[7:0]";"";"s_hist[138][15:8]"
"0xb8a";5c8a;"RO";8;0;;
;;;"[7:0]";"";"s_hist[138][23:16]"
"0xb8c";5c8c;"RO";8;0;;
;;;"[7:0]";"";"s_hist[139][7:0]"
"0xb8d";5c8d;"RO";8;4;;
;;;"[7:0]";"";"s_hist[139][15:8]"
"0xb8e";5c8e;"RO";8;0;;
;;;"[7:0]";"";"s_hist[139][23:16]"
"0xb90";5c90;"RO";8;0;;
;;;"[7:0]";"";"s_hist[140][7:0]"
"0xb91";5c91;"RO";8;4;;
;;;"[7:0]";"";"s_hist[140][15:8]"
"0xb92";5c92;"RO";8;0;;
;;;"[7:0]";"";"s_hist[140][23:16]"
"0xb94";5c94;"RO";8;0;;
;;;"[7:0]";"";"s_hist[141][7:0]"
"0xb95";5c95;"RO";8;4;;
;;;"[7:0]";"";"s_hist[141][15:8]"
"0xb96";5c96;"RO";8;0;;
;;;"[7:0]";"";"s_hist[141][23:16]"
"0xb98";5c98;"RO";8;0;;
;;;"[7:0]";"";"s_hist[142][7:0]"
"0xb99";5c99;"RO";8;4;;
;;;"[7:0]";"";"s_hist[142][15:8]"
"0xb9a";5c9a;"RO";8;0;;
;;;"[7:0]";"";"s_hist[142][23:16]"
"0xb9c";5c9c;"RO";8;0;;
;;;"[7:0]";"";"s_hist[143][7:0]"
"0xb9d";5c9d;"RO";8;4;;
;;;"[7:0]";"";"s_hist[143][15:8]"
"0xb9e";5c9e;"RO";8;0;;
;;;"[7:0]";"";"s_hist[143][23:16]"
"0xba0";5ca0;"RO";8;0;;
;;;"[7:0]";"";"s_hist[144][7:0]"
"0xba1";5ca1;"RO";8;4;;
;;;"[7:0]";"";"s_hist[144][15:8]"
"0xba2";5ca2;"RO";8;0;;
;;;"[7:0]";"";"s_hist[144][23:16]"
"0xba4";5ca4;"RO";8;0;;
;;;"[7:0]";"";"s_hist[145][7:0]"
"0xba5";5ca5;"RO";8;4;;
;;;"[7:0]";"";"s_hist[145][15:8]"
"0xba6";5ca6;"RO";8;0;;
;;;"[7:0]";"";"s_hist[145][23:16]"
"0xba8";5ca8;"RO";8;0;;
;;;"[7:0]";"";"s_hist[146][7:0]"
"0xba9";5ca9;"RO";8;4;;
;;;"[7:0]";"";"s_hist[146][15:8]"
"0xbaa";5caa;"RO";8;0;;
;;;"[7:0]";"";"s_hist[146][23:16]"
"0xbac";5cac;"RO";8;0;;
;;;"[7:0]";"";"s_hist[147][7:0]"
"0xbad";5cad;"RO";8;4;;
;;;"[7:0]";"";"s_hist[147][15:8]"
"0xbae";5cae;"RO";8;0;;
;;;"[7:0]";"";"s_hist[147][23:16]"
"0xbb0";5cb0;"RO";8;0;;
;;;"[7:0]";"";"s_hist[148][7:0]"
"0xbb1";5cb1;"RO";8;4;;
;;;"[7:0]";"";"s_hist[148][15:8]"
"0xbb2";5cb2;"RO";8;0;;
;;;"[7:0]";"";"s_hist[148][23:16]"
"0xbb4";5cb4;"RO";8;0;;
;;;"[7:0]";"";"s_hist[149][7:0]"
"0xbb5";5cb5;"RO";8;4;;
;;;"[7:0]";"";"s_hist[149][15:8]"
"0xbb6";5cb6;"RO";8;0;;
;;;"[7:0]";"";"s_hist[149][23:16]"
"0xbb8";5cb8;"RO";8;0;;
;;;"[7:0]";"";"s_hist[150][7:0]"
"0xbb9";5cb9;"RO";8;4;;
;;;"[7:0]";"";"s_hist[150][15:8]"
"0xbba";5cba;"RO";8;0;;
;;;"[7:0]";"";"s_hist[150][23:16]"
"0xbbc";5cbc;"RO";8;0;;
;;;"[7:0]";"";"s_hist[151][7:0]"
"0xbbd";5cbd;"RO";8;4;;
;;;"[7:0]";"";"s_hist[151][15:8]"
"0xbbe";5cbe;"RO";8;0;;
;;;"[7:0]";"";"s_hist[151][23:16]"
"0xbc0";5cc0;"RO";8;0;;
;;;"[7:0]";"";"s_hist[152][7:0]"
"0xbc1";5cc1;"RO";8;4;;
;;;"[7:0]";"";"s_hist[152][15:8]"
"0xbc2";5cc2;"RO";8;0;;
;;;"[7:0]";"";"s_hist[152][23:16]"
"0xbc4";5cc4;"RO";8;0;;
;;;"[7:0]";"";"s_hist[153][7:0]"
"0xbc5";5cc5;"RO";8;4;;
;;;"[7:0]";"";"s_hist[153][15:8]"
"0xbc6";5cc6;"RO";8;0;;
;;;"[7:0]";"";"s_hist[153][23:16]"
"0xbc8";5cc8;"RO";8;0;;
;;;"[7:0]";"";"s_hist[154][7:0]"
"0xbc9";5cc9;"RO";8;4;;
;;;"[7:0]";"";"s_hist[154][15:8]"
"0xbca";5cca;"RO";8;0;;
;;;"[7:0]";"";"s_hist[154][23:16]"
"0xbcc";5ccc;"RO";8;0;;
;;;"[7:0]";"";"s_hist[155][7:0]"
"0xbcd";5ccd;"RO";8;4;;
;;;"[7:0]";"";"s_hist[155][15:8]"
"0xbce";5cce;"RO";8;0;;
;;;"[7:0]";"";"s_hist[155][23:16]"
"0xbd0";5cd0;"RO";8;0;;
;;;"[7:0]";"";"s_hist[156][7:0]"
"0xbd1";5cd1;"RO";8;4;;
;;;"[7:0]";"";"s_hist[156][15:8]"
"0xbd2";5cd2;"RO";8;0;;
;;;"[7:0]";"";"s_hist[156][23:16]"
"0xbd4";5cd4;"RO";8;0;;
;;;"[7:0]";"";"s_hist[157][7:0]"
"0xbd5";5cd5;"RO";8;4;;
;;;"[7:0]";"";"s_hist[157][15:8]"
"0xbd6";5cd6;"RO";8;0;;
;;;"[7:0]";"";"s_hist[157][23:16]"
"0xbd8";5cd8;"RO";8;0;;
;;;"[7:0]";"";"s_hist[158][7:0]"
"0xbd9";5cd9;"RO";8;4;;
;;;"[7:0]";"";"s_hist[158][15:8]"
"0xbda";5cda;"RO";8;0;;
;;;"[7:0]";"";"s_hist[158][23:16]"
"0xbdc";5cdc;"RO";8;0;;
;;;"[7:0]";"";"s_hist[159][7:0]"
"0xbdd";5cdd;"RO";8;4;;
;;;"[7:0]";"";"s_hist[159][15:8]"
"0xbde";5cde;"RO";8;0;;
;;;"[7:0]";"";"s_hist[159][23:16]"
"0xbe0";5ce0;"RO";8;0;;
;;;"[7:0]";"";"s_hist[160][7:0]"
"0xbe1";5ce1;"RO";8;4;;
;;;"[7:0]";"";"s_hist[160][15:8]"
"0xbe2";5ce2;"RO";8;0;;
;;;"[7:0]";"";"s_hist[160][23:16]"
"0xbe4";5ce4;"RO";8;0;;
;;;"[7:0]";"";"s_hist[161][7:0]"
"0xbe5";5ce5;"RO";8;4;;
;;;"[7:0]";"";"s_hist[161][15:8]"
"0xbe6";5ce6;"RO";8;0;;
;;;"[7:0]";"";"s_hist[161][23:16]"
"0xbe8";5ce8;"RO";8;0;;
;;;"[7:0]";"";"s_hist[162][7:0]"
"0xbe9";5ce9;"RO";8;4;;
;;;"[7:0]";"";"s_hist[162][15:8]"
"0xbea";5cea;"RO";8;0;;
;;;"[7:0]";"";"s_hist[162][23:16]"
"0xbec";5cec;"RO";8;0;;
;;;"[7:0]";"";"s_hist[163][7:0]"
"0xbed";5ced;"RO";8;4;;
;;;"[7:0]";"";"s_hist[163][15:8]"
"0xbee";5cee;"RO";8;0;;
;;;"[7:0]";"";"s_hist[163][23:16]"
"0xbf0";5cf0;"RO";8;0;;
;;;"[7:0]";"";"s_hist[164][7:0]"
"0xbf1";5cf1;"RO";8;4;;
;;;"[7:0]";"";"s_hist[164][15:8]"
"0xbf2";5cf2;"RO";8;0;;
;;;"[7:0]";"";"s_hist[164][23:16]"
"0xbf4";5cf4;"RO";8;0;;
;;;"[7:0]";"";"s_hist[165][7:0]"
"0xbf5";5cf5;"RO";8;4;;
;;;"[7:0]";"";"s_hist[165][15:8]"
"0xbf6";5cf6;"RO";8;0;;
;;;"[7:0]";"";"s_hist[165][23:16]"
"0xbf8";5cf8;"RO";8;0;;
;;;"[7:0]";"";"s_hist[166][7:0]"
"0xbf9";5cf9;"RO";8;4;;
;;;"[7:0]";"";"s_hist[166][15:8]"
"0xbfa";5cfa;"RO";8;0;;
;;;"[7:0]";"";"s_hist[166][23:16]"
"0xbfc";5cfc;"RO";8;0;;
;;;"[7:0]";"";"s_hist[167][7:0]"
"0xbfd";5cfd;"RO";8;4;;
;;;"[7:0]";"";"s_hist[167][15:8]"
"0xbfe";5cfe;"RO";8;0;;
;;;"[7:0]";"";"s_hist[167][23:16]"
"0xc00";5d00;"RO";8;0;;
;;;"[7:0]";"";"s_hist[168][7:0]"
"0xc01";5d01;"RO";8;4;;
;;;"[7:0]";"";"s_hist[168][15:8]"
"0xc02";5d02;"RO";8;0;;
;;;"[7:0]";"";"s_hist[168][23:16]"
"0xc04";5d04;"RO";8;0;;
;;;"[7:0]";"";"s_hist[169][7:0]"
"0xc05";5d05;"RO";8;4;;
;;;"[7:0]";"";"s_hist[169][15:8]"
"0xc06";5d06;"RO";8;0;;
;;;"[7:0]";"";"s_hist[169][23:16]"
"0xc08";5d08;"RO";8;0;;
;;;"[7:0]";"";"s_hist[170][7:0]"
"0xc09";5d09;"RO";8;4;;
;;;"[7:0]";"";"s_hist[170][15:8]"
"0xc0a";5d0a;"RO";8;0;;
;;;"[7:0]";"";"s_hist[170][23:16]"
"0xc0c";5d0c;"RO";8;0;;
;;;"[7:0]";"";"s_hist[171][7:0]"
"0xc0d";5d0d;"RO";8;4;;
;;;"[7:0]";"";"s_hist[171][15:8]"
"0xc0e";5d0e;"RO";8;0;;
;;;"[7:0]";"";"s_hist[171][23:16]"
"0xc10";5d10;"RO";8;0;;
;;;"[7:0]";"";"s_hist[172][7:0]"
"0xc11";5d11;"RO";8;4;;
;;;"[7:0]";"";"s_hist[172][15:8]"
"0xc12";5d12;"RO";8;0;;
;;;"[7:0]";"";"s_hist[172][23:16]"
"0xc14";5d14;"RO";8;0;;
;;;"[7:0]";"";"s_hist[173][7:0]"
"0xc15";5d15;"RO";8;4;;
;;;"[7:0]";"";"s_hist[173][15:8]"
"0xc16";5d16;"RO";8;0;;
;;;"[7:0]";"";"s_hist[173][23:16]"
"0xc18";5d18;"RO";8;0;;
;;;"[7:0]";"";"s_hist[174][7:0]"
"0xc19";5d19;"RO";8;4;;
;;;"[7:0]";"";"s_hist[174][15:8]"
"0xc1a";5d1a;"RO";8;0;;
;;;"[7:0]";"";"s_hist[174][23:16]"
"0xc1c";5d1c;"RO";8;0;;
;;;"[7:0]";"";"s_hist[175][7:0]"
"0xc1d";5d1d;"RO";8;4;;
;;;"[7:0]";"";"s_hist[175][15:8]"
"0xc1e";5d1e;"RO";8;0;;
;;;"[7:0]";"";"s_hist[175][23:16]"
"0xc20";5d20;"RO";8;0;;
;;;"[7:0]";"";"s_hist[176][7:0]"
"0xc21";5d21;"RO";8;4;;
;;;"[7:0]";"";"s_hist[176][15:8]"
"0xc22";5d22;"RO";8;0;;
;;;"[7:0]";"";"s_hist[176][23:16]"
"0xc24";5d24;"RO";8;0;;
;;;"[7:0]";"";"s_hist[177][7:0]"
"0xc25";5d25;"RO";8;4;;
;;;"[7:0]";"";"s_hist[177][15:8]"
"0xc26";5d26;"RO";8;0;;
;;;"[7:0]";"";"s_hist[177][23:16]"
"0xc28";5d28;"RO";8;0;;
;;;"[7:0]";"";"s_hist[178][7:0]"
"0xc29";5d29;"RO";8;4;;
;;;"[7:0]";"";"s_hist[178][15:8]"
"0xc2a";5d2a;"RO";8;0;;
;;;"[7:0]";"";"s_hist[178][23:16]"
"0xc2c";5d2c;"RO";8;0;;
;;;"[7:0]";"";"s_hist[179][7:0]"
"0xc2d";5d2d;"RO";8;4;;
;;;"[7:0]";"";"s_hist[179][15:8]"
"0xc2e";5d2e;"RO";8;0;;
;;;"[7:0]";"";"s_hist[179][23:16]"
"0xc30";5d30;"RO";8;0;;
;;;"[7:0]";"";"s_hist[180][7:0]"
"0xc31";5d31;"RO";8;4;;
;;;"[7:0]";"";"s_hist[180][15:8]"
"0xc32";5d32;"RO";8;0;;
;;;"[7:0]";"";"s_hist[180][23:16]"
"0xc34";5d34;"RO";8;0;;
;;;"[7:0]";"";"s_hist[181][7:0]"
"0xc35";5d35;"RO";8;4;;
;;;"[7:0]";"";"s_hist[181][15:8]"
"0xc36";5d36;"RO";8;0;;
;;;"[7:0]";"";"s_hist[181][23:16]"
"0xc38";5d38;"RO";8;0;;
;;;"[7:0]";"";"s_hist[182][7:0]"
"0xc39";5d39;"RO";8;4;;
;;;"[7:0]";"";"s_hist[182][15:8]"
"0xc3a";5d3a;"RO";8;0;;
;;;"[7:0]";"";"s_hist[182][23:16]"
"0xc3c";5d3c;"RO";8;0;;
;;;"[7:0]";"";"s_hist[183][7:0]"
"0xc3d";5d3d;"RO";8;4;;
;;;"[7:0]";"";"s_hist[183][15:8]"
"0xc3e";5d3e;"RO";8;0;;
;;;"[7:0]";"";"s_hist[183][23:16]"
"0xc40";5d40;"RO";8;0;;
;;;"[7:0]";"";"s_hist[184][7:0]"
"0xc41";5d41;"RO";8;4;;
;;;"[7:0]";"";"s_hist[184][15:8]"
"0xc42";5d42;"RO";8;0;;
;;;"[7:0]";"";"s_hist[184][23:16]"
"0xc44";5d44;"RO";8;0;;
;;;"[7:0]";"";"s_hist[185][7:0]"
"0xc45";5d45;"RO";8;4;;
;;;"[7:0]";"";"s_hist[185][15:8]"
"0xc46";5d46;"RO";8;0;;
;;;"[7:0]";"";"s_hist[185][23:16]"
"0xc48";5d48;"RO";8;0;;
;;;"[7:0]";"";"s_hist[186][7:0]"
"0xc49";5d49;"RO";8;4;;
;;;"[7:0]";"";"s_hist[186][15:8]"
"0xc4a";5d4a;"RO";8;0;;
;;;"[7:0]";"";"s_hist[186][23:16]"
"0xc4c";5d4c;"RO";8;0;;
;;;"[7:0]";"";"s_hist[187][7:0]"
"0xc4d";5d4d;"RO";8;4;;
;;;"[7:0]";"";"s_hist[187][15:8]"
"0xc4e";5d4e;"RO";8;0;;
;;;"[7:0]";"";"s_hist[187][23:16]"
"0xc50";5d50;"RO";8;0;;
;;;"[7:0]";"";"s_hist[188][7:0]"
"0xc51";5d51;"RO";8;4;;
;;;"[7:0]";"";"s_hist[188][15:8]"
"0xc52";5d52;"RO";8;0;;
;;;"[7:0]";"";"s_hist[188][23:16]"
"0xc54";5d54;"RO";8;0;;
;;;"[7:0]";"";"s_hist[189][7:0]"
"0xc55";5d55;"RO";8;4;;
;;;"[7:0]";"";"s_hist[189][15:8]"
"0xc56";5d56;"RO";8;0;;
;;;"[7:0]";"";"s_hist[189][23:16]"
"0xc58";5d58;"RO";8;0;;
;;;"[7:0]";"";"s_hist[190][7:0]"
"0xc59";5d59;"RO";8;4;;
;;;"[7:0]";"";"s_hist[190][15:8]"
"0xc5a";5d5a;"RO";8;0;;
;;;"[7:0]";"";"s_hist[190][23:16]"
"0xc5c";5d5c;"RO";8;0;;
;;;"[7:0]";"";"s_hist[191][7:0]"
"0xc5d";5d5d;"RO";8;4;;
;;;"[7:0]";"";"s_hist[191][15:8]"
"0xc5e";5d5e;"RO";8;0;;
;;;"[7:0]";"";"s_hist[191][23:16]"
"0xc60";5d60;"RO";8;0;;
;;;"[7:0]";"";"s_hist[192][7:0]"
"0xc61";5d61;"RO";8;4;;
;;;"[7:0]";"";"s_hist[192][15:8]"
"0xc62";5d62;"RO";8;0;;
;;;"[7:0]";"";"s_hist[192][23:16]"
"0xc64";5d64;"RO";8;0;;
;;;"[7:0]";"";"s_hist[193][7:0]"
"0xc65";5d65;"RO";8;4;;
;;;"[7:0]";"";"s_hist[193][15:8]"
"0xc66";5d66;"RO";8;0;;
;;;"[7:0]";"";"s_hist[193][23:16]"
"0xc68";5d68;"RO";8;0;;
;;;"[7:0]";"";"s_hist[194][7:0]"
"0xc69";5d69;"RO";8;4;;
;;;"[7:0]";"";"s_hist[194][15:8]"
"0xc6a";5d6a;"RO";8;0;;
;;;"[7:0]";"";"s_hist[194][23:16]"
"0xc6c";5d6c;"RO";8;0;;
;;;"[7:0]";"";"s_hist[195][7:0]"
"0xc6d";5d6d;"RO";8;4;;
;;;"[7:0]";"";"s_hist[195][15:8]"
"0xc6e";5d6e;"RO";8;0;;
;;;"[7:0]";"";"s_hist[195][23:16]"
"0xc70";5d70;"RO";8;0;;
;;;"[7:0]";"";"s_hist[196][7:0]"
"0xc71";5d71;"RO";8;4;;
;;;"[7:0]";"";"s_hist[196][15:8]"
"0xc72";5d72;"RO";8;0;;
;;;"[7:0]";"";"s_hist[196][23:16]"
"0xc74";5d74;"RO";8;0;;
;;;"[7:0]";"";"s_hist[197][7:0]"
"0xc75";5d75;"RO";8;4;;
;;;"[7:0]";"";"s_hist[197][15:8]"
"0xc76";5d76;"RO";8;0;;
;;;"[7:0]";"";"s_hist[197][23:16]"
"0xc78";5d78;"RO";8;0;;
;;;"[7:0]";"";"s_hist[198][7:0]"
"0xc79";5d79;"RO";8;4;;
;;;"[7:0]";"";"s_hist[198][15:8]"
"0xc7a";5d7a;"RO";8;0;;
;;;"[7:0]";"";"s_hist[198][23:16]"
"0xc7c";5d7c;"RO";8;0;;
;;;"[7:0]";"";"s_hist[199][7:0]"
"0xc7d";5d7d;"RO";8;4;;
;;;"[7:0]";"";"s_hist[199][15:8]"
"0xc7e";5d7e;"RO";8;0;;
;;;"[7:0]";"";"s_hist[199][23:16]"
"0xc80";5d80;"RO";8;0;;
;;;"[7:0]";"";"s_hist[200][7:0]"
"0xc81";5d81;"RO";8;4;;
;;;"[7:0]";"";"s_hist[200][15:8]"
"0xc82";5d82;"RO";8;0;;
;;;"[7:0]";"";"s_hist[200][23:16]"
"0xc84";5d84;"RO";8;0;;
;;;"[7:0]";"";"s_hist[201][7:0]"
"0xc85";5d85;"RO";8;4;;
;;;"[7:0]";"";"s_hist[201][15:8]"
"0xc86";5d86;"RO";8;0;;
;;;"[7:0]";"";"s_hist[201][23:16]"
"0xc88";5d88;"RO";8;0;;
;;;"[7:0]";"";"s_hist[202][7:0]"
"0xc89";5d89;"RO";8;4;;
;;;"[7:0]";"";"s_hist[202][15:8]"
"0xc8a";5d8a;"RO";8;0;;
;;;"[7:0]";"";"s_hist[202][23:16]"
"0xc8c";5d8c;"RO";8;0;;
;;;"[7:0]";"";"s_hist[203][7:0]"
"0xc8d";5d8d;"RO";8;4;;
;;;"[7:0]";"";"s_hist[203][15:8]"
"0xc8e";5d8e;"RO";8;0;;
;;;"[7:0]";"";"s_hist[203][23:16]"
"0xc90";5d90;"RO";8;0;;
;;;"[7:0]";"";"s_hist[204][7:0]"
"0xc91";5d91;"RO";8;4;;
;;;"[7:0]";"";"s_hist[204][15:8]"
"0xc92";5d92;"RO";8;0;;
;;;"[7:0]";"";"s_hist[204][23:16]"
"0xc94";5d94;"RO";8;0;;
;;;"[7:0]";"";"s_hist[205][7:0]"
"0xc95";5d95;"RO";8;4;;
;;;"[7:0]";"";"s_hist[205][15:8]"
"0xc96";5d96;"RO";8;0;;
;;;"[7:0]";"";"s_hist[205][23:16]"
"0xc98";5d98;"RO";8;0;;
;;;"[7:0]";"";"s_hist[206][7:0]"
"0xc99";5d99;"RO";8;4;;
;;;"[7:0]";"";"s_hist[206][15:8]"
"0xc9a";5d9a;"RO";8;0;;
;;;"[7:0]";"";"s_hist[206][23:16]"
"0xc9c";5d9c;"RO";8;0;;
;;;"[7:0]";"";"s_hist[207][7:0]"
"0xc9d";5d9d;"RO";8;4;;
;;;"[7:0]";"";"s_hist[207][15:8]"
"0xc9e";5d9e;"RO";8;0;;
;;;"[7:0]";"";"s_hist[207][23:16]"
"0xca0";5da0;"RO";8;0;;
;;;"[7:0]";"";"s_hist[208][7:0]"
"0xca1";5da1;"RO";8;4;;
;;;"[7:0]";"";"s_hist[208][15:8]"
"0xca2";5da2;"RO";8;0;;
;;;"[7:0]";"";"s_hist[208][23:16]"
"0xca4";5da4;"RO";8;0;;
;;;"[7:0]";"";"s_hist[209][7:0]"
"0xca5";5da5;"RO";8;4;;
;;;"[7:0]";"";"s_hist[209][15:8]"
"0xca6";5da6;"RO";8;0;;
;;;"[7:0]";"";"s_hist[209][23:16]"
"0xca8";5da8;"RO";8;0;;
;;;"[7:0]";"";"s_hist[210][7:0]"
"0xca9";5da9;"RO";8;4;;
;;;"[7:0]";"";"s_hist[210][15:8]"
"0xcaa";5daa;"RO";8;0;;
;;;"[7:0]";"";"s_hist[210][23:16]"
"0xcac";5dac;"RO";8;0;;
;;;"[7:0]";"";"s_hist[211][7:0]"
"0xcad";5dad;"RO";8;4;;
;;;"[7:0]";"";"s_hist[211][15:8]"
"0xcae";5dae;"RO";8;0;;
;;;"[7:0]";"";"s_hist[211][23:16]"
"0xcb0";5db0;"RO";8;0;;
;;;"[7:0]";"";"s_hist[212][7:0]"
"0xcb1";5db1;"RO";8;4;;
;;;"[7:0]";"";"s_hist[212][15:8]"
"0xcb2";5db2;"RO";8;0;;
;;;"[7:0]";"";"s_hist[212][23:16]"
"0xcb4";5db4;"RO";8;0;;
;;;"[7:0]";"";"s_hist[213][7:0]"
"0xcb5";5db5;"RO";8;4;;
;;;"[7:0]";"";"s_hist[213][15:8]"
"0xcb6";5db6;"RO";8;0;;
;;;"[7:0]";"";"s_hist[213][23:16]"
"0xcb8";5db8;"RO";8;0;;
;;;"[7:0]";"";"s_hist[214][7:0]"
"0xcb9";5db9;"RO";8;4;;
;;;"[7:0]";"";"s_hist[214][15:8]"
"0xcba";5dba;"RO";8;0;;
;;;"[7:0]";"";"s_hist[214][23:16]"
"0xcbc";5dbc;"RO";8;0;;
;;;"[7:0]";"";"s_hist[215][7:0]"
"0xcbd";5dbd;"RO";8;4;;
;;;"[7:0]";"";"s_hist[215][15:8]"
"0xcbe";5dbe;"RO";8;0;;
;;;"[7:0]";"";"s_hist[215][23:16]"
"0xcc0";5dc0;"RO";8;0;;
;;;"[7:0]";"";"s_hist[216][7:0]"
"0xcc1";5dc1;"RO";8;4;;
;;;"[7:0]";"";"s_hist[216][15:8]"
"0xcc2";5dc2;"RO";8;0;;
;;;"[7:0]";"";"s_hist[216][23:16]"
"0xcc4";5dc4;"RO";8;0;;
;;;"[7:0]";"";"s_hist[217][7:0]"
"0xcc5";5dc5;"RO";8;4;;
;;;"[7:0]";"";"s_hist[217][15:8]"
"0xcc6";5dc6;"RO";8;0;;
;;;"[7:0]";"";"s_hist[217][23:16]"
"0xcc8";5dc8;"RO";8;0;;
;;;"[7:0]";"";"s_hist[218][7:0]"
"0xcc9";5dc9;"RO";8;4;;
;;;"[7:0]";"";"s_hist[218][15:8]"
"0xcca";5dca;"RO";8;0;;
;;;"[7:0]";"";"s_hist[218][23:16]"
"0xccc";5dcc;"RO";8;0;;
;;;"[7:0]";"";"s_hist[219][7:0]"
"0xccd";5dcd;"RO";8;4;;
;;;"[7:0]";"";"s_hist[219][15:8]"
"0xcce";5dce;"RO";8;0;;
;;;"[7:0]";"";"s_hist[219][23:16]"
"0xcd0";5dd0;"RO";8;0;;
;;;"[7:0]";"";"s_hist[220][7:0]"
"0xcd1";5dd1;"RO";8;4;;
;;;"[7:0]";"";"s_hist[220][15:8]"
"0xcd2";5dd2;"RO";8;0;;
;;;"[7:0]";"";"s_hist[220][23:16]"
"0xcd4";5dd4;"RO";8;0;;
;;;"[7:0]";"";"s_hist[221][7:0]"
"0xcd5";5dd5;"RO";8;4;;
;;;"[7:0]";"";"s_hist[221][15:8]"
"0xcd6";5dd6;"RO";8;0;;
;;;"[7:0]";"";"s_hist[221][23:16]"
"0xcd8";5dd8;"RO";8;0;;
;;;"[7:0]";"";"s_hist[222][7:0]"
"0xcd9";5dd9;"RO";8;4;;
;;;"[7:0]";"";"s_hist[222][15:8]"
"0xcda";5dda;"RO";8;0;;
;;;"[7:0]";"";"s_hist[222][23:16]"
"0xcdc";5ddc;"RO";8;0;;
;;;"[7:0]";"";"s_hist[223][7:0]"
"0xcdd";5ddd;"RO";8;4;;
;;;"[7:0]";"";"s_hist[223][15:8]"
"0xcde";5dde;"RO";8;0;;
;;;"[7:0]";"";"s_hist[223][23:16]"
"0xce0";5de0;"RO";8;0;;
;;;"[7:0]";"";"s_hist[224][7:0]"
"0xce1";5de1;"RO";8;4;;
;;;"[7:0]";"";"s_hist[224][15:8]"
"0xce2";5de2;"RO";8;0;;
;;;"[7:0]";"";"s_hist[224][23:16]"
"0xce4";5de4;"RO";8;0;;
;;;"[7:0]";"";"s_hist[225][7:0]"
"0xce5";5de5;"RO";8;4;;
;;;"[7:0]";"";"s_hist[225][15:8]"
"0xce6";5de6;"RO";8;0;;
;;;"[7:0]";"";"s_hist[225][23:16]"
"0xce8";5de8;"RO";8;0;;
;;;"[7:0]";"";"s_hist[226][7:0]"
"0xce9";5de9;"RO";8;4;;
;;;"[7:0]";"";"s_hist[226][15:8]"
"0xcea";5dea;"RO";8;0;;
;;;"[7:0]";"";"s_hist[226][23:16]"
"0xcec";5dec;"RO";8;0;;
;;;"[7:0]";"";"s_hist[227][7:0]"
"0xced";5ded;"RO";8;4;;
;;;"[7:0]";"";"s_hist[227][15:8]"
"0xcee";5dee;"RO";8;0;;
;;;"[7:0]";"";"s_hist[227][23:16]"
"0xcf0";5df0;"RO";8;0;;
;;;"[7:0]";"";"s_hist[228][7:0]"
"0xcf1";5df1;"RO";8;4;;
;;;"[7:0]";"";"s_hist[228][15:8]"
"0xcf2";5df2;"RO";8;0;;
;;;"[7:0]";"";"s_hist[228][23:16]"
"0xcf4";5df4;"RO";8;0;;
;;;"[7:0]";"";"s_hist[229][7:0]"
"0xcf5";5df5;"RO";8;4;;
;;;"[7:0]";"";"s_hist[229][15:8]"
"0xcf6";5df6;"RO";8;0;;
;;;"[7:0]";"";"s_hist[229][23:16]"
"0xcf8";5df8;"RO";8;0;;
;;;"[7:0]";"";"s_hist[230][7:0]"
"0xcf9";5df9;"RO";8;4;;
;;;"[7:0]";"";"s_hist[230][15:8]"
"0xcfa";5dfa;"RO";8;0;;
;;;"[7:0]";"";"s_hist[230][23:16]"
"0xcfc";5dfc;"RO";8;0;;
;;;"[7:0]";"";"s_hist[231][7:0]"
"0xcfd";5dfd;"RO";8;4;;
;;;"[7:0]";"";"s_hist[231][15:8]"
"0xcfe";5dfe;"RO";8;0;;
;;;"[7:0]";"";"s_hist[231][23:16]"
"0xd00";5e00;"RO";8;0;;
;;;"[7:0]";"";"s_hist[232][7:0]"
"0xd01";5e01;"RO";8;4;;
;;;"[7:0]";"";"s_hist[232][15:8]"
"0xd02";5e02;"RO";8;0;;
;;;"[7:0]";"";"s_hist[232][23:16]"
"0xd04";5e04;"RO";8;0;;
;;;"[7:0]";"";"s_hist[233][7:0]"
"0xd05";5e05;"RO";8;4;;
;;;"[7:0]";"";"s_hist[233][15:8]"
"0xd06";5e06;"RO";8;0;;
;;;"[7:0]";"";"s_hist[233][23:16]"
"0xd08";5e08;"RO";8;0;;
;;;"[7:0]";"";"s_hist[234][7:0]"
"0xd09";5e09;"RO";8;4;;
;;;"[7:0]";"";"s_hist[234][15:8]"
"0xd0a";5e0a;"RO";8;0;;
;;;"[7:0]";"";"s_hist[234][23:16]"
"0xd0c";5e0c;"RO";8;0;;
;;;"[7:0]";"";"s_hist[235][7:0]"
"0xd0d";5e0d;"RO";8;4;;
;;;"[7:0]";"";"s_hist[235][15:8]"
"0xd0e";5e0e;"RO";8;0;;
;;;"[7:0]";"";"s_hist[235][23:16]"
"0xd10";5e10;"RO";8;0;;
;;;"[7:0]";"";"s_hist[236][7:0]"
"0xd11";5e11;"RO";8;4;;
;;;"[7:0]";"";"s_hist[236][15:8]"
"0xd12";5e12;"RO";8;0;;
;;;"[7:0]";"";"s_hist[236][23:16]"
"0xd14";5e14;"RO";8;0;;
;;;"[7:0]";"";"s_hist[237][7:0]"
"0xd15";5e15;"RO";8;4;;
;;;"[7:0]";"";"s_hist[237][15:8]"
"0xd16";5e16;"RO";8;0;;
;;;"[7:0]";"";"s_hist[237][23:16]"
"0xd18";5e18;"RO";8;0;;
;;;"[7:0]";"";"s_hist[238][7:0]"
"0xd19";5e19;"RO";8;4;;
;;;"[7:0]";"";"s_hist[238][15:8]"
"0xd1a";5e1a;"RO";8;0;;
;;;"[7:0]";"";"s_hist[238][23:16]"
"0xd1c";5e1c;"RO";8;0;;
;;;"[7:0]";"";"s_hist[239][7:0]"
"0xd1d";5e1d;"RO";8;4;;
;;;"[7:0]";"";"s_hist[239][15:8]"
"0xd1e";5e1e;"RO";8;0;;
;;;"[7:0]";"";"s_hist[239][23:16]"
"0xd20";5e20;"RO";8;0;;
;;;"[7:0]";"";"s_hist[240][7:0]"
"0xd21";5e21;"RO";8;4;;
;;;"[7:0]";"";"s_hist[240][15:8]"
"0xd22";5e22;"RO";8;0;;
;;;"[7:0]";"";"s_hist[240][23:16]"
"0xd24";5e24;"RO";8;0;;
;;;"[7:0]";"";"s_hist[241][7:0]"
"0xd25";5e25;"RO";8;4;;
;;;"[7:0]";"";"s_hist[241][15:8]"
"0xd26";5e26;"RO";8;0;;
;;;"[7:0]";"";"s_hist[241][23:16]"
"0xd28";5e28;"RO";8;0;;
;;;"[7:0]";"";"s_hist[242][7:0]"
"0xd29";5e29;"RO";8;4;;
;;;"[7:0]";"";"s_hist[242][15:8]"
"0xd2a";5e2a;"RO";8;0;;
;;;"[7:0]";"";"s_hist[242][23:16]"
"0xd2c";5e2c;"RO";8;0;;
;;;"[7:0]";"";"s_hist[243][7:0]"
"0xd2d";5e2d;"RO";8;4;;
;;;"[7:0]";"";"s_hist[243][15:8]"
"0xd2e";5e2e;"RO";8;0;;
;;;"[7:0]";"";"s_hist[243][23:16]"
"0xd30";5e30;"RO";8;0;;
;;;"[7:0]";"";"s_hist[244][7:0]"
"0xd31";5e31;"RO";8;4;;
;;;"[7:0]";"";"s_hist[244][15:8]"
"0xd32";5e32;"RO";8;0;;
;;;"[7:0]";"";"s_hist[244][23:16]"
"0xd34";5e34;"RO";8;0;;
;;;"[7:0]";"";"s_hist[245][7:0]"
"0xd35";5e35;"RO";8;4;;
;;;"[7:0]";"";"s_hist[245][15:8]"
"0xd36";5e36;"RO";8;0;;
;;;"[7:0]";"";"s_hist[245][23:16]"
"0xd38";5e38;"RO";8;0;;
;;;"[7:0]";"";"s_hist[246][7:0]"
"0xd39";5e39;"RO";8;4;;
;;;"[7:0]";"";"s_hist[246][15:8]"
"0xd3a";5e3a;"RO";8;0;;
;;;"[7:0]";"";"s_hist[246][23:16]"
"0xd3c";5e3c;"RO";8;0;;
;;;"[7:0]";"";"s_hist[247][7:0]"
"0xd3d";5e3d;"RO";8;4;;
;;;"[7:0]";"";"s_hist[247][15:8]"
"0xd3e";5e3e;"RO";8;0;;
;;;"[7:0]";"";"s_hist[247][23:16]"
"0xd40";5e40;"RO";8;0;;
;;;"[7:0]";"";"s_hist[248][7:0]"
"0xd41";5e41;"RO";8;4;;
;;;"[7:0]";"";"s_hist[248][15:8]"
"0xd42";5e42;"RO";8;0;;
;;;"[7:0]";"";"s_hist[248][23:16]"
"0xd44";5e44;"RO";8;0;;
;;;"[7:0]";"";"s_hist[249][7:0]"
"0xd45";5e45;"RO";8;4;;
;;;"[7:0]";"";"s_hist[249][15:8]"
"0xd46";5e46;"RO";8;0;;
;;;"[7:0]";"";"s_hist[249][23:16]"
"0xd48";5e48;"RO";8;0;;
;;;"[7:0]";"";"s_hist[250][7:0]"
"0xd49";5e49;"RO";8;4;;
;;;"[7:0]";"";"s_hist[250][15:8]"
"0xd4a";5e4a;"RO";8;0;;
;;;"[7:0]";"";"s_hist[250][23:16]"
"0xd4c";5e4c;"RO";8;0;;
;;;"[7:0]";"";"s_hist[251][7:0]"
"0xd4d";5e4d;"RO";8;4;;
;;;"[7:0]";"";"s_hist[251][15:8]"
"0xd4e";5e4e;"RO";8;0;;
;;;"[7:0]";"";"s_hist[251][23:16]"
"0xd50";5e50;"RO";8;0;;
;;;"[7:0]";"";"s_hist[252][7:0]"
"0xd51";5e51;"RO";8;4;;
;;;"[7:0]";"";"s_hist[252][15:8]"
"0xd52";5e52;"RO";8;0;;
;;;"[7:0]";"";"s_hist[252][23:16]"
"0xd54";5e54;"RO";8;0;;
;;;"[7:0]";"";"s_hist[253][7:0]"
"0xd55";5e55;"RO";8;4;;
;;;"[7:0]";"";"s_hist[253][15:8]"
"0xd56";5e56;"RO";8;0;;
;;;"[7:0]";"";"s_hist[253][23:16]"
"0xd58";5e58;"RO";8;0;;
;;;"[7:0]";"";"s_hist[254][7:0]"
"0xd59";5e59;"RO";8;4;;
;;;"[7:0]";"";"s_hist[254][15:8]"
"0xd5a";5e5a;"RO";8;0;;
;;;"[7:0]";"";"s_hist[254][23:16]"
"0xd5c";5e5c;"RO";8;0;;
;;;"[7:0]";"";"s_hist[255][7:0]"
"0xd5d";5e5d;"RO";8;4;;
;;;"[7:0]";"";"s_hist[255][15:8]"
"0xd5e";5e5e;"RO";8;0;;
;;;"[7:0]";"";"s_hist[255][23:16]"
"0xd60";5e60;"RO";8;0;;
;;;"[7:0]";"";"s_hist[256][7:0]"
"0xd61";5e61;"RO";8;4;;
;;;"[7:0]";"";"s_hist[256][15:8]"
"0xd62";5e62;"RO";8;0;;
;;;"[7:0]";"";"s_hist[256][23:16]"
"0xd70";5e70;"RO";8;0;;
;;;"[7:0]";"";"s_local_sum[0][0][7:0]"
"0xd71";5e71;"RO";8;0;;
;;;"[7:0]";"";"s_local_sum[0][0][15:8]"
"0xd72";5e72;"RO";8;0;;
;;;"[7:0]";"";"s_local_sum[0][0][23:16]"
"0xd73";5e73;"RO";8;0;;
;;;"[7:0]";"";"s_local_sum[0][0][31:24]"
"0xd74";5e74;"RO";8;0;;
;;;"[7:0]";"";"s_local_sum[0][1][7:0]"
"0xd75";5e75;"RO";8;0;;
;;;"[7:0]";"";"s_local_sum[0][1][15:8]"
"0xd76";5e76;"RO";8;0;;
;;;"[7:0]";"";"s_local_sum[0][1][23:16]"
"0xd77";5e77;"RO";8;0;;
;;;"[7:0]";"";"s_local_sum[0][1][31:24]"
"0xd78";5e78;"RO";8;0;;
;;;"[7:0]";"";"s_local_sum[0][2][7:0]"
"0xd79";5e79;"RO";8;0;;
;;;"[7:0]";"";"s_local_sum[0][2][15:8]"
"0xd7a";5e7a;"RO";8;0;;
;;;"[7:0]";"";"s_local_sum[0][2][23:16]"
"0xd7b";5e7b;"RO";8;0;;
;;;"[7:0]";"";"s_local_sum[0][2][31:24]"
"0xd7c";5e7c;"RO";8;0;;
;;;"[7:0]";"";"s_local_sum[0][3][7:0]"
"0xd7d";5e7d;"RO";8;0;;
;;;"[7:0]";"";"s_local_sum[0][3][15:8]"
"0xd7e";5e7e;"RO";8;0;;
;;;"[7:0]";"";"s_local_sum[0][3][23:16]"
"0xd7f";5e7f;"RO";8;0;;
;;;"[7:0]";"";"s_local_sum[0][3][31:24]"
"0xd80";5e80;"RO";8;0;;
;;;"[7:0]";"";"s_local_sum[0][4][7:0]"
"0xd81";5e81;"RO";8;0;;
;;;"[7:0]";"";"s_local_sum[0][4][15:8]"
"0xd82";5e82;"RO";8;0;;
;;;"[7:0]";"";"s_local_sum[0][4][23:16]"
"0xd83";5e83;"RO";8;0;;
;;;"[7:0]";"";"s_local_sum[0][4][31:24]"
"0xd84";5e84;"RO";8;0;;
;;;"[7:0]";"";"s_local_sum[0][5][7:0]"
"0xd85";5e85;"RO";8;0;;
;;;"[7:0]";"";"s_local_sum[0][5][15:8]"
"0xd86";5e86;"RO";8;0;;
;;;"[7:0]";"";"s_local_sum[0][5][23:16]"
"0xd87";5e87;"RO";8;0;;
;;;"[7:0]";"";"s_local_sum[0][5][31:24]"
"0xd88";5e88;"RO";8;0;;
;;;"[7:0]";"";"s_local_sum[0][6][7:0]"
"0xd89";5e89;"RO";8;0;;
;;;"[7:0]";"";"s_local_sum[0][6][15:8]"
"0xd8a";5e8a;"RO";8;0;;
;;;"[7:0]";"";"s_local_sum[0][6][23:16]"
"0xd8b";5e8b;"RO";8;0;;
;;;"[7:0]";"";"s_local_sum[0][6][31:24]"
"0xd8c";5e8c;"RO";8;0;;
;;;"[7:0]";"";"s_local_sum[0][7][7:0]"
"0xd8d";5e8d;"RO";8;0;;
;;;"[7:0]";"";"s_local_sum[0][7][15:8]"
"0xd8e";5e8e;"RO";8;0;;
;;;"[7:0]";"";"s_local_sum[0][7][23:16]"
"0xd8f";5e8f;"RO";8;0;;
;;;"[7:0]";"";"s_local_sum[0][7][31:24]"
"0xd90";5e90;"RO";8;0;;
;;;"[7:0]";"";"s_local_sum[0][8][7:0]"
"0xd91";5e91;"RO";8;0;;
;;;"[7:0]";"";"s_local_sum[0][8][15:8]"
"0xd92";5e92;"RO";8;0;;
;;;"[7:0]";"";"s_local_sum[0][8][23:16]"
"0xd93";5e93;"RO";8;0;;
;;;"[7:0]";"";"s_local_sum[0][8][31:24]"
"0xd94";5e94;"RO";8;0;;
;;;"[7:0]";"";"s_local_sum[0][9][7:0]"
"0xd95";5e95;"RO";8;0;;
;;;"[7:0]";"";"s_local_sum[0][9][15:8]"
"0xd96";5e96;"RO";8;0;;
;;;"[7:0]";"";"s_local_sum[0][9][23:16]"
"0xd97";5e97;"RO";8;0;;
;;;"[7:0]";"";"s_local_sum[0][9][31:24]"
"0xd98";5e98;"RO";8;0;;
;;;"[7:0]";"";"s_local_sum[0][10][7:0]"
"0xd99";5e99;"RO";8;0;;
;;;"[7:0]";"";"s_local_sum[0][10][15:8]"
"0xd9a";5e9a;"RO";8;0;;
;;;"[7:0]";"";"s_local_sum[0][10][23:16]"
"0xd9b";5e9b;"RO";8;0;;
;;;"[7:0]";"";"s_local_sum[0][10][31:24]"
"0xd9c";5e9c;"RO";8;0;;
;;;"[7:0]";"";"s_local_sum[0][11][7:0]"
"0xd9d";5e9d;"RO";8;0;;
;;;"[7:0]";"";"s_local_sum[0][11][15:8]"
"0xd9e";5e9e;"RO";8;0;;
;;;"[7:0]";"";"s_local_sum[0][11][23:16]"
"0xd9f";5e9f;"RO";8;0;;
;;;"[7:0]";"";"s_local_sum[0][11][31:24]"
"0xda0";5ea0;"RO";8;0;;
;;;"[7:0]";"";"s_local_sum[0][12][7:0]"
"0xda1";5ea1;"RO";8;0;;
;;;"[7:0]";"";"s_local_sum[0][12][15:8]"
"0xda2";5ea2;"RO";8;0;;
;;;"[7:0]";"";"s_local_sum[0][12][23:16]"
"0xda3";5ea3;"RO";8;0;;
;;;"[7:0]";"";"s_local_sum[0][12][31:24]"
"0xda4";5ea4;"RO";8;0;;
;;;"[7:0]";"";"s_local_sum[0][13][7:0]"
"0xda5";5ea5;"RO";8;0;;
;;;"[7:0]";"";"s_local_sum[0][13][15:8]"
"0xda6";5ea6;"RO";8;0;;
;;;"[7:0]";"";"s_local_sum[0][13][23:16]"
"0xda7";5ea7;"RO";8;0;;
;;;"[7:0]";"";"s_local_sum[0][13][31:24]"
"0xda8";5ea8;"RO";8;0;;
;;;"[7:0]";"";"s_local_sum[0][14][7:0]"
"0xda9";5ea9;"RO";8;0;;
;;;"[7:0]";"";"s_local_sum[0][14][15:8]"
"0xdaa";5eaa;"RO";8;0;;
;;;"[7:0]";"";"s_local_sum[0][14][23:16]"
"0xdab";5eab;"RO";8;0;;
;;;"[7:0]";"";"s_local_sum[0][14][31:24]"
"0xdac";5eac;"RO";8;0;;
;;;"[7:0]";"";"s_local_sum[0][15][7:0]"
"0xdad";5ead;"RO";8;0;;
;;;"[7:0]";"";"s_local_sum[0][15][15:8]"
"0xdae";5eae;"RO";8;0;;
;;;"[7:0]";"";"s_local_sum[0][15][23:16]"
"0xdaf";5eaf;"RO";8;0;;
;;;"[7:0]";"";"s_local_sum[0][15][31:24]"
"0xdb0";5eb0;"RO";8;0;;
;;;"[7:0]";"";"s_local_sum[0][16][7:0]"
"0xdb1";5eb1;"RO";8;0;;
;;;"[7:0]";"";"s_local_sum[0][16][15:8]"
"0xdb2";5eb2;"RO";8;0;;
;;;"[7:0]";"";"s_local_sum[0][16][23:16]"
"0xdb3";5eb3;"RO";8;0;;
;;;"[7:0]";"";"s_local_sum[0][16][31:24]"
"0xdb4";5eb4;"RO";8;0;;
;;;"[7:0]";"";"s_local_sum[0][17][7:0]"
"0xdb5";5eb5;"RO";8;0;;
;;;"[7:0]";"";"s_local_sum[0][17][15:8]"
"0xdb6";5eb6;"RO";8;0;;
;;;"[7:0]";"";"s_local_sum[0][17][23:16]"
"0xdb7";5eb7;"RO";8;0;;
;;;"[7:0]";"";"s_local_sum[0][17][31:24]"
"0xdb8";5eb8;"RO";8;0;;
;;;"[7:0]";"";"s_local_sum[0][18][7:0]"
"0xdb9";5eb9;"RO";8;0;;
;;;"[7:0]";"";"s_local_sum[0][18][15:8]"
"0xdba";5eba;"RO";8;0;;
;;;"[7:0]";"";"s_local_sum[0][18][23:16]"
"0xdbb";5ebb;"RO";8;0;;
;;;"[7:0]";"";"s_local_sum[0][18][31:24]"
"0xdbc";5ebc;"RO";8;0;;
;;;"[7:0]";"";"s_local_sum[0][19][7:0]"
"0xdbd";5ebd;"RO";8;0;;
;;;"[7:0]";"";"s_local_sum[0][19][15:8]"
"0xdbe";5ebe;"RO";8;0;;
;;;"[7:0]";"";"s_local_sum[0][19][23:16]"
"0xdbf";5ebf;"RO";8;0;;
;;;"[7:0]";"";"s_local_sum[0][19][31:24]"
"0xdc0";5ec0;"RO";8;0;;
;;;"[7:0]";"";"s_local_sum[0][20][7:0]"
"0xdc1";5ec1;"RO";8;0;;
;;;"[7:0]";"";"s_local_sum[0][20][15:8]"
"0xdc2";5ec2;"RO";8;0;;
;;;"[7:0]";"";"s_local_sum[0][20][23:16]"
"0xdc3";5ec3;"RO";8;0;;
;;;"[7:0]";"";"s_local_sum[0][20][31:24]"
"0xdc4";5ec4;"RO";8;0;;
;;;"[7:0]";"";"s_local_sum[0][21][7:0]"
"0xdc5";5ec5;"RO";8;0;;
;;;"[7:0]";"";"s_local_sum[0][21][15:8]"
"0xdc6";5ec6;"RO";8;0;;
;;;"[7:0]";"";"s_local_sum[0][21][23:16]"
"0xdc7";5ec7;"RO";8;0;;
;;;"[7:0]";"";"s_local_sum[0][21][31:24]"
"0xdc8";5ec8;"RO";8;0;;
;;;"[7:0]";"";"s_local_sum[0][22][7:0]"
"0xdc9";5ec9;"RO";8;0;;
;;;"[7:0]";"";"s_local_sum[0][22][15:8]"
"0xdca";5eca;"RO";8;0;;
;;;"[7:0]";"";"s_local_sum[0][22][23:16]"
"0xdcb";5ecb;"RO";8;0;;
;;;"[7:0]";"";"s_local_sum[0][22][31:24]"
"0xdcc";5ecc;"RO";8;0;;
;;;"[7:0]";"";"s_local_sum[0][23][7:0]"
"0xdcd";5ecd;"RO";8;0;;
;;;"[7:0]";"";"s_local_sum[0][23][15:8]"
"0xdce";5ece;"RO";8;0;;
;;;"[7:0]";"";"s_local_sum[0][23][23:16]"
"0xdcf";5ecf;"RO";8;0;;
;;;"[7:0]";"";"s_local_sum[0][23][31:24]"
"0xdd0";5ed0;"RO";8;0;;
;;;"[7:0]";"";"s_local_sum[0][24][7:0]"
"0xdd1";5ed1;"RO";8;0;;
;;;"[7:0]";"";"s_local_sum[0][24][15:8]"
"0xdd2";5ed2;"RO";8;0;;
;;;"[7:0]";"";"s_local_sum[0][24][23:16]"
"0xdd3";5ed3;"RO";8;0;;
;;;"[7:0]";"";"s_local_sum[0][24][31:24]"
"0xdd4";5ed4;"RO";8;0;;
;;;"[7:0]";"";"s_local_sum[1][0][7:0]"
"0xdd5";5ed5;"RO";8;0;;
;;;"[7:0]";"";"s_local_sum[1][0][15:8]"
"0xdd6";5ed6;"RO";8;0;;
;;;"[7:0]";"";"s_local_sum[1][0][23:16]"
"0xdd7";5ed7;"RO";8;0;;
;;;"[7:0]";"";"s_local_sum[1][0][31:24]"
"0xdd8";5ed8;"RO";8;0;;
;;;"[7:0]";"";"s_local_sum[1][1][7:0]"
"0xdd9";5ed9;"RO";8;0;;
;;;"[7:0]";"";"s_local_sum[1][1][15:8]"
"0xdda";5eda;"RO";8;0;;
;;;"[7:0]";"";"s_local_sum[1][1][23:16]"
"0xddb";5edb;"RO";8;0;;
;;;"[7:0]";"";"s_local_sum[1][1][31:24]"
"0xddc";5edc;"RO";8;0;;
;;;"[7:0]";"";"s_local_sum[1][2][7:0]"
"0xddd";5edd;"RO";8;0;;
;;;"[7:0]";"";"s_local_sum[1][2][15:8]"
"0xdde";5ede;"RO";8;0;;
;;;"[7:0]";"";"s_local_sum[1][2][23:16]"
"0xddf";5edf;"RO";8;0;;
;;;"[7:0]";"";"s_local_sum[1][2][31:24]"
"0xde0";5ee0;"RO";8;0;;
;;;"[7:0]";"";"s_local_sum[1][3][7:0]"
"0xde1";5ee1;"RO";8;0;;
;;;"[7:0]";"";"s_local_sum[1][3][15:8]"
"0xde2";5ee2;"RO";8;0;;
;;;"[7:0]";"";"s_local_sum[1][3][23:16]"
"0xde3";5ee3;"RO";8;0;;
;;;"[7:0]";"";"s_local_sum[1][3][31:24]"
"0xde4";5ee4;"RO";8;0;;
;;;"[7:0]";"";"s_local_sum[1][4][7:0]"
"0xde5";5ee5;"RO";8;0;;
;;;"[7:0]";"";"s_local_sum[1][4][15:8]"
"0xde6";5ee6;"RO";8;0;;
;;;"[7:0]";"";"s_local_sum[1][4][23:16]"
"0xde7";5ee7;"RO";8;0;;
;;;"[7:0]";"";"s_local_sum[1][4][31:24]"
"0xde8";5ee8;"RO";8;0;;
;;;"[7:0]";"";"s_local_sum[1][5][7:0]"
"0xde9";5ee9;"RO";8;0;;
;;;"[7:0]";"";"s_local_sum[1][5][15:8]"
"0xdea";5eea;"RO";8;0;;
;;;"[7:0]";"";"s_local_sum[1][5][23:16]"
"0xdeb";5eeb;"RO";8;0;;
;;;"[7:0]";"";"s_local_sum[1][5][31:24]"
"0xdec";5eec;"RO";8;0;;
;;;"[7:0]";"";"s_local_sum[1][6][7:0]"
"0xded";5eed;"RO";8;0;;
;;;"[7:0]";"";"s_local_sum[1][6][15:8]"
"0xdee";5eee;"RO";8;0;;
;;;"[7:0]";"";"s_local_sum[1][6][23:16]"
"0xdef";5eef;"RO";8;0;;
;;;"[7:0]";"";"s_local_sum[1][6][31:24]"
"0xdf0";5ef0;"RO";8;0;;
;;;"[7:0]";"";"s_local_sum[1][7][7:0]"
"0xdf1";5ef1;"RO";8;0;;
;;;"[7:0]";"";"s_local_sum[1][7][15:8]"
"0xdf2";5ef2;"RO";8;0;;
;;;"[7:0]";"";"s_local_sum[1][7][23:16]"
"0xdf3";5ef3;"RO";8;0;;
;;;"[7:0]";"";"s_local_sum[1][7][31:24]"
"0xdf4";5ef4;"RO";8;0;;
;;;"[7:0]";"";"s_local_sum[1][8][7:0]"
"0xdf5";5ef5;"RO";8;0;;
;;;"[7:0]";"";"s_local_sum[1][8][15:8]"
"0xdf6";5ef6;"RO";8;0;;
;;;"[7:0]";"";"s_local_sum[1][8][23:16]"
"0xdf7";5ef7;"RO";8;0;;
;;;"[7:0]";"";"s_local_sum[1][8][31:24]"
"0xdf8";5ef8;"RO";8;0;;
;;;"[7:0]";"";"s_local_sum[1][9][7:0]"
"0xdf9";5ef9;"RO";8;0;;
;;;"[7:0]";"";"s_local_sum[1][9][15:8]"
"0xdfa";5efa;"RO";8;0;;
;;;"[7:0]";"";"s_local_sum[1][9][23:16]"
"0xdfb";5efb;"RO";8;0;;
;;;"[7:0]";"";"s_local_sum[1][9][31:24]"
"0xdfc";5efc;"RO";8;0;;
;;;"[7:0]";"";"s_local_sum[1][10][7:0]"
"0xdfd";5efd;"RO";8;0;;
;;;"[7:0]";"";"s_local_sum[1][10][15:8]"
"0xdfe";5efe;"RO";8;0;;
;;;"[7:0]";"";"s_local_sum[1][10][23:16]"
"0xdff";5eff;"RO";8;0;;
;;;"[7:0]";"";"s_local_sum[1][10][31:24]"
"0xe00";5f00;"RO";8;0;;
;;;"[7:0]";"";"s_local_sum[1][11][7:0]"
"0xe01";5f01;"RO";8;0;;
;;;"[7:0]";"";"s_local_sum[1][11][15:8]"
"0xe02";5f02;"RO";8;0;;
;;;"[7:0]";"";"s_local_sum[1][11][23:16]"
"0xe03";5f03;"RO";8;0;;
;;;"[7:0]";"";"s_local_sum[1][11][31:24]"
"0xe04";5f04;"RO";8;0;;
;;;"[7:0]";"";"s_local_sum[1][12][7:0]"
"0xe05";5f05;"RO";8;0;;
;;;"[7:0]";"";"s_local_sum[1][12][15:8]"
"0xe06";5f06;"RO";8;0;;
;;;"[7:0]";"";"s_local_sum[1][12][23:16]"
"0xe07";5f07;"RO";8;0;;
;;;"[7:0]";"";"s_local_sum[1][12][31:24]"
"0xe08";5f08;"RO";8;0;;
;;;"[7:0]";"";"s_local_sum[1][13][7:0]"
"0xe09";5f09;"RO";8;0;;
;;;"[7:0]";"";"s_local_sum[1][13][15:8]"
"0xe0a";5f0a;"RO";8;0;;
;;;"[7:0]";"";"s_local_sum[1][13][23:16]"
"0xe0b";5f0b;"RO";8;0;;
;;;"[7:0]";"";"s_local_sum[1][13][31:24]"
"0xe0c";5f0c;"RO";8;0;;
;;;"[7:0]";"";"s_local_sum[1][14][7:0]"
"0xe0d";5f0d;"RO";8;0;;
;;;"[7:0]";"";"s_local_sum[1][14][15:8]"
"0xe0e";5f0e;"RO";8;0;;
;;;"[7:0]";"";"s_local_sum[1][14][23:16]"
"0xe0f";5f0f;"RO";8;0;;
;;;"[7:0]";"";"s_local_sum[1][14][31:24]"
"0xe10";5f10;"RO";8;0;;
;;;"[7:0]";"";"s_local_sum[1][15][7:0]"
"0xe11";5f11;"RO";8;0;;
;;;"[7:0]";"";"s_local_sum[1][15][15:8]"
"0xe12";5f12;"RO";8;0;;
;;;"[7:0]";"";"s_local_sum[1][15][23:16]"
"0xe13";5f13;"RO";8;0;;
;;;"[7:0]";"";"s_local_sum[1][15][31:24]"
"0xe14";5f14;"RO";8;0;;
;;;"[7:0]";"";"s_local_sum[1][16][7:0]"
"0xe15";5f15;"RO";8;0;;
;;;"[7:0]";"";"s_local_sum[1][16][15:8]"
"0xe16";5f16;"RO";8;0;;
;;;"[7:0]";"";"s_local_sum[1][16][23:16]"
"0xe17";5f17;"RO";8;0;;
;;;"[7:0]";"";"s_local_sum[1][16][31:24]"
"0xe18";5f18;"RO";8;0;;
;;;"[7:0]";"";"s_local_sum[1][17][7:0]"
"0xe19";5f19;"RO";8;0;;
;;;"[7:0]";"";"s_local_sum[1][17][15:8]"
"0xe1a";5f1a;"RO";8;0;;
;;;"[7:0]";"";"s_local_sum[1][17][23:16]"
"0xe1b";5f1b;"RO";8;0;;
;;;"[7:0]";"";"s_local_sum[1][17][31:24]"
"0xe1c";5f1c;"RO";8;0;;
;;;"[7:0]";"";"s_local_sum[1][18][7:0]"
"0xe1d";5f1d;"RO";8;0;;
;;;"[7:0]";"";"s_local_sum[1][18][15:8]"
"0xe1e";5f1e;"RO";8;0;;
;;;"[7:0]";"";"s_local_sum[1][18][23:16]"
"0xe1f";5f1f;"RO";8;0;;
;;;"[7:0]";"";"s_local_sum[1][18][31:24]"
"0xe20";5f20;"RO";8;0;;
;;;"[7:0]";"";"s_local_sum[1][19][7:0]"
"0xe21";5f21;"RO";8;0;;
;;;"[7:0]";"";"s_local_sum[1][19][15:8]"
"0xe22";5f22;"RO";8;0;;
;;;"[7:0]";"";"s_local_sum[1][19][23:16]"
"0xe23";5f23;"RO";8;0;;
;;;"[7:0]";"";"s_local_sum[1][19][31:24]"
"0xe24";5f24;"RO";8;0;;
;;;"[7:0]";"";"s_local_sum[1][20][7:0]"
"0xe25";5f25;"RO";8;0;;
;;;"[7:0]";"";"s_local_sum[1][20][15:8]"
"0xe26";5f26;"RO";8;0;;
;;;"[7:0]";"";"s_local_sum[1][20][23:16]"
"0xe27";5f27;"RO";8;0;;
;;;"[7:0]";"";"s_local_sum[1][20][31:24]"
"0xe28";5f28;"RO";8;0;;
;;;"[7:0]";"";"s_local_sum[1][21][7:0]"
"0xe29";5f29;"RO";8;0;;
;;;"[7:0]";"";"s_local_sum[1][21][15:8]"
"0xe2a";5f2a;"RO";8;0;;
;;;"[7:0]";"";"s_local_sum[1][21][23:16]"
"0xe2b";5f2b;"RO";8;0;;
;;;"[7:0]";"";"s_local_sum[1][21][31:24]"
"0xe2c";5f2c;"RO";8;0;;
;;;"[7:0]";"";"s_local_sum[1][22][7:0]"
"0xe2d";5f2d;"RO";8;0;;
;;;"[7:0]";"";"s_local_sum[1][22][15:8]"
"0xe2e";5f2e;"RO";8;0;;
;;;"[7:0]";"";"s_local_sum[1][22][23:16]"
"0xe2f";5f2f;"RO";8;0;;
;;;"[7:0]";"";"s_local_sum[1][22][31:24]"
"0xe30";5f30;"RO";8;0;;
;;;"[7:0]";"";"s_local_sum[1][23][7:0]"
"0xe31";5f31;"RO";8;0;;
;;;"[7:0]";"";"s_local_sum[1][23][15:8]"
"0xe32";5f32;"RO";8;0;;
;;;"[7:0]";"";"s_local_sum[1][23][23:16]"
"0xe33";5f33;"RO";8;0;;
;;;"[7:0]";"";"s_local_sum[1][23][31:24]"
"0xe34";5f34;"RO";8;0;;
;;;"[7:0]";"";"s_local_sum[1][24][7:0]"
"0xe35";5f35;"RO";8;0;;
;;;"[7:0]";"";"s_local_sum[1][24][15:8]"
"0xe36";5f36;"RO";8;0;;
;;;"[7:0]";"";"s_local_sum[1][24][23:16]"
"0xe37";5f37;"RO";8;0;;
;;;"[7:0]";"";"s_local_sum[1][24][31:24]"
"0xe38";5f38;"RO";8;0;;
;;;"[7:0]";"";"s_local_sum[2][0][7:0]"
"0xe39";5f39;"RO";8;0;;
;;;"[7:0]";"";"s_local_sum[2][0][15:8]"
"0xe3a";5f3a;"RO";8;0;;
;;;"[7:0]";"";"s_local_sum[2][0][23:16]"
"0xe3b";5f3b;"RO";8;0;;
;;;"[7:0]";"";"s_local_sum[2][0][31:24]"
"0xe3c";5f3c;"RO";8;0;;
;;;"[7:0]";"";"s_local_sum[2][1][7:0]"
"0xe3d";5f3d;"RO";8;0;;
;;;"[7:0]";"";"s_local_sum[2][1][15:8]"
"0xe3e";5f3e;"RO";8;0;;
;;;"[7:0]";"";"s_local_sum[2][1][23:16]"
"0xe3f";5f3f;"RO";8;0;;
;;;"[7:0]";"";"s_local_sum[2][1][31:24]"
"0xe40";5f40;"RO";8;0;;
;;;"[7:0]";"";"s_local_sum[2][2][7:0]"
"0xe41";5f41;"RO";8;0;;
;;;"[7:0]";"";"s_local_sum[2][2][15:8]"
"0xe42";5f42;"RO";8;0;;
;;;"[7:0]";"";"s_local_sum[2][2][23:16]"
"0xe43";5f43;"RO";8;0;;
;;;"[7:0]";"";"s_local_sum[2][2][31:24]"
"0xe44";5f44;"RO";8;0;;
;;;"[7:0]";"";"s_local_sum[2][3][7:0]"
"0xe45";5f45;"RO";8;0;;
;;;"[7:0]";"";"s_local_sum[2][3][15:8]"
"0xe46";5f46;"RO";8;0;;
;;;"[7:0]";"";"s_local_sum[2][3][23:16]"
"0xe47";5f47;"RO";8;0;;
;;;"[7:0]";"";"s_local_sum[2][3][31:24]"
"0xe48";5f48;"RO";8;0;;
;;;"[7:0]";"";"s_local_sum[2][4][7:0]"
"0xe49";5f49;"RO";8;0;;
;;;"[7:0]";"";"s_local_sum[2][4][15:8]"
"0xe4a";5f4a;"RO";8;0;;
;;;"[7:0]";"";"s_local_sum[2][4][23:16]"
"0xe4b";5f4b;"RO";8;0;;
;;;"[7:0]";"";"s_local_sum[2][4][31:24]"
"0xe4c";5f4c;"RO";8;0;;
;;;"[7:0]";"";"s_local_sum[2][5][7:0]"
"0xe4d";5f4d;"RO";8;0;;
;;;"[7:0]";"";"s_local_sum[2][5][15:8]"
"0xe4e";5f4e;"RO";8;0;;
;;;"[7:0]";"";"s_local_sum[2][5][23:16]"
"0xe4f";5f4f;"RO";8;0;;
;;;"[7:0]";"";"s_local_sum[2][5][31:24]"
"0xe50";5f50;"RO";8;0;;
;;;"[7:0]";"";"s_local_sum[2][6][7:0]"
"0xe51";5f51;"RO";8;0;;
;;;"[7:0]";"";"s_local_sum[2][6][15:8]"
"0xe52";5f52;"RO";8;0;;
;;;"[7:0]";"";"s_local_sum[2][6][23:16]"
"0xe53";5f53;"RO";8;0;;
;;;"[7:0]";"";"s_local_sum[2][6][31:24]"
"0xe54";5f54;"RO";8;0;;
;;;"[7:0]";"";"s_local_sum[2][7][7:0]"
"0xe55";5f55;"RO";8;0;;
;;;"[7:0]";"";"s_local_sum[2][7][15:8]"
"0xe56";5f56;"RO";8;0;;
;;;"[7:0]";"";"s_local_sum[2][7][23:16]"
"0xe57";5f57;"RO";8;0;;
;;;"[7:0]";"";"s_local_sum[2][7][31:24]"
"0xe58";5f58;"RO";8;0;;
;;;"[7:0]";"";"s_local_sum[2][8][7:0]"
"0xe59";5f59;"RO";8;0;;
;;;"[7:0]";"";"s_local_sum[2][8][15:8]"
"0xe5a";5f5a;"RO";8;0;;
;;;"[7:0]";"";"s_local_sum[2][8][23:16]"
"0xe5b";5f5b;"RO";8;0;;
;;;"[7:0]";"";"s_local_sum[2][8][31:24]"
"0xe5c";5f5c;"RO";8;0;;
;;;"[7:0]";"";"s_local_sum[2][9][7:0]"
"0xe5d";5f5d;"RO";8;0;;
;;;"[7:0]";"";"s_local_sum[2][9][15:8]"
"0xe5e";5f5e;"RO";8;0;;
;;;"[7:0]";"";"s_local_sum[2][9][23:16]"
"0xe5f";5f5f;"RO";8;0;;
;;;"[7:0]";"";"s_local_sum[2][9][31:24]"
"0xe60";5f60;"RO";8;0;;
;;;"[7:0]";"";"s_local_sum[2][10][7:0]"
"0xe61";5f61;"RO";8;0;;
;;;"[7:0]";"";"s_local_sum[2][10][15:8]"
"0xe62";5f62;"RO";8;0;;
;;;"[7:0]";"";"s_local_sum[2][10][23:16]"
"0xe63";5f63;"RO";8;0;;
;;;"[7:0]";"";"s_local_sum[2][10][31:24]"
"0xe64";5f64;"RO";8;0;;
;;;"[7:0]";"";"s_local_sum[2][11][7:0]"
"0xe65";5f65;"RO";8;0;;
;;;"[7:0]";"";"s_local_sum[2][11][15:8]"
"0xe66";5f66;"RO";8;0;;
;;;"[7:0]";"";"s_local_sum[2][11][23:16]"
"0xe67";5f67;"RO";8;0;;
;;;"[7:0]";"";"s_local_sum[2][11][31:24]"
"0xe68";5f68;"RO";8;0;;
;;;"[7:0]";"";"s_local_sum[2][12][7:0]"
"0xe69";5f69;"RO";8;0;;
;;;"[7:0]";"";"s_local_sum[2][12][15:8]"
"0xe6a";5f6a;"RO";8;0;;
;;;"[7:0]";"";"s_local_sum[2][12][23:16]"
"0xe6b";5f6b;"RO";8;0;;
;;;"[7:0]";"";"s_local_sum[2][12][31:24]"
"0xe6c";5f6c;"RO";8;0;;
;;;"[7:0]";"";"s_local_sum[2][13][7:0]"
"0xe6d";5f6d;"RO";8;0;;
;;;"[7:0]";"";"s_local_sum[2][13][15:8]"
"0xe6e";5f6e;"RO";8;0;;
;;;"[7:0]";"";"s_local_sum[2][13][23:16]"
"0xe6f";5f6f;"RO";8;0;;
;;;"[7:0]";"";"s_local_sum[2][13][31:24]"
"0xe70";5f70;"RO";8;0;;
;;;"[7:0]";"";"s_local_sum[2][14][7:0]"
"0xe71";5f71;"RO";8;0;;
;;;"[7:0]";"";"s_local_sum[2][14][15:8]"
"0xe72";5f72;"RO";8;0;;
;;;"[7:0]";"";"s_local_sum[2][14][23:16]"
"0xe73";5f73;"RO";8;0;;
;;;"[7:0]";"";"s_local_sum[2][14][31:24]"
"0xe74";5f74;"RO";8;0;;
;;;"[7:0]";"";"s_local_sum[2][15][7:0]"
"0xe75";5f75;"RO";8;0;;
;;;"[7:0]";"";"s_local_sum[2][15][15:8]"
"0xe76";5f76;"RO";8;0;;
;;;"[7:0]";"";"s_local_sum[2][15][23:16]"
"0xe77";5f77;"RO";8;0;;
;;;"[7:0]";"";"s_local_sum[2][15][31:24]"
"0xe78";5f78;"RO";8;0;;
;;;"[7:0]";"";"s_local_sum[2][16][7:0]"
"0xe79";5f79;"RO";8;0;;
;;;"[7:0]";"";"s_local_sum[2][16][15:8]"
"0xe7a";5f7a;"RO";8;0;;
;;;"[7:0]";"";"s_local_sum[2][16][23:16]"
"0xe7b";5f7b;"RO";8;0;;
;;;"[7:0]";"";"s_local_sum[2][16][31:24]"
"0xe7c";5f7c;"RO";8;0;;
;;;"[7:0]";"";"s_local_sum[2][17][7:0]"
"0xe7d";5f7d;"RO";8;0;;
;;;"[7:0]";"";"s_local_sum[2][17][15:8]"
"0xe7e";5f7e;"RO";8;0;;
;;;"[7:0]";"";"s_local_sum[2][17][23:16]"
"0xe7f";5f7f;"RO";8;0;;
;;;"[7:0]";"";"s_local_sum[2][17][31:24]"
"0xe80";5f80;"RO";8;0;;
;;;"[7:0]";"";"s_local_sum[2][18][7:0]"
"0xe81";5f81;"RO";8;0;;
;;;"[7:0]";"";"s_local_sum[2][18][15:8]"
"0xe82";5f82;"RO";8;0;;
;;;"[7:0]";"";"s_local_sum[2][18][23:16]"
"0xe83";5f83;"RO";8;0;;
;;;"[7:0]";"";"s_local_sum[2][18][31:24]"
"0xe84";5f84;"RO";8;0;;
;;;"[7:0]";"";"s_local_sum[2][19][7:0]"
"0xe85";5f85;"RO";8;0;;
;;;"[7:0]";"";"s_local_sum[2][19][15:8]"
"0xe86";5f86;"RO";8;0;;
;;;"[7:0]";"";"s_local_sum[2][19][23:16]"
"0xe87";5f87;"RO";8;0;;
;;;"[7:0]";"";"s_local_sum[2][19][31:24]"
"0xe88";5f88;"RO";8;0;;
;;;"[7:0]";"";"s_local_sum[2][20][7:0]"
"0xe89";5f89;"RO";8;0;;
;;;"[7:0]";"";"s_local_sum[2][20][15:8]"
"0xe8a";5f8a;"RO";8;0;;
;;;"[7:0]";"";"s_local_sum[2][20][23:16]"
"0xe8b";5f8b;"RO";8;0;;
;;;"[7:0]";"";"s_local_sum[2][20][31:24]"
"0xe8c";5f8c;"RO";8;0;;
;;;"[7:0]";"";"s_local_sum[2][21][7:0]"
"0xe8d";5f8d;"RO";8;0;;
;;;"[7:0]";"";"s_local_sum[2][21][15:8]"
"0xe8e";5f8e;"RO";8;0;;
;;;"[7:0]";"";"s_local_sum[2][21][23:16]"
"0xe8f";5f8f;"RO";8;0;;
;;;"[7:0]";"";"s_local_sum[2][21][31:24]"
"0xe90";5f90;"RO";8;0;;
;;;"[7:0]";"";"s_local_sum[2][22][7:0]"
"0xe91";5f91;"RO";8;0;;
;;;"[7:0]";"";"s_local_sum[2][22][15:8]"
"0xe92";5f92;"RO";8;0;;
;;;"[7:0]";"";"s_local_sum[2][22][23:16]"
"0xe93";5f93;"RO";8;0;;
;;;"[7:0]";"";"s_local_sum[2][22][31:24]"
"0xe94";5f94;"RO";8;0;;
;;;"[7:0]";"";"s_local_sum[2][23][7:0]"
"0xe95";5f95;"RO";8;0;;
;;;"[7:0]";"";"s_local_sum[2][23][15:8]"
"0xe96";5f96;"RO";8;0;;
;;;"[7:0]";"";"s_local_sum[2][23][23:16]"
"0xe97";5f97;"RO";8;0;;
;;;"[7:0]";"";"s_local_sum[2][23][31:24]"
"0xe98";5f98;"RO";8;0;;
;;;"[7:0]";"";"s_local_sum[2][24][7:0]"
"0xe99";5f99;"RO";8;0;;
;;;"[7:0]";"";"s_local_sum[2][24][15:8]"
"0xe9a";5f9a;"RO";8;0;;
;;;"[7:0]";"";"s_local_sum[2][24][23:16]"
"0xe9b";5f9b;"RO";8;0;;
;;;"[7:0]";"";"s_local_sum[2][24][31:24]"
"0xe9c";5f9c;"RO";8;0;;
;;;"[7:0]";"";"s_local_sum[3][0][7:0]"
"0xe9d";5f9d;"RO";8;0;;
;;;"[7:0]";"";"s_local_sum[3][0][15:8]"
"0xe9e";5f9e;"RO";8;0;;
;;;"[7:0]";"";"s_local_sum[3][0][23:16]"
"0xe9f";5f9f;"RO";8;0;;
;;;"[7:0]";"";"s_local_sum[3][0][31:24]"
"0xea0";5fa0;"RO";8;0;;
;;;"[7:0]";"";"s_local_sum[3][1][7:0]"
"0xea1";5fa1;"RO";8;0;;
;;;"[7:0]";"";"s_local_sum[3][1][15:8]"
"0xea2";5fa2;"RO";8;0;;
;;;"[7:0]";"";"s_local_sum[3][1][23:16]"
"0xea3";5fa3;"RO";8;0;;
;;;"[7:0]";"";"s_local_sum[3][1][31:24]"
"0xea4";5fa4;"RO";8;0;;
;;;"[7:0]";"";"s_local_sum[3][2][7:0]"
"0xea5";5fa5;"RO";8;0;;
;;;"[7:0]";"";"s_local_sum[3][2][15:8]"
"0xea6";5fa6;"RO";8;0;;
;;;"[7:0]";"";"s_local_sum[3][2][23:16]"
"0xea7";5fa7;"RO";8;0;;
;;;"[7:0]";"";"s_local_sum[3][2][31:24]"
"0xea8";5fa8;"RO";8;0;;
;;;"[7:0]";"";"s_local_sum[3][3][7:0]"
"0xea9";5fa9;"RO";8;0;;
;;;"[7:0]";"";"s_local_sum[3][3][15:8]"
"0xeaa";5faa;"RO";8;0;;
;;;"[7:0]";"";"s_local_sum[3][3][23:16]"
"0xeab";5fab;"RO";8;0;;
;;;"[7:0]";"";"s_local_sum[3][3][31:24]"
"0xeac";5fac;"RO";8;0;;
;;;"[7:0]";"";"s_local_sum[3][4][7:0]"
"0xead";5fad;"RO";8;0;;
;;;"[7:0]";"";"s_local_sum[3][4][15:8]"
"0xeae";5fae;"RO";8;0;;
;;;"[7:0]";"";"s_local_sum[3][4][23:16]"
"0xeaf";5faf;"RO";8;0;;
;;;"[7:0]";"";"s_local_sum[3][4][31:24]"
"0xeb0";5fb0;"RO";8;0;;
;;;"[7:0]";"";"s_local_sum[3][5][7:0]"
"0xeb1";5fb1;"RO";8;0;;
;;;"[7:0]";"";"s_local_sum[3][5][15:8]"
"0xeb2";5fb2;"RO";8;0;;
;;;"[7:0]";"";"s_local_sum[3][5][23:16]"
"0xeb3";5fb3;"RO";8;0;;
;;;"[7:0]";"";"s_local_sum[3][5][31:24]"
"0xeb4";5fb4;"RO";8;0;;
;;;"[7:0]";"";"s_local_sum[3][6][7:0]"
"0xeb5";5fb5;"RO";8;0;;
;;;"[7:0]";"";"s_local_sum[3][6][15:8]"
"0xeb6";5fb6;"RO";8;0;;
;;;"[7:0]";"";"s_local_sum[3][6][23:16]"
"0xeb7";5fb7;"RO";8;0;;
;;;"[7:0]";"";"s_local_sum[3][6][31:24]"
"0xeb8";5fb8;"RO";8;0;;
;;;"[7:0]";"";"s_local_sum[3][7][7:0]"
"0xeb9";5fb9;"RO";8;0;;
;;;"[7:0]";"";"s_local_sum[3][7][15:8]"
"0xeba";5fba;"RO";8;0;;
;;;"[7:0]";"";"s_local_sum[3][7][23:16]"
"0xebb";5fbb;"RO";8;0;;
;;;"[7:0]";"";"s_local_sum[3][7][31:24]"
"0xebc";5fbc;"RO";8;0;;
;;;"[7:0]";"";"s_local_sum[3][8][7:0]"
"0xebd";5fbd;"RO";8;0;;
;;;"[7:0]";"";"s_local_sum[3][8][15:8]"
"0xebe";5fbe;"RO";8;0;;
;;;"[7:0]";"";"s_local_sum[3][8][23:16]"
"0xebf";5fbf;"RO";8;0;;
;;;"[7:0]";"";"s_local_sum[3][8][31:24]"
"0xec0";5fc0;"RO";8;0;;
;;;"[7:0]";"";"s_local_sum[3][9][7:0]"
"0xec1";5fc1;"RO";8;0;;
;;;"[7:0]";"";"s_local_sum[3][9][15:8]"
"0xec2";5fc2;"RO";8;0;;
;;;"[7:0]";"";"s_local_sum[3][9][23:16]"
"0xec3";5fc3;"RO";8;0;;
;;;"[7:0]";"";"s_local_sum[3][9][31:24]"
"0xec4";5fc4;"RO";8;0;;
;;;"[7:0]";"";"s_local_sum[3][10][7:0]"
"0xec5";5fc5;"RO";8;0;;
;;;"[7:0]";"";"s_local_sum[3][10][15:8]"
"0xec6";5fc6;"RO";8;0;;
;;;"[7:0]";"";"s_local_sum[3][10][23:16]"
"0xec7";5fc7;"RO";8;0;;
;;;"[7:0]";"";"s_local_sum[3][10][31:24]"
"0xec8";5fc8;"RO";8;0;;
;;;"[7:0]";"";"s_local_sum[3][11][7:0]"
"0xec9";5fc9;"RO";8;0;;
;;;"[7:0]";"";"s_local_sum[3][11][15:8]"
"0xeca";5fca;"RO";8;0;;
;;;"[7:0]";"";"s_local_sum[3][11][23:16]"
"0xecb";5fcb;"RO";8;0;;
;;;"[7:0]";"";"s_local_sum[3][11][31:24]"
"0xecc";5fcc;"RO";8;0;;
;;;"[7:0]";"";"s_local_sum[3][12][7:0]"
"0xecd";5fcd;"RO";8;0;;
;;;"[7:0]";"";"s_local_sum[3][12][15:8]"
"0xece";5fce;"RO";8;0;;
;;;"[7:0]";"";"s_local_sum[3][12][23:16]"
"0xecf";5fcf;"RO";8;0;;
;;;"[7:0]";"";"s_local_sum[3][12][31:24]"
"0xed0";5fd0;"RO";8;0;;
;;;"[7:0]";"";"s_local_sum[3][13][7:0]"
"0xed1";5fd1;"RO";8;0;;
;;;"[7:0]";"";"s_local_sum[3][13][15:8]"
"0xed2";5fd2;"RO";8;0;;
;;;"[7:0]";"";"s_local_sum[3][13][23:16]"
"0xed3";5fd3;"RO";8;0;;
;;;"[7:0]";"";"s_local_sum[3][13][31:24]"
"0xed4";5fd4;"RO";8;0;;
;;;"[7:0]";"";"s_local_sum[3][14][7:0]"
"0xed5";5fd5;"RO";8;0;;
;;;"[7:0]";"";"s_local_sum[3][14][15:8]"
"0xed6";5fd6;"RO";8;0;;
;;;"[7:0]";"";"s_local_sum[3][14][23:16]"
"0xed7";5fd7;"RO";8;0;;
;;;"[7:0]";"";"s_local_sum[3][14][31:24]"
"0xed8";5fd8;"RO";8;0;;
;;;"[7:0]";"";"s_local_sum[3][15][7:0]"
"0xed9";5fd9;"RO";8;0;;
;;;"[7:0]";"";"s_local_sum[3][15][15:8]"
"0xeda";5fda;"RO";8;0;;
;;;"[7:0]";"";"s_local_sum[3][15][23:16]"
"0xedb";5fdb;"RO";8;0;;
;;;"[7:0]";"";"s_local_sum[3][15][31:24]"
"0xedc";5fdc;"RO";8;0;;
;;;"[7:0]";"";"s_local_sum[3][16][7:0]"
"0xedd";5fdd;"RO";8;0;;
;;;"[7:0]";"";"s_local_sum[3][16][15:8]"
"0xede";5fde;"RO";8;0;;
;;;"[7:0]";"";"s_local_sum[3][16][23:16]"
"0xedf";5fdf;"RO";8;0;;
;;;"[7:0]";"";"s_local_sum[3][16][31:24]"
"0xee0";5fe0;"RO";8;0;;
;;;"[7:0]";"";"s_local_sum[3][17][7:0]"
"0xee1";5fe1;"RO";8;0;;
;;;"[7:0]";"";"s_local_sum[3][17][15:8]"
"0xee2";5fe2;"RO";8;0;;
;;;"[7:0]";"";"s_local_sum[3][17][23:16]"
"0xee3";5fe3;"RO";8;0;;
;;;"[7:0]";"";"s_local_sum[3][17][31:24]"
"0xee4";5fe4;"RO";8;0;;
;;;"[7:0]";"";"s_local_sum[3][18][7:0]"
"0xee5";5fe5;"RO";8;0;;
;;;"[7:0]";"";"s_local_sum[3][18][15:8]"
"0xee6";5fe6;"RO";8;0;;
;;;"[7:0]";"";"s_local_sum[3][18][23:16]"
"0xee7";5fe7;"RO";8;0;;
;;;"[7:0]";"";"s_local_sum[3][18][31:24]"
"0xee8";5fe8;"RO";8;0;;
;;;"[7:0]";"";"s_local_sum[3][19][7:0]"
"0xee9";5fe9;"RO";8;0;;
;;;"[7:0]";"";"s_local_sum[3][19][15:8]"
"0xeea";5fea;"RO";8;0;;
;;;"[7:0]";"";"s_local_sum[3][19][23:16]"
"0xeeb";5feb;"RO";8;0;;
;;;"[7:0]";"";"s_local_sum[3][19][31:24]"
"0xeec";5fec;"RO";8;0;;
;;;"[7:0]";"";"s_local_sum[3][20][7:0]"
"0xeed";5fed;"RO";8;0;;
;;;"[7:0]";"";"s_local_sum[3][20][15:8]"
"0xeee";5fee;"RO";8;0;;
;;;"[7:0]";"";"s_local_sum[3][20][23:16]"
"0xeef";5fef;"RO";8;0;;
;;;"[7:0]";"";"s_local_sum[3][20][31:24]"
"0xef0";5ff0;"RO";8;0;;
;;;"[7:0]";"";"s_local_sum[3][21][7:0]"
"0xef1";5ff1;"RO";8;0;;
;;;"[7:0]";"";"s_local_sum[3][21][15:8]"
"0xef2";5ff2;"RO";8;0;;
;;;"[7:0]";"";"s_local_sum[3][21][23:16]"
"0xef3";5ff3;"RO";8;0;;
;;;"[7:0]";"";"s_local_sum[3][21][31:24]"
"0xef4";5ff4;"RO";8;0;;
;;;"[7:0]";"";"s_local_sum[3][22][7:0]"
"0xef5";5ff5;"RO";8;0;;
;;;"[7:0]";"";"s_local_sum[3][22][15:8]"
"0xef6";5ff6;"RO";8;0;;
;;;"[7:0]";"";"s_local_sum[3][22][23:16]"
"0xef7";5ff7;"RO";8;0;;
;;;"[7:0]";"";"s_local_sum[3][22][31:24]"
"0xef8";5ff8;"RO";8;0;;
;;;"[7:0]";"";"s_local_sum[3][23][7:0]"
"0xef9";5ff9;"RO";8;0;;
;;;"[7:0]";"";"s_local_sum[3][23][15:8]"
"0xefa";5ffa;"RO";8;0;;
;;;"[7:0]";"";"s_local_sum[3][23][23:16]"
"0xefb";5ffb;"RO";8;0;;
;;;"[7:0]";"";"s_local_sum[3][23][31:24]"
"0xefc";5ffc;"RO";8;0;;
;;;"[7:0]";"";"s_local_sum[3][24][7:0]"
"0xefd";5ffd;"RO";8;0;;
;;;"[7:0]";"";"s_local_sum[3][24][15:8]"
"0xefe";5ffe;"RO";8;0;;
;;;"[7:0]";"";"s_local_sum[3][24][23:16]"
"0xeff";5fff;"RO";8;0;;
;;;"[7:0]";"";"s_local_sum[3][24][31:24]"
"0xf00";6000;"RO";8;0;;
;;;"[7:0]";"";"s_local_sum[4][0][7:0]"
"0xf01";6001;"RO";8;0;;
;;;"[7:0]";"";"s_local_sum[4][0][15:8]"
"0xf02";6002;"RO";8;0;;
;;;"[7:0]";"";"s_local_sum[4][0][23:16]"
"0xf03";6003;"RO";8;0;;
;;;"[7:0]";"";"s_local_sum[4][0][31:24]"
"0xf04";6004;"RO";8;0;;
;;;"[7:0]";"";"s_local_sum[4][1][7:0]"
"0xf05";6005;"RO";8;0;;
;;;"[7:0]";"";"s_local_sum[4][1][15:8]"
"0xf06";6006;"RO";8;0;;
;;;"[7:0]";"";"s_local_sum[4][1][23:16]"
"0xf07";6007;"RO";8;0;;
;;;"[7:0]";"";"s_local_sum[4][1][31:24]"
"0xf08";6008;"RO";8;0;;
;;;"[7:0]";"";"s_local_sum[4][2][7:0]"
"0xf09";6009;"RO";8;0;;
;;;"[7:0]";"";"s_local_sum[4][2][15:8]"
"0xf0a";600a;"RO";8;0;;
;;;"[7:0]";"";"s_local_sum[4][2][23:16]"
"0xf0b";600b;"RO";8;0;;
;;;"[7:0]";"";"s_local_sum[4][2][31:24]"
"0xf0c";600c;"RO";8;0;;
;;;"[7:0]";"";"s_local_sum[4][3][7:0]"
"0xf0d";600d;"RO";8;0;;
;;;"[7:0]";"";"s_local_sum[4][3][15:8]"
"0xf0e";600e;"RO";8;0;;
;;;"[7:0]";"";"s_local_sum[4][3][23:16]"
"0xf0f";600f;"RO";8;0;;
;;;"[7:0]";"";"s_local_sum[4][3][31:24]"
"0xf10";6010;"RO";8;0;;
;;;"[7:0]";"";"s_local_sum[4][4][7:0]"
"0xf11";6011;"RO";8;0;;
;;;"[7:0]";"";"s_local_sum[4][4][15:8]"
"0xf12";6012;"RO";8;0;;
;;;"[7:0]";"";"s_local_sum[4][4][23:16]"
"0xf13";6013;"RO";8;0;;
;;;"[7:0]";"";"s_local_sum[4][4][31:24]"
"0xf14";6014;"RO";8;0;;
;;;"[7:0]";"";"s_local_sum[4][5][7:0]"
"0xf15";6015;"RO";8;0;;
;;;"[7:0]";"";"s_local_sum[4][5][15:8]"
"0xf16";6016;"RO";8;0;;
;;;"[7:0]";"";"s_local_sum[4][5][23:16]"
"0xf17";6017;"RO";8;0;;
;;;"[7:0]";"";"s_local_sum[4][5][31:24]"
"0xf18";6018;"RO";8;0;;
;;;"[7:0]";"";"s_local_sum[4][6][7:0]"
"0xf19";6019;"RO";8;0;;
;;;"[7:0]";"";"s_local_sum[4][6][15:8]"
"0xf1a";601a;"RO";8;0;;
;;;"[7:0]";"";"s_local_sum[4][6][23:16]"
"0xf1b";601b;"RO";8;0;;
;;;"[7:0]";"";"s_local_sum[4][6][31:24]"
"0xf1c";601c;"RO";8;0;;
;;;"[7:0]";"";"s_local_sum[4][7][7:0]"
"0xf1d";601d;"RO";8;0;;
;;;"[7:0]";"";"s_local_sum[4][7][15:8]"
"0xf1e";601e;"RO";8;0;;
;;;"[7:0]";"";"s_local_sum[4][7][23:16]"
"0xf1f";601f;"RO";8;0;;
;;;"[7:0]";"";"s_local_sum[4][7][31:24]"
"0xf20";6020;"RO";8;0;;
;;;"[7:0]";"";"s_local_sum[4][8][7:0]"
"0xf21";6021;"RO";8;0;;
;;;"[7:0]";"";"s_local_sum[4][8][15:8]"
"0xf22";6022;"RO";8;0;;
;;;"[7:0]";"";"s_local_sum[4][8][23:16]"
"0xf23";6023;"RO";8;0;;
;;;"[7:0]";"";"s_local_sum[4][8][31:24]"
"0xf24";6024;"RO";8;0;;
;;;"[7:0]";"";"s_local_sum[4][9][7:0]"
"0xf25";6025;"RO";8;0;;
;;;"[7:0]";"";"s_local_sum[4][9][15:8]"
"0xf26";6026;"RO";8;0;;
;;;"[7:0]";"";"s_local_sum[4][9][23:16]"
"0xf27";6027;"RO";8;0;;
;;;"[7:0]";"";"s_local_sum[4][9][31:24]"
"0xf28";6028;"RO";8;0;;
;;;"[7:0]";"";"s_local_sum[4][10][7:0]"
"0xf29";6029;"RO";8;0;;
;;;"[7:0]";"";"s_local_sum[4][10][15:8]"
"0xf2a";602a;"RO";8;0;;
;;;"[7:0]";"";"s_local_sum[4][10][23:16]"
"0xf2b";602b;"RO";8;0;;
;;;"[7:0]";"";"s_local_sum[4][10][31:24]"
"0xf2c";602c;"RO";8;0;;
;;;"[7:0]";"";"s_local_sum[4][11][7:0]"
"0xf2d";602d;"RO";8;0;;
;;;"[7:0]";"";"s_local_sum[4][11][15:8]"
"0xf2e";602e;"RO";8;0;;
;;;"[7:0]";"";"s_local_sum[4][11][23:16]"
"0xf2f";602f;"RO";8;0;;
;;;"[7:0]";"";"s_local_sum[4][11][31:24]"
"0xf30";6030;"RO";8;0;;
;;;"[7:0]";"";"s_local_sum[4][12][7:0]"
"0xf31";6031;"RO";8;0;;
;;;"[7:0]";"";"s_local_sum[4][12][15:8]"
"0xf32";6032;"RO";8;0;;
;;;"[7:0]";"";"s_local_sum[4][12][23:16]"
"0xf33";6033;"RO";8;0;;
;;;"[7:0]";"";"s_local_sum[4][12][31:24]"
"0xf34";6034;"RO";8;0;;
;;;"[7:0]";"";"s_local_sum[4][13][7:0]"
"0xf35";6035;"RO";8;0;;
;;;"[7:0]";"";"s_local_sum[4][13][15:8]"
"0xf36";6036;"RO";8;0;;
;;;"[7:0]";"";"s_local_sum[4][13][23:16]"
"0xf37";6037;"RO";8;0;;
;;;"[7:0]";"";"s_local_sum[4][13][31:24]"
"0xf38";6038;"RO";8;0;;
;;;"[7:0]";"";"s_local_sum[4][14][7:0]"
"0xf39";6039;"RO";8;0;;
;;;"[7:0]";"";"s_local_sum[4][14][15:8]"
"0xf3a";603a;"RO";8;0;;
;;;"[7:0]";"";"s_local_sum[4][14][23:16]"
"0xf3b";603b;"RO";8;0;;
;;;"[7:0]";"";"s_local_sum[4][14][31:24]"
"0xf3c";603c;"RO";8;0;;
;;;"[7:0]";"";"s_local_sum[4][15][7:0]"
"0xf3d";603d;"RO";8;0;;
;;;"[7:0]";"";"s_local_sum[4][15][15:8]"
"0xf3e";603e;"RO";8;0;;
;;;"[7:0]";"";"s_local_sum[4][15][23:16]"
"0xf3f";603f;"RO";8;0;;
;;;"[7:0]";"";"s_local_sum[4][15][31:24]"
"0xf40";6040;"RO";8;0;;
;;;"[7:0]";"";"s_local_sum[4][16][7:0]"
"0xf41";6041;"RO";8;0;;
;;;"[7:0]";"";"s_local_sum[4][16][15:8]"
"0xf42";6042;"RO";8;0;;
;;;"[7:0]";"";"s_local_sum[4][16][23:16]"
"0xf43";6043;"RO";8;0;;
;;;"[7:0]";"";"s_local_sum[4][16][31:24]"
"0xf44";6044;"RO";8;0;;
;;;"[7:0]";"";"s_local_sum[4][17][7:0]"
"0xf45";6045;"RO";8;0;;
;;;"[7:0]";"";"s_local_sum[4][17][15:8]"
"0xf46";6046;"RO";8;0;;
;;;"[7:0]";"";"s_local_sum[4][17][23:16]"
"0xf47";6047;"RO";8;0;;
;;;"[7:0]";"";"s_local_sum[4][17][31:24]"
"0xf48";6048;"RO";8;0;;
;;;"[7:0]";"";"s_local_sum[4][18][7:0]"
"0xf49";6049;"RO";8;0;;
;;;"[7:0]";"";"s_local_sum[4][18][15:8]"
"0xf4a";604a;"RO";8;0;;
;;;"[7:0]";"";"s_local_sum[4][18][23:16]"
"0xf4b";604b;"RO";8;0;;
;;;"[7:0]";"";"s_local_sum[4][18][31:24]"
"0xf4c";604c;"RO";8;0;;
;;;"[7:0]";"";"s_local_sum[4][19][7:0]"
"0xf4d";604d;"RO";8;0;;
;;;"[7:0]";"";"s_local_sum[4][19][15:8]"
"0xf4e";604e;"RO";8;0;;
;;;"[7:0]";"";"s_local_sum[4][19][23:16]"
"0xf4f";604f;"RO";8;0;;
;;;"[7:0]";"";"s_local_sum[4][19][31:24]"
"0xf50";6050;"RO";8;0;;
;;;"[7:0]";"";"s_local_sum[4][20][7:0]"
"0xf51";6051;"RO";8;0;;
;;;"[7:0]";"";"s_local_sum[4][20][15:8]"
"0xf52";6052;"RO";8;0;;
;;;"[7:0]";"";"s_local_sum[4][20][23:16]"
"0xf53";6053;"RO";8;0;;
;;;"[7:0]";"";"s_local_sum[4][20][31:24]"
"0xf54";6054;"RO";8;0;;
;;;"[7:0]";"";"s_local_sum[4][21][7:0]"
"0xf55";6055;"RO";8;0;;
;;;"[7:0]";"";"s_local_sum[4][21][15:8]"
"0xf56";6056;"RO";8;0;;
;;;"[7:0]";"";"s_local_sum[4][21][23:16]"
"0xf57";6057;"RO";8;0;;
;;;"[7:0]";"";"s_local_sum[4][21][31:24]"
"0xf58";6058;"RO";8;0;;
;;;"[7:0]";"";"s_local_sum[4][22][7:0]"
"0xf59";6059;"RO";8;0;;
;;;"[7:0]";"";"s_local_sum[4][22][15:8]"
"0xf5a";605a;"RO";8;0;;
;;;"[7:0]";"";"s_local_sum[4][22][23:16]"
"0xf5b";605b;"RO";8;0;;
;;;"[7:0]";"";"s_local_sum[4][22][31:24]"
"0xf5c";605c;"RO";8;0;;
;;;"[7:0]";"";"s_local_sum[4][23][7:0]"
"0xf5d";605d;"RO";8;0;;
;;;"[7:0]";"";"s_local_sum[4][23][15:8]"
"0xf5e";605e;"RO";8;0;;
;;;"[7:0]";"";"s_local_sum[4][23][23:16]"
"0xf5f";605f;"RO";8;0;;
;;;"[7:0]";"";"s_local_sum[4][23][31:24]"
"0xf60";6060;"RO";8;0;;
;;;"[7:0]";"";"s_local_sum[4][24][7:0]"
"0xf61";6061;"RO";8;0;;
;;;"[7:0]";"";"s_local_sum[4][24][15:8]"
"0xf62";6062;"RO";8;0;;
;;;"[7:0]";"";"s_local_sum[4][24][23:16]"
"0xf63";6063;"RO";8;0;;
;;;"[7:0]";"";"s_local_sum[4][24][31:24]"
"0xf64";6064;"RO";8;0;;
;;;"[7:0]";"";"s_local_sum[5][0][7:0]"
"0xf65";6065;"RO";8;0;;
;;;"[7:0]";"";"s_local_sum[5][0][15:8]"
"0xf66";6066;"RO";8;0;;
;;;"[7:0]";"";"s_local_sum[5][0][23:16]"
"0xf67";6067;"RO";8;0;;
;;;"[7:0]";"";"s_local_sum[5][0][31:24]"
"0xf68";6068;"RO";8;0;;
;;;"[7:0]";"";"s_local_sum[5][1][7:0]"
"0xf69";6069;"RO";8;0;;
;;;"[7:0]";"";"s_local_sum[5][1][15:8]"
"0xf6a";606a;"RO";8;0;;
;;;"[7:0]";"";"s_local_sum[5][1][23:16]"
"0xf6b";606b;"RO";8;0;;
;;;"[7:0]";"";"s_local_sum[5][1][31:24]"
"0xf6c";606c;"RO";8;0;;
;;;"[7:0]";"";"s_local_sum[5][2][7:0]"
"0xf6d";606d;"RO";8;0;;
;;;"[7:0]";"";"s_local_sum[5][2][15:8]"
"0xf6e";606e;"RO";8;0;;
;;;"[7:0]";"";"s_local_sum[5][2][23:16]"
"0xf6f";606f;"RO";8;0;;
;;;"[7:0]";"";"s_local_sum[5][2][31:24]"
"0xf70";6070;"RO";8;0;;
;;;"[7:0]";"";"s_local_sum[5][3][7:0]"
"0xf71";6071;"RO";8;0;;
;;;"[7:0]";"";"s_local_sum[5][3][15:8]"
"0xf72";6072;"RO";8;0;;
;;;"[7:0]";"";"s_local_sum[5][3][23:16]"
"0xf73";6073;"RO";8;0;;
;;;"[7:0]";"";"s_local_sum[5][3][31:24]"
"0xf74";6074;"RO";8;0;;
;;;"[7:0]";"";"s_local_sum[5][4][7:0]"
"0xf75";6075;"RO";8;0;;
;;;"[7:0]";"";"s_local_sum[5][4][15:8]"
"0xf76";6076;"RO";8;0;;
;;;"[7:0]";"";"s_local_sum[5][4][23:16]"
"0xf77";6077;"RO";8;0;;
;;;"[7:0]";"";"s_local_sum[5][4][31:24]"
"0xf78";6078;"RO";8;0;;
;;;"[7:0]";"";"s_local_sum[5][5][7:0]"
"0xf79";6079;"RO";8;0;;
;;;"[7:0]";"";"s_local_sum[5][5][15:8]"
"0xf7a";607a;"RO";8;0;;
;;;"[7:0]";"";"s_local_sum[5][5][23:16]"
"0xf7b";607b;"RO";8;0;;
;;;"[7:0]";"";"s_local_sum[5][5][31:24]"
"0xf7c";607c;"RO";8;0;;
;;;"[7:0]";"";"s_local_sum[5][6][7:0]"
"0xf7d";607d;"RO";8;0;;
;;;"[7:0]";"";"s_local_sum[5][6][15:8]"
"0xf7e";607e;"RO";8;0;;
;;;"[7:0]";"";"s_local_sum[5][6][23:16]"
"0xf7f";607f;"RO";8;0;;
;;;"[7:0]";"";"s_local_sum[5][6][31:24]"
"0xf80";6080;"RO";8;0;;
;;;"[7:0]";"";"s_local_sum[5][7][7:0]"
"0xf81";6081;"RO";8;0;;
;;;"[7:0]";"";"s_local_sum[5][7][15:8]"
"0xf82";6082;"RO";8;0;;
;;;"[7:0]";"";"s_local_sum[5][7][23:16]"
"0xf83";6083;"RO";8;0;;
;;;"[7:0]";"";"s_local_sum[5][7][31:24]"
"0xf84";6084;"RO";8;0;;
;;;"[7:0]";"";"s_local_sum[5][8][7:0]"
"0xf85";6085;"RO";8;0;;
;;;"[7:0]";"";"s_local_sum[5][8][15:8]"
"0xf86";6086;"RO";8;0;;
;;;"[7:0]";"";"s_local_sum[5][8][23:16]"
"0xf87";6087;"RO";8;0;;
;;;"[7:0]";"";"s_local_sum[5][8][31:24]"
"0xf88";6088;"RO";8;0;;
;;;"[7:0]";"";"s_local_sum[5][9][7:0]"
"0xf89";6089;"RO";8;0;;
;;;"[7:0]";"";"s_local_sum[5][9][15:8]"
"0xf8a";608a;"RO";8;0;;
;;;"[7:0]";"";"s_local_sum[5][9][23:16]"
"0xf8b";608b;"RO";8;0;;
;;;"[7:0]";"";"s_local_sum[5][9][31:24]"
"0xf8c";608c;"RO";8;0;;
;;;"[7:0]";"";"s_local_sum[5][10][7:0]"
"0xf8d";608d;"RO";8;0;;
;;;"[7:0]";"";"s_local_sum[5][10][15:8]"
"0xf8e";608e;"RO";8;0;;
;;;"[7:0]";"";"s_local_sum[5][10][23:16]"
"0xf8f";608f;"RO";8;0;;
;;;"[7:0]";"";"s_local_sum[5][10][31:24]"
"0xf90";6090;"RO";8;0;;
;;;"[7:0]";"";"s_local_sum[5][11][7:0]"
"0xf91";6091;"RO";8;0;;
;;;"[7:0]";"";"s_local_sum[5][11][15:8]"
"0xf92";6092;"RO";8;0;;
;;;"[7:0]";"";"s_local_sum[5][11][23:16]"
"0xf93";6093;"RO";8;0;;
;;;"[7:0]";"";"s_local_sum[5][11][31:24]"
"0xf94";6094;"RO";8;0;;
;;;"[7:0]";"";"s_local_sum[5][12][7:0]"
"0xf95";6095;"RO";8;0;;
;;;"[7:0]";"";"s_local_sum[5][12][15:8]"
"0xf96";6096;"RO";8;0;;
;;;"[7:0]";"";"s_local_sum[5][12][23:16]"
"0xf97";6097;"RO";8;0;;
;;;"[7:0]";"";"s_local_sum[5][12][31:24]"
"0xf98";6098;"RO";8;0;;
;;;"[7:0]";"";"s_local_sum[5][13][7:0]"
"0xf99";6099;"RO";8;0;;
;;;"[7:0]";"";"s_local_sum[5][13][15:8]"
"0xf9a";609a;"RO";8;0;;
;;;"[7:0]";"";"s_local_sum[5][13][23:16]"
"0xf9b";609b;"RO";8;0;;
;;;"[7:0]";"";"s_local_sum[5][13][31:24]"
"0xf9c";609c;"RO";8;0;;
;;;"[7:0]";"";"s_local_sum[5][14][7:0]"
"0xf9d";609d;"RO";8;0;;
;;;"[7:0]";"";"s_local_sum[5][14][15:8]"
"0xf9e";609e;"RO";8;0;;
;;;"[7:0]";"";"s_local_sum[5][14][23:16]"
"0xf9f";609f;"RO";8;0;;
;;;"[7:0]";"";"s_local_sum[5][14][31:24]"
"0xfa0";60a0;"RO";8;0;;
;;;"[7:0]";"";"s_local_sum[5][15][7:0]"
"0xfa1";60a1;"RO";8;0;;
;;;"[7:0]";"";"s_local_sum[5][15][15:8]"
"0xfa2";60a2;"RO";8;0;;
;;;"[7:0]";"";"s_local_sum[5][15][23:16]"
"0xfa3";60a3;"RO";8;0;;
;;;"[7:0]";"";"s_local_sum[5][15][31:24]"
"0xfa4";60a4;"RO";8;0;;
;;;"[7:0]";"";"s_local_sum[5][16][7:0]"
"0xfa5";60a5;"RO";8;0;;
;;;"[7:0]";"";"s_local_sum[5][16][15:8]"
"0xfa6";60a6;"RO";8;0;;
;;;"[7:0]";"";"s_local_sum[5][16][23:16]"
"0xfa7";60a7;"RO";8;0;;
;;;"[7:0]";"";"s_local_sum[5][16][31:24]"
"0xfa8";60a8;"RO";8;0;;
;;;"[7:0]";"";"s_local_sum[5][17][7:0]"
"0xfa9";60a9;"RO";8;0;;
;;;"[7:0]";"";"s_local_sum[5][17][15:8]"
"0xfaa";60aa;"RO";8;0;;
;;;"[7:0]";"";"s_local_sum[5][17][23:16]"
"0xfab";60ab;"RO";8;0;;
;;;"[7:0]";"";"s_local_sum[5][17][31:24]"
"0xfac";60ac;"RO";8;0;;
;;;"[7:0]";"";"s_local_sum[5][18][7:0]"
"0xfad";60ad;"RO";8;0;;
;;;"[7:0]";"";"s_local_sum[5][18][15:8]"
"0xfae";60ae;"RO";8;0;;
;;;"[7:0]";"";"s_local_sum[5][18][23:16]"
"0xfaf";60af;"RO";8;0;;
;;;"[7:0]";"";"s_local_sum[5][18][31:24]"
"0xfb0";60b0;"RO";8;0;;
;;;"[7:0]";"";"s_local_sum[5][19][7:0]"
"0xfb1";60b1;"RO";8;0;;
;;;"[7:0]";"";"s_local_sum[5][19][15:8]"
"0xfb2";60b2;"RO";8;0;;
;;;"[7:0]";"";"s_local_sum[5][19][23:16]"
"0xfb3";60b3;"RO";8;0;;
;;;"[7:0]";"";"s_local_sum[5][19][31:24]"
"0xfb4";60b4;"RO";8;0;;
;;;"[7:0]";"";"s_local_sum[5][20][7:0]"
"0xfb5";60b5;"RO";8;0;;
;;;"[7:0]";"";"s_local_sum[5][20][15:8]"
"0xfb6";60b6;"RO";8;0;;
;;;"[7:0]";"";"s_local_sum[5][20][23:16]"
"0xfb7";60b7;"RO";8;0;;
;;;"[7:0]";"";"s_local_sum[5][20][31:24]"
"0xfb8";60b8;"RO";8;0;;
;;;"[7:0]";"";"s_local_sum[5][21][7:0]"
"0xfb9";60b9;"RO";8;0;;
;;;"[7:0]";"";"s_local_sum[5][21][15:8]"
"0xfba";60ba;"RO";8;0;;
;;;"[7:0]";"";"s_local_sum[5][21][23:16]"
"0xfbb";60bb;"RO";8;0;;
;;;"[7:0]";"";"s_local_sum[5][21][31:24]"
"0xfbc";60bc;"RO";8;0;;
;;;"[7:0]";"";"s_local_sum[5][22][7:0]"
"0xfbd";60bd;"RO";8;0;;
;;;"[7:0]";"";"s_local_sum[5][22][15:8]"
"0xfbe";60be;"RO";8;0;;
;;;"[7:0]";"";"s_local_sum[5][22][23:16]"
"0xfbf";60bf;"RO";8;0;;
;;;"[7:0]";"";"s_local_sum[5][22][31:24]"
"0xfc0";60c0;"RO";8;0;;
;;;"[7:0]";"";"s_local_sum[5][23][7:0]"
"0xfc1";60c1;"RO";8;0;;
;;;"[7:0]";"";"s_local_sum[5][23][15:8]"
"0xfc2";60c2;"RO";8;0;;
;;;"[7:0]";"";"s_local_sum[5][23][23:16]"
"0xfc3";60c3;"RO";8;0;;
;;;"[7:0]";"";"s_local_sum[5][23][31:24]"
"0xfc4";60c4;"RO";8;0;;
;;;"[7:0]";"";"s_local_sum[5][24][7:0]"
"0xfc5";60c5;"RO";8;0;;
;;;"[7:0]";"";"s_local_sum[5][24][15:8]"
"0xfc6";60c6;"RO";8;0;;
;;;"[7:0]";"";"s_local_sum[5][24][23:16]"
"0xfc7";60c7;"RO";8;0;;
;;;"[7:0]";"";"s_local_sum[5][24][31:24]"
"0xfc8";60c8;"RO";8;0;;
;;;"[7:0]";"";"s_local_sum[6][0][7:0]"
"0xfc9";60c9;"RO";8;0;;
;;;"[7:0]";"";"s_local_sum[6][0][15:8]"
"0xfca";60ca;"RO";8;0;;
;;;"[7:0]";"";"s_local_sum[6][0][23:16]"
"0xfcb";60cb;"RO";8;0;;
;;;"[7:0]";"";"s_local_sum[6][0][31:24]"
"0xfcc";60cc;"RO";8;0;;
;;;"[7:0]";"";"s_local_sum[6][1][7:0]"
"0xfcd";60cd;"RO";8;0;;
;;;"[7:0]";"";"s_local_sum[6][1][15:8]"
"0xfce";60ce;"RO";8;0;;
;;;"[7:0]";"";"s_local_sum[6][1][23:16]"
"0xfcf";60cf;"RO";8;0;;
;;;"[7:0]";"";"s_local_sum[6][1][31:24]"
"0xfd0";60d0;"RO";8;0;;
;;;"[7:0]";"";"s_local_sum[6][2][7:0]"
"0xfd1";60d1;"RO";8;0;;
;;;"[7:0]";"";"s_local_sum[6][2][15:8]"
"0xfd2";60d2;"RO";8;0;;
;;;"[7:0]";"";"s_local_sum[6][2][23:16]"
"0xfd3";60d3;"RO";8;0;;
;;;"[7:0]";"";"s_local_sum[6][2][31:24]"
"0xfd4";60d4;"RO";8;0;;
;;;"[7:0]";"";"s_local_sum[6][3][7:0]"
"0xfd5";60d5;"RO";8;0;;
;;;"[7:0]";"";"s_local_sum[6][3][15:8]"
"0xfd6";60d6;"RO";8;0;;
;;;"[7:0]";"";"s_local_sum[6][3][23:16]"
"0xfd7";60d7;"RO";8;0;;
;;;"[7:0]";"";"s_local_sum[6][3][31:24]"
"0xfd8";60d8;"RO";8;0;;
;;;"[7:0]";"";"s_local_sum[6][4][7:0]"
"0xfd9";60d9;"RO";8;0;;
;;;"[7:0]";"";"s_local_sum[6][4][15:8]"
"0xfda";60da;"RO";8;0;;
;;;"[7:0]";"";"s_local_sum[6][4][23:16]"
"0xfdb";60db;"RO";8;0;;
;;;"[7:0]";"";"s_local_sum[6][4][31:24]"
"0xfdc";60dc;"RO";8;0;;
;;;"[7:0]";"";"s_local_sum[6][5][7:0]"
"0xfdd";60dd;"RO";8;0;;
;;;"[7:0]";"";"s_local_sum[6][5][15:8]"
"0xfde";60de;"RO";8;0;;
;;;"[7:0]";"";"s_local_sum[6][5][23:16]"
"0xfdf";60df;"RO";8;0;;
;;;"[7:0]";"";"s_local_sum[6][5][31:24]"
"0xfe0";60e0;"RO";8;0;;
;;;"[7:0]";"";"s_local_sum[6][6][7:0]"
"0xfe1";60e1;"RO";8;0;;
;;;"[7:0]";"";"s_local_sum[6][6][15:8]"
"0xfe2";60e2;"RO";8;0;;
;;;"[7:0]";"";"s_local_sum[6][6][23:16]"
"0xfe3";60e3;"RO";8;0;;
;;;"[7:0]";"";"s_local_sum[6][6][31:24]"
"0xfe4";60e4;"RO";8;0;;
;;;"[7:0]";"";"s_local_sum[6][7][7:0]"
"0xfe5";60e5;"RO";8;0;;
;;;"[7:0]";"";"s_local_sum[6][7][15:8]"
"0xfe6";60e6;"RO";8;0;;
;;;"[7:0]";"";"s_local_sum[6][7][23:16]"
"0xfe7";60e7;"RO";8;0;;
;;;"[7:0]";"";"s_local_sum[6][7][31:24]"
"0xfe8";60e8;"RO";8;0;;
;;;"[7:0]";"";"s_local_sum[6][8][7:0]"
"0xfe9";60e9;"RO";8;0;;
;;;"[7:0]";"";"s_local_sum[6][8][15:8]"
"0xfea";60ea;"RO";8;0;;
;;;"[7:0]";"";"s_local_sum[6][8][23:16]"
"0xfeb";60eb;"RO";8;0;;
;;;"[7:0]";"";"s_local_sum[6][8][31:24]"
"0xfec";60ec;"RO";8;0;;
;;;"[7:0]";"";"s_local_sum[6][9][7:0]"
"0xfed";60ed;"RO";8;0;;
;;;"[7:0]";"";"s_local_sum[6][9][15:8]"
"0xfee";60ee;"RO";8;0;;
;;;"[7:0]";"";"s_local_sum[6][9][23:16]"
"0xfef";60ef;"RO";8;0;;
;;;"[7:0]";"";"s_local_sum[6][9][31:24]"
"0xff0";60f0;"RO";8;0;;
;;;"[7:0]";"";"s_local_sum[6][10][7:0]"
"0xff1";60f1;"RO";8;0;;
;;;"[7:0]";"";"s_local_sum[6][10][15:8]"
"0xff2";60f2;"RO";8;0;;
;;;"[7:0]";"";"s_local_sum[6][10][23:16]"
"0xff3";60f3;"RO";8;0;;
;;;"[7:0]";"";"s_local_sum[6][10][31:24]"
"0xff4";60f4;"RO";8;0;;
;;;"[7:0]";"";"s_local_sum[6][11][7:0]"
"0xff5";60f5;"RO";8;0;;
;;;"[7:0]";"";"s_local_sum[6][11][15:8]"
"0xff6";60f6;"RO";8;0;;
;;;"[7:0]";"";"s_local_sum[6][11][23:16]"
"0xff7";60f7;"RO";8;0;;
;;;"[7:0]";"";"s_local_sum[6][11][31:24]"
"0xff8";60f8;"RO";8;0;;
;;;"[7:0]";"";"s_local_sum[6][12][7:0]"
"0xff9";60f9;"RO";8;0;;
;;;"[7:0]";"";"s_local_sum[6][12][15:8]"
"0xffa";60fa;"RO";8;0;;
;;;"[7:0]";"";"s_local_sum[6][12][23:16]"
"0xffb";60fb;"RO";8;0;;
;;;"[7:0]";"";"s_local_sum[6][12][31:24]"
"0xffc";60fc;"RO";8;0;;
;;;"[7:0]";"";"s_local_sum[6][13][7:0]"
"0xffd";60fd;"RO";8;0;;
;;;"[7:0]";"";"s_local_sum[6][13][15:8]"
"0xffe";60fe;"RO";8;0;;
;;;"[7:0]";"";"s_local_sum[6][13][23:16]"
"0xfff";60ff;"RO";8;0;;
;;;"[7:0]";"";"s_local_sum[6][13][31:24]"
"0x1000";6100;"RO";8;0;;
;;;"[7:0]";"";"s_local_sum[6][14][7:0]"
"0x1001";6101;"RO";8;0;;
;;;"[7:0]";"";"s_local_sum[6][14][15:8]"
"0x1002";6102;"RO";8;0;;
;;;"[7:0]";"";"s_local_sum[6][14][23:16]"
"0x1003";6103;"RO";8;0;;
;;;"[7:0]";"";"s_local_sum[6][14][31:24]"
"0x1004";6104;"RO";8;0;;
;;;"[7:0]";"";"s_local_sum[6][15][7:0]"
"0x1005";6105;"RO";8;0;;
;;;"[7:0]";"";"s_local_sum[6][15][15:8]"
"0x1006";6106;"RO";8;0;;
;;;"[7:0]";"";"s_local_sum[6][15][23:16]"
"0x1007";6107;"RO";8;0;;
;;;"[7:0]";"";"s_local_sum[6][15][31:24]"
"0x1008";6108;"RO";8;0;;
;;;"[7:0]";"";"s_local_sum[6][16][7:0]"
"0x1009";6109;"RO";8;0;;
;;;"[7:0]";"";"s_local_sum[6][16][15:8]"
"0x100a";610a;"RO";8;0;;
;;;"[7:0]";"";"s_local_sum[6][16][23:16]"
"0x100b";610b;"RO";8;0;;
;;;"[7:0]";"";"s_local_sum[6][16][31:24]"
"0x100c";610c;"RO";8;0;;
;;;"[7:0]";"";"s_local_sum[6][17][7:0]"
"0x100d";610d;"RO";8;0;;
;;;"[7:0]";"";"s_local_sum[6][17][15:8]"
"0x100e";610e;"RO";8;0;;
;;;"[7:0]";"";"s_local_sum[6][17][23:16]"
"0x100f";610f;"RO";8;0;;
;;;"[7:0]";"";"s_local_sum[6][17][31:24]"
"0x1010";6110;"RO";8;0;;
;;;"[7:0]";"";"s_local_sum[6][18][7:0]"
"0x1011";6111;"RO";8;0;;
;;;"[7:0]";"";"s_local_sum[6][18][15:8]"
"0x1012";6112;"RO";8;0;;
;;;"[7:0]";"";"s_local_sum[6][18][23:16]"
"0x1013";6113;"RO";8;0;;
;;;"[7:0]";"";"s_local_sum[6][18][31:24]"
"0x1014";6114;"RO";8;0;;
;;;"[7:0]";"";"s_local_sum[6][19][7:0]"
"0x1015";6115;"RO";8;0;;
;;;"[7:0]";"";"s_local_sum[6][19][15:8]"
"0x1016";6116;"RO";8;0;;
;;;"[7:0]";"";"s_local_sum[6][19][23:16]"
"0x1017";6117;"RO";8;0;;
;;;"[7:0]";"";"s_local_sum[6][19][31:24]"
"0x1018";6118;"RO";8;0;;
;;;"[7:0]";"";"s_local_sum[6][20][7:0]"
"0x1019";6119;"RO";8;0;;
;;;"[7:0]";"";"s_local_sum[6][20][15:8]"
"0x101a";611a;"RO";8;0;;
;;;"[7:0]";"";"s_local_sum[6][20][23:16]"
"0x101b";611b;"RO";8;0;;
;;;"[7:0]";"";"s_local_sum[6][20][31:24]"
"0x101c";611c;"RO";8;0;;
;;;"[7:0]";"";"s_local_sum[6][21][7:0]"
"0x101d";611d;"RO";8;0;;
;;;"[7:0]";"";"s_local_sum[6][21][15:8]"
"0x101e";611e;"RO";8;0;;
;;;"[7:0]";"";"s_local_sum[6][21][23:16]"
"0x101f";611f;"RO";8;0;;
;;;"[7:0]";"";"s_local_sum[6][21][31:24]"
"0x1020";6120;"RO";8;0;;
;;;"[7:0]";"";"s_local_sum[6][22][7:0]"
"0x1021";6121;"RO";8;0;;
;;;"[7:0]";"";"s_local_sum[6][22][15:8]"
"0x1022";6122;"RO";8;0;;
;;;"[7:0]";"";"s_local_sum[6][22][23:16]"
"0x1023";6123;"RO";8;0;;
;;;"[7:0]";"";"s_local_sum[6][22][31:24]"
"0x1024";6124;"RO";8;0;;
;;;"[7:0]";"";"s_local_sum[6][23][7:0]"
"0x1025";6125;"RO";8;0;;
;;;"[7:0]";"";"s_local_sum[6][23][15:8]"
"0x1026";6126;"RO";8;0;;
;;;"[7:0]";"";"s_local_sum[6][23][23:16]"
"0x1027";6127;"RO";8;0;;
;;;"[7:0]";"";"s_local_sum[6][23][31:24]"
"0x1028";6128;"RO";8;0;;
;;;"[7:0]";"";"s_local_sum[6][24][7:0]"
"0x1029";6129;"RO";8;0;;
;;;"[7:0]";"";"s_local_sum[6][24][15:8]"
"0x102a";612a;"RO";8;0;;
;;;"[7:0]";"";"s_local_sum[6][24][23:16]"
"0x102b";612b;"RO";8;0;;
;;;"[7:0]";"";"s_local_sum[6][24][31:24]"
"0x102c";612c;"RO";8;0;;
;;;"[7:0]";"";"s_local_sum[7][0][7:0]"
"0x102d";612d;"RO";8;0;;
;;;"[7:0]";"";"s_local_sum[7][0][15:8]"
"0x102e";612e;"RO";8;0;;
;;;"[7:0]";"";"s_local_sum[7][0][23:16]"
"0x102f";612f;"RO";8;0;;
;;;"[7:0]";"";"s_local_sum[7][0][31:24]"
"0x1030";6130;"RO";8;0;;
;;;"[7:0]";"";"s_local_sum[7][1][7:0]"
"0x1031";6131;"RO";8;0;;
;;;"[7:0]";"";"s_local_sum[7][1][15:8]"
"0x1032";6132;"RO";8;0;;
;;;"[7:0]";"";"s_local_sum[7][1][23:16]"
"0x1033";6133;"RO";8;0;;
;;;"[7:0]";"";"s_local_sum[7][1][31:24]"
"0x1034";6134;"RO";8;0;;
;;;"[7:0]";"";"s_local_sum[7][2][7:0]"
"0x1035";6135;"RO";8;0;;
;;;"[7:0]";"";"s_local_sum[7][2][15:8]"
"0x1036";6136;"RO";8;0;;
;;;"[7:0]";"";"s_local_sum[7][2][23:16]"
"0x1037";6137;"RO";8;0;;
;;;"[7:0]";"";"s_local_sum[7][2][31:24]"
"0x1038";6138;"RO";8;0;;
;;;"[7:0]";"";"s_local_sum[7][3][7:0]"
"0x1039";6139;"RO";8;0;;
;;;"[7:0]";"";"s_local_sum[7][3][15:8]"
"0x103a";613a;"RO";8;0;;
;;;"[7:0]";"";"s_local_sum[7][3][23:16]"
"0x103b";613b;"RO";8;0;;
;;;"[7:0]";"";"s_local_sum[7][3][31:24]"
"0x103c";613c;"RO";8;0;;
;;;"[7:0]";"";"s_local_sum[7][4][7:0]"
"0x103d";613d;"RO";8;0;;
;;;"[7:0]";"";"s_local_sum[7][4][15:8]"
"0x103e";613e;"RO";8;0;;
;;;"[7:0]";"";"s_local_sum[7][4][23:16]"
"0x103f";613f;"RO";8;0;;
;;;"[7:0]";"";"s_local_sum[7][4][31:24]"
"0x1040";6140;"RO";8;0;;
;;;"[7:0]";"";"s_local_sum[7][5][7:0]"
"0x1041";6141;"RO";8;0;;
;;;"[7:0]";"";"s_local_sum[7][5][15:8]"
"0x1042";6142;"RO";8;0;;
;;;"[7:0]";"";"s_local_sum[7][5][23:16]"
"0x1043";6143;"RO";8;0;;
;;;"[7:0]";"";"s_local_sum[7][5][31:24]"
"0x1044";6144;"RO";8;0;;
;;;"[7:0]";"";"s_local_sum[7][6][7:0]"
"0x1045";6145;"RO";8;0;;
;;;"[7:0]";"";"s_local_sum[7][6][15:8]"
"0x1046";6146;"RO";8;0;;
;;;"[7:0]";"";"s_local_sum[7][6][23:16]"
"0x1047";6147;"RO";8;0;;
;;;"[7:0]";"";"s_local_sum[7][6][31:24]"
"0x1048";6148;"RO";8;0;;
;;;"[7:0]";"";"s_local_sum[7][7][7:0]"
"0x1049";6149;"RO";8;0;;
;;;"[7:0]";"";"s_local_sum[7][7][15:8]"
"0x104a";614a;"RO";8;0;;
;;;"[7:0]";"";"s_local_sum[7][7][23:16]"
"0x104b";614b;"RO";8;0;;
;;;"[7:0]";"";"s_local_sum[7][7][31:24]"
"0x104c";614c;"RO";8;0;;
;;;"[7:0]";"";"s_local_sum[7][8][7:0]"
"0x104d";614d;"RO";8;0;;
;;;"[7:0]";"";"s_local_sum[7][8][15:8]"
"0x104e";614e;"RO";8;0;;
;;;"[7:0]";"";"s_local_sum[7][8][23:16]"
"0x104f";614f;"RO";8;0;;
;;;"[7:0]";"";"s_local_sum[7][8][31:24]"
"0x1050";6150;"RO";8;0;;
;;;"[7:0]";"";"s_local_sum[7][9][7:0]"
"0x1051";6151;"RO";8;0;;
;;;"[7:0]";"";"s_local_sum[7][9][15:8]"
"0x1052";6152;"RO";8;0;;
;;;"[7:0]";"";"s_local_sum[7][9][23:16]"
"0x1053";6153;"RO";8;0;;
;;;"[7:0]";"";"s_local_sum[7][9][31:24]"
"0x1054";6154;"RO";8;0;;
;;;"[7:0]";"";"s_local_sum[7][10][7:0]"
"0x1055";6155;"RO";8;0;;
;;;"[7:0]";"";"s_local_sum[7][10][15:8]"
"0x1056";6156;"RO";8;0;;
;;;"[7:0]";"";"s_local_sum[7][10][23:16]"
"0x1057";6157;"RO";8;0;;
;;;"[7:0]";"";"s_local_sum[7][10][31:24]"
"0x1058";6158;"RO";8;0;;
;;;"[7:0]";"";"s_local_sum[7][11][7:0]"
"0x1059";6159;"RO";8;0;;
;;;"[7:0]";"";"s_local_sum[7][11][15:8]"
"0x105a";615a;"RO";8;0;;
;;;"[7:0]";"";"s_local_sum[7][11][23:16]"
"0x105b";615b;"RO";8;0;;
;;;"[7:0]";"";"s_local_sum[7][11][31:24]"
"0x105c";615c;"RO";8;0;;
;;;"[7:0]";"";"s_local_sum[7][12][7:0]"
"0x105d";615d;"RO";8;0;;
;;;"[7:0]";"";"s_local_sum[7][12][15:8]"
"0x105e";615e;"RO";8;0;;
;;;"[7:0]";"";"s_local_sum[7][12][23:16]"
"0x105f";615f;"RO";8;0;;
;;;"[7:0]";"";"s_local_sum[7][12][31:24]"
"0x1060";6160;"RO";8;0;;
;;;"[7:0]";"";"s_local_sum[7][13][7:0]"
"0x1061";6161;"RO";8;0;;
;;;"[7:0]";"";"s_local_sum[7][13][15:8]"
"0x1062";6162;"RO";8;0;;
;;;"[7:0]";"";"s_local_sum[7][13][23:16]"
"0x1063";6163;"RO";8;0;;
;;;"[7:0]";"";"s_local_sum[7][13][31:24]"
"0x1064";6164;"RO";8;0;;
;;;"[7:0]";"";"s_local_sum[7][14][7:0]"
"0x1065";6165;"RO";8;0;;
;;;"[7:0]";"";"s_local_sum[7][14][15:8]"
"0x1066";6166;"RO";8;0;;
;;;"[7:0]";"";"s_local_sum[7][14][23:16]"
"0x1067";6167;"RO";8;0;;
;;;"[7:0]";"";"s_local_sum[7][14][31:24]"
"0x1068";6168;"RO";8;0;;
;;;"[7:0]";"";"s_local_sum[7][15][7:0]"
"0x1069";6169;"RO";8;0;;
;;;"[7:0]";"";"s_local_sum[7][15][15:8]"
"0x106a";616a;"RO";8;0;;
;;;"[7:0]";"";"s_local_sum[7][15][23:16]"
"0x106b";616b;"RO";8;0;;
;;;"[7:0]";"";"s_local_sum[7][15][31:24]"
"0x106c";616c;"RO";8;0;;
;;;"[7:0]";"";"s_local_sum[7][16][7:0]"
"0x106d";616d;"RO";8;0;;
;;;"[7:0]";"";"s_local_sum[7][16][15:8]"
"0x106e";616e;"RO";8;0;;
;;;"[7:0]";"";"s_local_sum[7][16][23:16]"
"0x106f";616f;"RO";8;0;;
;;;"[7:0]";"";"s_local_sum[7][16][31:24]"
"0x1070";6170;"RO";8;0;;
;;;"[7:0]";"";"s_local_sum[7][17][7:0]"
"0x1071";6171;"RO";8;0;;
;;;"[7:0]";"";"s_local_sum[7][17][15:8]"
"0x1072";6172;"RO";8;0;;
;;;"[7:0]";"";"s_local_sum[7][17][23:16]"
"0x1073";6173;"RO";8;0;;
;;;"[7:0]";"";"s_local_sum[7][17][31:24]"
"0x1074";6174;"RO";8;0;;
;;;"[7:0]";"";"s_local_sum[7][18][7:0]"
"0x1075";6175;"RO";8;0;;
;;;"[7:0]";"";"s_local_sum[7][18][15:8]"
"0x1076";6176;"RO";8;0;;
;;;"[7:0]";"";"s_local_sum[7][18][23:16]"
"0x1077";6177;"RO";8;0;;
;;;"[7:0]";"";"s_local_sum[7][18][31:24]"
"0x1078";6178;"RO";8;0;;
;;;"[7:0]";"";"s_local_sum[7][19][7:0]"
"0x1079";6179;"RO";8;0;;
;;;"[7:0]";"";"s_local_sum[7][19][15:8]"
"0x107a";617a;"RO";8;0;;
;;;"[7:0]";"";"s_local_sum[7][19][23:16]"
"0x107b";617b;"RO";8;0;;
;;;"[7:0]";"";"s_local_sum[7][19][31:24]"
"0x107c";617c;"RO";8;0;;
;;;"[7:0]";"";"s_local_sum[7][20][7:0]"
"0x107d";617d;"RO";8;0;;
;;;"[7:0]";"";"s_local_sum[7][20][15:8]"
"0x107e";617e;"RO";8;0;;
;;;"[7:0]";"";"s_local_sum[7][20][23:16]"
"0x107f";617f;"RO";8;0;;
;;;"[7:0]";"";"s_local_sum[7][20][31:24]"
"0x1080";6180;"RO";8;0;;
;;;"[7:0]";"";"s_local_sum[7][21][7:0]"
"0x1081";6181;"RO";8;0;;
;;;"[7:0]";"";"s_local_sum[7][21][15:8]"
"0x1082";6182;"RO";8;0;;
;;;"[7:0]";"";"s_local_sum[7][21][23:16]"
"0x1083";6183;"RO";8;0;;
;;;"[7:0]";"";"s_local_sum[7][21][31:24]"
"0x1084";6184;"RO";8;0;;
;;;"[7:0]";"";"s_local_sum[7][22][7:0]"
"0x1085";6185;"RO";8;0;;
;;;"[7:0]";"";"s_local_sum[7][22][15:8]"
"0x1086";6186;"RO";8;0;;
;;;"[7:0]";"";"s_local_sum[7][22][23:16]"
"0x1087";6187;"RO";8;0;;
;;;"[7:0]";"";"s_local_sum[7][22][31:24]"
"0x1088";6188;"RO";8;0;;
;;;"[7:0]";"";"s_local_sum[7][23][7:0]"
"0x1089";6189;"RO";8;0;;
;;;"[7:0]";"";"s_local_sum[7][23][15:8]"
"0x108a";618a;"RO";8;0;;
;;;"[7:0]";"";"s_local_sum[7][23][23:16]"
"0x108b";618b;"RO";8;0;;
;;;"[7:0]";"";"s_local_sum[7][23][31:24]"
"0x108c";618c;"RO";8;0;;
;;;"[7:0]";"";"s_local_sum[7][24][7:0]"
"0x108d";618d;"RO";8;0;;
;;;"[7:0]";"";"s_local_sum[7][24][15:8]"
"0x108e";618e;"RO";8;0;;
;;;"[7:0]";"";"s_local_sum[7][24][23:16]"
"0x108f";618f;"RO";8;0;;
;;;"[7:0]";"";"s_local_sum[7][24][31:24]"
"0x1090";6190;"RO";8;0;;
;;;"[7:0]";"";"s_local_sum[8][0][7:0]"
"0x1091";6191;"RO";8;0;;
;;;"[7:0]";"";"s_local_sum[8][0][15:8]"
"0x1092";6192;"RO";8;0;;
;;;"[7:0]";"";"s_local_sum[8][0][23:16]"
"0x1093";6193;"RO";8;0;;
;;;"[7:0]";"";"s_local_sum[8][0][31:24]"
"0x1094";6194;"RO";8;0;;
;;;"[7:0]";"";"s_local_sum[8][1][7:0]"
"0x1095";6195;"RO";8;0;;
;;;"[7:0]";"";"s_local_sum[8][1][15:8]"
"0x1096";6196;"RO";8;0;;
;;;"[7:0]";"";"s_local_sum[8][1][23:16]"
"0x1097";6197;"RO";8;0;;
;;;"[7:0]";"";"s_local_sum[8][1][31:24]"
"0x1098";6198;"RO";8;0;;
;;;"[7:0]";"";"s_local_sum[8][2][7:0]"
"0x1099";6199;"RO";8;0;;
;;;"[7:0]";"";"s_local_sum[8][2][15:8]"
"0x109a";619a;"RO";8;0;;
;;;"[7:0]";"";"s_local_sum[8][2][23:16]"
"0x109b";619b;"RO";8;0;;
;;;"[7:0]";"";"s_local_sum[8][2][31:24]"
"0x109c";619c;"RO";8;0;;
;;;"[7:0]";"";"s_local_sum[8][3][7:0]"
"0x109d";619d;"RO";8;0;;
;;;"[7:0]";"";"s_local_sum[8][3][15:8]"
"0x109e";619e;"RO";8;0;;
;;;"[7:0]";"";"s_local_sum[8][3][23:16]"
"0x109f";619f;"RO";8;0;;
;;;"[7:0]";"";"s_local_sum[8][3][31:24]"
"0x10a0";61a0;"RO";8;0;;
;;;"[7:0]";"";"s_local_sum[8][4][7:0]"
"0x10a1";61a1;"RO";8;0;;
;;;"[7:0]";"";"s_local_sum[8][4][15:8]"
"0x10a2";61a2;"RO";8;0;;
;;;"[7:0]";"";"s_local_sum[8][4][23:16]"
"0x10a3";61a3;"RO";8;0;;
;;;"[7:0]";"";"s_local_sum[8][4][31:24]"
"0x10a4";61a4;"RO";8;0;;
;;;"[7:0]";"";"s_local_sum[8][5][7:0]"
"0x10a5";61a5;"RO";8;0;;
;;;"[7:0]";"";"s_local_sum[8][5][15:8]"
"0x10a6";61a6;"RO";8;0;;
;;;"[7:0]";"";"s_local_sum[8][5][23:16]"
"0x10a7";61a7;"RO";8;0;;
;;;"[7:0]";"";"s_local_sum[8][5][31:24]"
"0x10a8";61a8;"RO";8;0;;
;;;"[7:0]";"";"s_local_sum[8][6][7:0]"
"0x10a9";61a9;"RO";8;0;;
;;;"[7:0]";"";"s_local_sum[8][6][15:8]"
"0x10aa";61aa;"RO";8;0;;
;;;"[7:0]";"";"s_local_sum[8][6][23:16]"
"0x10ab";61ab;"RO";8;0;;
;;;"[7:0]";"";"s_local_sum[8][6][31:24]"
"0x10ac";61ac;"RO";8;0;;
;;;"[7:0]";"";"s_local_sum[8][7][7:0]"
"0x10ad";61ad;"RO";8;0;;
;;;"[7:0]";"";"s_local_sum[8][7][15:8]"
"0x10ae";61ae;"RO";8;0;;
;;;"[7:0]";"";"s_local_sum[8][7][23:16]"
"0x10af";61af;"RO";8;0;;
;;;"[7:0]";"";"s_local_sum[8][7][31:24]"
"0x10b0";61b0;"RO";8;0;;
;;;"[7:0]";"";"s_local_sum[8][8][7:0]"
"0x10b1";61b1;"RO";8;0;;
;;;"[7:0]";"";"s_local_sum[8][8][15:8]"
"0x10b2";61b2;"RO";8;0;;
;;;"[7:0]";"";"s_local_sum[8][8][23:16]"
"0x10b3";61b3;"RO";8;0;;
;;;"[7:0]";"";"s_local_sum[8][8][31:24]"
"0x10b4";61b4;"RO";8;0;;
;;;"[7:0]";"";"s_local_sum[8][9][7:0]"
"0x10b5";61b5;"RO";8;0;;
;;;"[7:0]";"";"s_local_sum[8][9][15:8]"
"0x10b6";61b6;"RO";8;0;;
;;;"[7:0]";"";"s_local_sum[8][9][23:16]"
"0x10b7";61b7;"RO";8;0;;
;;;"[7:0]";"";"s_local_sum[8][9][31:24]"
"0x10b8";61b8;"RO";8;0;;
;;;"[7:0]";"";"s_local_sum[8][10][7:0]"
"0x10b9";61b9;"RO";8;0;;
;;;"[7:0]";"";"s_local_sum[8][10][15:8]"
"0x10ba";61ba;"RO";8;0;;
;;;"[7:0]";"";"s_local_sum[8][10][23:16]"
"0x10bb";61bb;"RO";8;0;;
;;;"[7:0]";"";"s_local_sum[8][10][31:24]"
"0x10bc";61bc;"RO";8;0;;
;;;"[7:0]";"";"s_local_sum[8][11][7:0]"
"0x10bd";61bd;"RO";8;0;;
;;;"[7:0]";"";"s_local_sum[8][11][15:8]"
"0x10be";61be;"RO";8;0;;
;;;"[7:0]";"";"s_local_sum[8][11][23:16]"
"0x10bf";61bf;"RO";8;0;;
;;;"[7:0]";"";"s_local_sum[8][11][31:24]"
"0x10c0";61c0;"RO";8;0;;
;;;"[7:0]";"";"s_local_sum[8][12][7:0]"
"0x10c1";61c1;"RO";8;0;;
;;;"[7:0]";"";"s_local_sum[8][12][15:8]"
"0x10c2";61c2;"RO";8;0;;
;;;"[7:0]";"";"s_local_sum[8][12][23:16]"
"0x10c3";61c3;"RO";8;0;;
;;;"[7:0]";"";"s_local_sum[8][12][31:24]"
"0x10c4";61c4;"RO";8;0;;
;;;"[7:0]";"";"s_local_sum[8][13][7:0]"
"0x10c5";61c5;"RO";8;0;;
;;;"[7:0]";"";"s_local_sum[8][13][15:8]"
"0x10c6";61c6;"RO";8;0;;
;;;"[7:0]";"";"s_local_sum[8][13][23:16]"
"0x10c7";61c7;"RO";8;0;;
;;;"[7:0]";"";"s_local_sum[8][13][31:24]"
"0x10c8";61c8;"RO";8;0;;
;;;"[7:0]";"";"s_local_sum[8][14][7:0]"
"0x10c9";61c9;"RO";8;0;;
;;;"[7:0]";"";"s_local_sum[8][14][15:8]"
"0x10ca";61ca;"RO";8;0;;
;;;"[7:0]";"";"s_local_sum[8][14][23:16]"
"0x10cb";61cb;"RO";8;0;;
;;;"[7:0]";"";"s_local_sum[8][14][31:24]"
"0x10cc";61cc;"RO";8;0;;
;;;"[7:0]";"";"s_local_sum[8][15][7:0]"
"0x10cd";61cd;"RO";8;0;;
;;;"[7:0]";"";"s_local_sum[8][15][15:8]"
"0x10ce";61ce;"RO";8;0;;
;;;"[7:0]";"";"s_local_sum[8][15][23:16]"
"0x10cf";61cf;"RO";8;0;;
;;;"[7:0]";"";"s_local_sum[8][15][31:24]"
"0x10d0";61d0;"RO";8;0;;
;;;"[7:0]";"";"s_local_sum[8][16][7:0]"
"0x10d1";61d1;"RO";8;0;;
;;;"[7:0]";"";"s_local_sum[8][16][15:8]"
"0x10d2";61d2;"RO";8;0;;
;;;"[7:0]";"";"s_local_sum[8][16][23:16]"
"0x10d3";61d3;"RO";8;0;;
;;;"[7:0]";"";"s_local_sum[8][16][31:24]"
"0x10d4";61d4;"RO";8;0;;
;;;"[7:0]";"";"s_local_sum[8][17][7:0]"
"0x10d5";61d5;"RO";8;0;;
;;;"[7:0]";"";"s_local_sum[8][17][15:8]"
"0x10d6";61d6;"RO";8;0;;
;;;"[7:0]";"";"s_local_sum[8][17][23:16]"
"0x10d7";61d7;"RO";8;0;;
;;;"[7:0]";"";"s_local_sum[8][17][31:24]"
"0x10d8";61d8;"RO";8;0;;
;;;"[7:0]";"";"s_local_sum[8][18][7:0]"
"0x10d9";61d9;"RO";8;0;;
;;;"[7:0]";"";"s_local_sum[8][18][15:8]"
"0x10da";61da;"RO";8;0;;
;;;"[7:0]";"";"s_local_sum[8][18][23:16]"
"0x10db";61db;"RO";8;0;;
;;;"[7:0]";"";"s_local_sum[8][18][31:24]"
"0x10dc";61dc;"RO";8;0;;
;;;"[7:0]";"";"s_local_sum[8][19][7:0]"
"0x10dd";61dd;"RO";8;0;;
;;;"[7:0]";"";"s_local_sum[8][19][15:8]"
"0x10de";61de;"RO";8;0;;
;;;"[7:0]";"";"s_local_sum[8][19][23:16]"
"0x10df";61df;"RO";8;0;;
;;;"[7:0]";"";"s_local_sum[8][19][31:24]"
"0x10e0";61e0;"RO";8;0;;
;;;"[7:0]";"";"s_local_sum[8][20][7:0]"
"0x10e1";61e1;"RO";8;0;;
;;;"[7:0]";"";"s_local_sum[8][20][15:8]"
"0x10e2";61e2;"RO";8;0;;
;;;"[7:0]";"";"s_local_sum[8][20][23:16]"
"0x10e3";61e3;"RO";8;0;;
;;;"[7:0]";"";"s_local_sum[8][20][31:24]"
"0x10e4";61e4;"RO";8;0;;
;;;"[7:0]";"";"s_local_sum[8][21][7:0]"
"0x10e5";61e5;"RO";8;0;;
;;;"[7:0]";"";"s_local_sum[8][21][15:8]"
"0x10e6";61e6;"RO";8;0;;
;;;"[7:0]";"";"s_local_sum[8][21][23:16]"
"0x10e7";61e7;"RO";8;0;;
;;;"[7:0]";"";"s_local_sum[8][21][31:24]"
"0x10e8";61e8;"RO";8;0;;
;;;"[7:0]";"";"s_local_sum[8][22][7:0]"
"0x10e9";61e9;"RO";8;0;;
;;;"[7:0]";"";"s_local_sum[8][22][15:8]"
"0x10ea";61ea;"RO";8;0;;
;;;"[7:0]";"";"s_local_sum[8][22][23:16]"
"0x10eb";61eb;"RO";8;0;;
;;;"[7:0]";"";"s_local_sum[8][22][31:24]"
"0x10ec";61ec;"RO";8;0;;
;;;"[7:0]";"";"s_local_sum[8][23][7:0]"
"0x10ed";61ed;"RO";8;0;;
;;;"[7:0]";"";"s_local_sum[8][23][15:8]"
"0x10ee";61ee;"RO";8;0;;
;;;"[7:0]";"";"s_local_sum[8][23][23:16]"
"0x10ef";61ef;"RO";8;0;;
;;;"[7:0]";"";"s_local_sum[8][23][31:24]"
"0x10f0";61f0;"RO";8;0;;
;;;"[7:0]";"";"s_local_sum[8][24][7:0]"
"0x10f1";61f1;"RO";8;0;;
;;;"[7:0]";"";"s_local_sum[8][24][15:8]"
"0x10f2";61f2;"RO";8;0;;
;;;"[7:0]";"";"s_local_sum[8][24][23:16]"
"0x10f3";61f3;"RO";8;0;;
;;;"[7:0]";"";"s_local_sum[8][24][31:24]"
"0x10f4";61f4;"RO";8;0;;
;;;"[7:0]";"";"s_local_sum[9][0][7:0]"
"0x10f5";61f5;"RO";8;0;;
;;;"[7:0]";"";"s_local_sum[9][0][15:8]"
"0x10f6";61f6;"RO";8;0;;
;;;"[7:0]";"";"s_local_sum[9][0][23:16]"
"0x10f7";61f7;"RO";8;0;;
;;;"[7:0]";"";"s_local_sum[9][0][31:24]"
"0x10f8";61f8;"RO";8;0;;
;;;"[7:0]";"";"s_local_sum[9][1][7:0]"
"0x10f9";61f9;"RO";8;0;;
;;;"[7:0]";"";"s_local_sum[9][1][15:8]"
"0x10fa";61fa;"RO";8;0;;
;;;"[7:0]";"";"s_local_sum[9][1][23:16]"
"0x10fb";61fb;"RO";8;0;;
;;;"[7:0]";"";"s_local_sum[9][1][31:24]"
"0x10fc";61fc;"RO";8;0;;
;;;"[7:0]";"";"s_local_sum[9][2][7:0]"
"0x10fd";61fd;"RO";8;0;;
;;;"[7:0]";"";"s_local_sum[9][2][15:8]"
"0x10fe";61fe;"RO";8;0;;
;;;"[7:0]";"";"s_local_sum[9][2][23:16]"
"0x10ff";61ff;"RO";8;0;;
;;;"[7:0]";"";"s_local_sum[9][2][31:24]"
"0x1100";6200;"RO";8;0;;
;;;"[7:0]";"";"s_local_sum[9][3][7:0]"
"0x1101";6201;"RO";8;0;;
;;;"[7:0]";"";"s_local_sum[9][3][15:8]"
"0x1102";6202;"RO";8;0;;
;;;"[7:0]";"";"s_local_sum[9][3][23:16]"
"0x1103";6203;"RO";8;0;;
;;;"[7:0]";"";"s_local_sum[9][3][31:24]"
"0x1104";6204;"RO";8;0;;
;;;"[7:0]";"";"s_local_sum[9][4][7:0]"
"0x1105";6205;"RO";8;0;;
;;;"[7:0]";"";"s_local_sum[9][4][15:8]"
"0x1106";6206;"RO";8;0;;
;;;"[7:0]";"";"s_local_sum[9][4][23:16]"
"0x1107";6207;"RO";8;0;;
;;;"[7:0]";"";"s_local_sum[9][4][31:24]"
"0x1108";6208;"RO";8;0;;
;;;"[7:0]";"";"s_local_sum[9][5][7:0]"
"0x1109";6209;"RO";8;0;;
;;;"[7:0]";"";"s_local_sum[9][5][15:8]"
"0x110a";620a;"RO";8;0;;
;;;"[7:0]";"";"s_local_sum[9][5][23:16]"
"0x110b";620b;"RO";8;0;;
;;;"[7:0]";"";"s_local_sum[9][5][31:24]"
"0x110c";620c;"RO";8;0;;
;;;"[7:0]";"";"s_local_sum[9][6][7:0]"
"0x110d";620d;"RO";8;0;;
;;;"[7:0]";"";"s_local_sum[9][6][15:8]"
"0x110e";620e;"RO";8;0;;
;;;"[7:0]";"";"s_local_sum[9][6][23:16]"
"0x110f";620f;"RO";8;0;;
;;;"[7:0]";"";"s_local_sum[9][6][31:24]"
"0x1110";6210;"RO";8;0;;
;;;"[7:0]";"";"s_local_sum[9][7][7:0]"
"0x1111";6211;"RO";8;0;;
;;;"[7:0]";"";"s_local_sum[9][7][15:8]"
"0x1112";6212;"RO";8;0;;
;;;"[7:0]";"";"s_local_sum[9][7][23:16]"
"0x1113";6213;"RO";8;0;;
;;;"[7:0]";"";"s_local_sum[9][7][31:24]"
"0x1114";6214;"RO";8;0;;
;;;"[7:0]";"";"s_local_sum[9][8][7:0]"
"0x1115";6215;"RO";8;0;;
;;;"[7:0]";"";"s_local_sum[9][8][15:8]"
"0x1116";6216;"RO";8;0;;
;;;"[7:0]";"";"s_local_sum[9][8][23:16]"
"0x1117";6217;"RO";8;0;;
;;;"[7:0]";"";"s_local_sum[9][8][31:24]"
"0x1118";6218;"RO";8;0;;
;;;"[7:0]";"";"s_local_sum[9][9][7:0]"
"0x1119";6219;"RO";8;0;;
;;;"[7:0]";"";"s_local_sum[9][9][15:8]"
"0x111a";621a;"RO";8;0;;
;;;"[7:0]";"";"s_local_sum[9][9][23:16]"
"0x111b";621b;"RO";8;0;;
;;;"[7:0]";"";"s_local_sum[9][9][31:24]"
"0x111c";621c;"RO";8;0;;
;;;"[7:0]";"";"s_local_sum[9][10][7:0]"
"0x111d";621d;"RO";8;0;;
;;;"[7:0]";"";"s_local_sum[9][10][15:8]"
"0x111e";621e;"RO";8;0;;
;;;"[7:0]";"";"s_local_sum[9][10][23:16]"
"0x111f";621f;"RO";8;0;;
;;;"[7:0]";"";"s_local_sum[9][10][31:24]"
"0x1120";6220;"RO";8;0;;
;;;"[7:0]";"";"s_local_sum[9][11][7:0]"
"0x1121";6221;"RO";8;0;;
;;;"[7:0]";"";"s_local_sum[9][11][15:8]"
"0x1122";6222;"RO";8;0;;
;;;"[7:0]";"";"s_local_sum[9][11][23:16]"
"0x1123";6223;"RO";8;0;;
;;;"[7:0]";"";"s_local_sum[9][11][31:24]"
"0x1124";6224;"RO";8;0;;
;;;"[7:0]";"";"s_local_sum[9][12][7:0]"
"0x1125";6225;"RO";8;0;;
;;;"[7:0]";"";"s_local_sum[9][12][15:8]"
"0x1126";6226;"RO";8;0;;
;;;"[7:0]";"";"s_local_sum[9][12][23:16]"
"0x1127";6227;"RO";8;0;;
;;;"[7:0]";"";"s_local_sum[9][12][31:24]"
"0x1128";6228;"RO";8;0;;
;;;"[7:0]";"";"s_local_sum[9][13][7:0]"
"0x1129";6229;"RO";8;0;;
;;;"[7:0]";"";"s_local_sum[9][13][15:8]"
"0x112a";622a;"RO";8;0;;
;;;"[7:0]";"";"s_local_sum[9][13][23:16]"
"0x112b";622b;"RO";8;0;;
;;;"[7:0]";"";"s_local_sum[9][13][31:24]"
"0x112c";622c;"RO";8;0;;
;;;"[7:0]";"";"s_local_sum[9][14][7:0]"
"0x112d";622d;"RO";8;0;;
;;;"[7:0]";"";"s_local_sum[9][14][15:8]"
"0x112e";622e;"RO";8;0;;
;;;"[7:0]";"";"s_local_sum[9][14][23:16]"
"0x112f";622f;"RO";8;0;;
;;;"[7:0]";"";"s_local_sum[9][14][31:24]"
"0x1130";6230;"RO";8;0;;
;;;"[7:0]";"";"s_local_sum[9][15][7:0]"
"0x1131";6231;"RO";8;0;;
;;;"[7:0]";"";"s_local_sum[9][15][15:8]"
"0x1132";6232;"RO";8;0;;
;;;"[7:0]";"";"s_local_sum[9][15][23:16]"
"0x1133";6233;"RO";8;0;;
;;;"[7:0]";"";"s_local_sum[9][15][31:24]"
"0x1134";6234;"RO";8;0;;
;;;"[7:0]";"";"s_local_sum[9][16][7:0]"
"0x1135";6235;"RO";8;0;;
;;;"[7:0]";"";"s_local_sum[9][16][15:8]"
"0x1136";6236;"RO";8;0;;
;;;"[7:0]";"";"s_local_sum[9][16][23:16]"
"0x1137";6237;"RO";8;0;;
;;;"[7:0]";"";"s_local_sum[9][16][31:24]"
"0x1138";6238;"RO";8;0;;
;;;"[7:0]";"";"s_local_sum[9][17][7:0]"
"0x1139";6239;"RO";8;0;;
;;;"[7:0]";"";"s_local_sum[9][17][15:8]"
"0x113a";623a;"RO";8;0;;
;;;"[7:0]";"";"s_local_sum[9][17][23:16]"
"0x113b";623b;"RO";8;0;;
;;;"[7:0]";"";"s_local_sum[9][17][31:24]"
"0x113c";623c;"RO";8;0;;
;;;"[7:0]";"";"s_local_sum[9][18][7:0]"
"0x113d";623d;"RO";8;0;;
;;;"[7:0]";"";"s_local_sum[9][18][15:8]"
"0x113e";623e;"RO";8;0;;
;;;"[7:0]";"";"s_local_sum[9][18][23:16]"
"0x113f";623f;"RO";8;0;;
;;;"[7:0]";"";"s_local_sum[9][18][31:24]"
"0x1140";6240;"RO";8;0;;
;;;"[7:0]";"";"s_local_sum[9][19][7:0]"
"0x1141";6241;"RO";8;0;;
;;;"[7:0]";"";"s_local_sum[9][19][15:8]"
"0x1142";6242;"RO";8;0;;
;;;"[7:0]";"";"s_local_sum[9][19][23:16]"
"0x1143";6243;"RO";8;0;;
;;;"[7:0]";"";"s_local_sum[9][19][31:24]"
"0x1144";6244;"RO";8;0;;
;;;"[7:0]";"";"s_local_sum[9][20][7:0]"
"0x1145";6245;"RO";8;0;;
;;;"[7:0]";"";"s_local_sum[9][20][15:8]"
"0x1146";6246;"RO";8;0;;
;;;"[7:0]";"";"s_local_sum[9][20][23:16]"
"0x1147";6247;"RO";8;0;;
;;;"[7:0]";"";"s_local_sum[9][20][31:24]"
"0x1148";6248;"RO";8;0;;
;;;"[7:0]";"";"s_local_sum[9][21][7:0]"
"0x1149";6249;"RO";8;0;;
;;;"[7:0]";"";"s_local_sum[9][21][15:8]"
"0x114a";624a;"RO";8;0;;
;;;"[7:0]";"";"s_local_sum[9][21][23:16]"
"0x114b";624b;"RO";8;0;;
;;;"[7:0]";"";"s_local_sum[9][21][31:24]"
"0x114c";624c;"RO";8;0;;
;;;"[7:0]";"";"s_local_sum[9][22][7:0]"
"0x114d";624d;"RO";8;0;;
;;;"[7:0]";"";"s_local_sum[9][22][15:8]"
"0x114e";624e;"RO";8;0;;
;;;"[7:0]";"";"s_local_sum[9][22][23:16]"
"0x114f";624f;"RO";8;0;;
;;;"[7:0]";"";"s_local_sum[9][22][31:24]"
"0x1150";6250;"RO";8;0;;
;;;"[7:0]";"";"s_local_sum[9][23][7:0]"
"0x1151";6251;"RO";8;0;;
;;;"[7:0]";"";"s_local_sum[9][23][15:8]"
"0x1152";6252;"RO";8;0;;
;;;"[7:0]";"";"s_local_sum[9][23][23:16]"
"0x1153";6253;"RO";8;0;;
;;;"[7:0]";"";"s_local_sum[9][23][31:24]"
"0x1154";6254;"RO";8;0;;
;;;"[7:0]";"";"s_local_sum[9][24][7:0]"
"0x1155";6255;"RO";8;0;;
;;;"[7:0]";"";"s_local_sum[9][24][15:8]"
"0x1156";6256;"RO";8;0;;
;;;"[7:0]";"";"s_local_sum[9][24][23:16]"
"0x1157";6257;"RO";8;0;;
;;;"[7:0]";"";"s_local_sum[9][24][31:24]"
"0x1158";6258;"RO";8;0;;
;;;"[7:0]";"";"s_local_sum[10][0][7:0]"
"0x1159";6259;"RO";8;0;;
;;;"[7:0]";"";"s_local_sum[10][0][15:8]"
"0x115a";625a;"RO";8;0;;
;;;"[7:0]";"";"s_local_sum[10][0][23:16]"
"0x115b";625b;"RO";8;0;;
;;;"[7:0]";"";"s_local_sum[10][0][31:24]"
"0x115c";625c;"RO";8;0;;
;;;"[7:0]";"";"s_local_sum[10][1][7:0]"
"0x115d";625d;"RO";8;0;;
;;;"[7:0]";"";"s_local_sum[10][1][15:8]"
"0x115e";625e;"RO";8;0;;
;;;"[7:0]";"";"s_local_sum[10][1][23:16]"
"0x115f";625f;"RO";8;0;;
;;;"[7:0]";"";"s_local_sum[10][1][31:24]"
"0x1160";6260;"RO";8;0;;
;;;"[7:0]";"";"s_local_sum[10][2][7:0]"
"0x1161";6261;"RO";8;0;;
;;;"[7:0]";"";"s_local_sum[10][2][15:8]"
"0x1162";6262;"RO";8;0;;
;;;"[7:0]";"";"s_local_sum[10][2][23:16]"
"0x1163";6263;"RO";8;0;;
;;;"[7:0]";"";"s_local_sum[10][2][31:24]"
"0x1164";6264;"RO";8;0;;
;;;"[7:0]";"";"s_local_sum[10][3][7:0]"
"0x1165";6265;"RO";8;0;;
;;;"[7:0]";"";"s_local_sum[10][3][15:8]"
"0x1166";6266;"RO";8;0;;
;;;"[7:0]";"";"s_local_sum[10][3][23:16]"
"0x1167";6267;"RO";8;0;;
;;;"[7:0]";"";"s_local_sum[10][3][31:24]"
"0x1168";6268;"RO";8;0;;
;;;"[7:0]";"";"s_local_sum[10][4][7:0]"
"0x1169";6269;"RO";8;0;;
;;;"[7:0]";"";"s_local_sum[10][4][15:8]"
"0x116a";626a;"RO";8;0;;
;;;"[7:0]";"";"s_local_sum[10][4][23:16]"
"0x116b";626b;"RO";8;0;;
;;;"[7:0]";"";"s_local_sum[10][4][31:24]"
"0x116c";626c;"RO";8;0;;
;;;"[7:0]";"";"s_local_sum[10][5][7:0]"
"0x116d";626d;"RO";8;0;;
;;;"[7:0]";"";"s_local_sum[10][5][15:8]"
"0x116e";626e;"RO";8;0;;
;;;"[7:0]";"";"s_local_sum[10][5][23:16]"
"0x116f";626f;"RO";8;0;;
;;;"[7:0]";"";"s_local_sum[10][5][31:24]"
"0x1170";6270;"RO";8;0;;
;;;"[7:0]";"";"s_local_sum[10][6][7:0]"
"0x1171";6271;"RO";8;0;;
;;;"[7:0]";"";"s_local_sum[10][6][15:8]"
"0x1172";6272;"RO";8;0;;
;;;"[7:0]";"";"s_local_sum[10][6][23:16]"
"0x1173";6273;"RO";8;0;;
;;;"[7:0]";"";"s_local_sum[10][6][31:24]"
"0x1174";6274;"RO";8;0;;
;;;"[7:0]";"";"s_local_sum[10][7][7:0]"
"0x1175";6275;"RO";8;0;;
;;;"[7:0]";"";"s_local_sum[10][7][15:8]"
"0x1176";6276;"RO";8;0;;
;;;"[7:0]";"";"s_local_sum[10][7][23:16]"
"0x1177";6277;"RO";8;0;;
;;;"[7:0]";"";"s_local_sum[10][7][31:24]"
"0x1178";6278;"RO";8;0;;
;;;"[7:0]";"";"s_local_sum[10][8][7:0]"
"0x1179";6279;"RO";8;0;;
;;;"[7:0]";"";"s_local_sum[10][8][15:8]"
"0x117a";627a;"RO";8;0;;
;;;"[7:0]";"";"s_local_sum[10][8][23:16]"
"0x117b";627b;"RO";8;0;;
;;;"[7:0]";"";"s_local_sum[10][8][31:24]"
"0x117c";627c;"RO";8;0;;
;;;"[7:0]";"";"s_local_sum[10][9][7:0]"
"0x117d";627d;"RO";8;0;;
;;;"[7:0]";"";"s_local_sum[10][9][15:8]"
"0x117e";627e;"RO";8;0;;
;;;"[7:0]";"";"s_local_sum[10][9][23:16]"
"0x117f";627f;"RO";8;0;;
;;;"[7:0]";"";"s_local_sum[10][9][31:24]"
"0x1180";6280;"RO";8;0;;
;;;"[7:0]";"";"s_local_sum[10][10][7:0]"
"0x1181";6281;"RO";8;0;;
;;;"[7:0]";"";"s_local_sum[10][10][15:8]"
"0x1182";6282;"RO";8;0;;
;;;"[7:0]";"";"s_local_sum[10][10][23:16]"
"0x1183";6283;"RO";8;0;;
;;;"[7:0]";"";"s_local_sum[10][10][31:24]"
"0x1184";6284;"RO";8;0;;
;;;"[7:0]";"";"s_local_sum[10][11][7:0]"
"0x1185";6285;"RO";8;0;;
;;;"[7:0]";"";"s_local_sum[10][11][15:8]"
"0x1186";6286;"RO";8;0;;
;;;"[7:0]";"";"s_local_sum[10][11][23:16]"
"0x1187";6287;"RO";8;0;;
;;;"[7:0]";"";"s_local_sum[10][11][31:24]"
"0x1188";6288;"RO";8;0;;
;;;"[7:0]";"";"s_local_sum[10][12][7:0]"
"0x1189";6289;"RO";8;0;;
;;;"[7:0]";"";"s_local_sum[10][12][15:8]"
"0x118a";628a;"RO";8;0;;
;;;"[7:0]";"";"s_local_sum[10][12][23:16]"
"0x118b";628b;"RO";8;0;;
;;;"[7:0]";"";"s_local_sum[10][12][31:24]"
"0x118c";628c;"RO";8;0;;
;;;"[7:0]";"";"s_local_sum[10][13][7:0]"
"0x118d";628d;"RO";8;0;;
;;;"[7:0]";"";"s_local_sum[10][13][15:8]"
"0x118e";628e;"RO";8;0;;
;;;"[7:0]";"";"s_local_sum[10][13][23:16]"
"0x118f";628f;"RO";8;0;;
;;;"[7:0]";"";"s_local_sum[10][13][31:24]"
"0x1190";6290;"RO";8;0;;
;;;"[7:0]";"";"s_local_sum[10][14][7:0]"
"0x1191";6291;"RO";8;0;;
;;;"[7:0]";"";"s_local_sum[10][14][15:8]"
"0x1192";6292;"RO";8;0;;
;;;"[7:0]";"";"s_local_sum[10][14][23:16]"
"0x1193";6293;"RO";8;0;;
;;;"[7:0]";"";"s_local_sum[10][14][31:24]"
"0x1194";6294;"RO";8;0;;
;;;"[7:0]";"";"s_local_sum[10][15][7:0]"
"0x1195";6295;"RO";8;0;;
;;;"[7:0]";"";"s_local_sum[10][15][15:8]"
"0x1196";6296;"RO";8;0;;
;;;"[7:0]";"";"s_local_sum[10][15][23:16]"
"0x1197";6297;"RO";8;0;;
;;;"[7:0]";"";"s_local_sum[10][15][31:24]"
"0x1198";6298;"RO";8;0;;
;;;"[7:0]";"";"s_local_sum[10][16][7:0]"
"0x1199";6299;"RO";8;0;;
;;;"[7:0]";"";"s_local_sum[10][16][15:8]"
"0x119a";629a;"RO";8;0;;
;;;"[7:0]";"";"s_local_sum[10][16][23:16]"
"0x119b";629b;"RO";8;0;;
;;;"[7:0]";"";"s_local_sum[10][16][31:24]"
"0x119c";629c;"RO";8;0;;
;;;"[7:0]";"";"s_local_sum[10][17][7:0]"
"0x119d";629d;"RO";8;0;;
;;;"[7:0]";"";"s_local_sum[10][17][15:8]"
"0x119e";629e;"RO";8;0;;
;;;"[7:0]";"";"s_local_sum[10][17][23:16]"
"0x119f";629f;"RO";8;0;;
;;;"[7:0]";"";"s_local_sum[10][17][31:24]"
"0x11a0";62a0;"RO";8;0;;
;;;"[7:0]";"";"s_local_sum[10][18][7:0]"
"0x11a1";62a1;"RO";8;0;;
;;;"[7:0]";"";"s_local_sum[10][18][15:8]"
"0x11a2";62a2;"RO";8;0;;
;;;"[7:0]";"";"s_local_sum[10][18][23:16]"
"0x11a3";62a3;"RO";8;0;;
;;;"[7:0]";"";"s_local_sum[10][18][31:24]"
"0x11a4";62a4;"RO";8;0;;
;;;"[7:0]";"";"s_local_sum[10][19][7:0]"
"0x11a5";62a5;"RO";8;0;;
;;;"[7:0]";"";"s_local_sum[10][19][15:8]"
"0x11a6";62a6;"RO";8;0;;
;;;"[7:0]";"";"s_local_sum[10][19][23:16]"
"0x11a7";62a7;"RO";8;0;;
;;;"[7:0]";"";"s_local_sum[10][19][31:24]"
"0x11a8";62a8;"RO";8;0;;
;;;"[7:0]";"";"s_local_sum[10][20][7:0]"
"0x11a9";62a9;"RO";8;0;;
;;;"[7:0]";"";"s_local_sum[10][20][15:8]"
"0x11aa";62aa;"RO";8;0;;
;;;"[7:0]";"";"s_local_sum[10][20][23:16]"
"0x11ab";62ab;"RO";8;0;;
;;;"[7:0]";"";"s_local_sum[10][20][31:24]"
"0x11ac";62ac;"RO";8;0;;
;;;"[7:0]";"";"s_local_sum[10][21][7:0]"
"0x11ad";62ad;"RO";8;0;;
;;;"[7:0]";"";"s_local_sum[10][21][15:8]"
"0x11ae";62ae;"RO";8;0;;
;;;"[7:0]";"";"s_local_sum[10][21][23:16]"
"0x11af";62af;"RO";8;0;;
;;;"[7:0]";"";"s_local_sum[10][21][31:24]"
"0x11b0";62b0;"RO";8;0;;
;;;"[7:0]";"";"s_local_sum[10][22][7:0]"
"0x11b1";62b1;"RO";8;0;;
;;;"[7:0]";"";"s_local_sum[10][22][15:8]"
"0x11b2";62b2;"RO";8;0;;
;;;"[7:0]";"";"s_local_sum[10][22][23:16]"
"0x11b3";62b3;"RO";8;0;;
;;;"[7:0]";"";"s_local_sum[10][22][31:24]"
"0x11b4";62b4;"RO";8;0;;
;;;"[7:0]";"";"s_local_sum[10][23][7:0]"
"0x11b5";62b5;"RO";8;0;;
;;;"[7:0]";"";"s_local_sum[10][23][15:8]"
"0x11b6";62b6;"RO";8;0;;
;;;"[7:0]";"";"s_local_sum[10][23][23:16]"
"0x11b7";62b7;"RO";8;0;;
;;;"[7:0]";"";"s_local_sum[10][23][31:24]"
"0x11b8";62b8;"RO";8;0;;
;;;"[7:0]";"";"s_local_sum[10][24][7:0]"
"0x11b9";62b9;"RO";8;0;;
;;;"[7:0]";"";"s_local_sum[10][24][15:8]"
"0x11ba";62ba;"RO";8;0;;
;;;"[7:0]";"";"s_local_sum[10][24][23:16]"
"0x11bb";62bb;"RO";8;0;;
;;;"[7:0]";"";"s_local_sum[10][24][31:24]"
"0x11bc";62bc;"RO";8;0;;
;;;"[7:0]";"";"s_local_sum[11][0][7:0]"
"0x11bd";62bd;"RO";8;0;;
;;;"[7:0]";"";"s_local_sum[11][0][15:8]"
"0x11be";62be;"RO";8;0;;
;;;"[7:0]";"";"s_local_sum[11][0][23:16]"
"0x11bf";62bf;"RO";8;0;;
;;;"[7:0]";"";"s_local_sum[11][0][31:24]"
"0x11c0";62c0;"RO";8;0;;
;;;"[7:0]";"";"s_local_sum[11][1][7:0]"
"0x11c1";62c1;"RO";8;0;;
;;;"[7:0]";"";"s_local_sum[11][1][15:8]"
"0x11c2";62c2;"RO";8;0;;
;;;"[7:0]";"";"s_local_sum[11][1][23:16]"
"0x11c3";62c3;"RO";8;0;;
;;;"[7:0]";"";"s_local_sum[11][1][31:24]"
"0x11c4";62c4;"RO";8;0;;
;;;"[7:0]";"";"s_local_sum[11][2][7:0]"
"0x11c5";62c5;"RO";8;0;;
;;;"[7:0]";"";"s_local_sum[11][2][15:8]"
"0x11c6";62c6;"RO";8;0;;
;;;"[7:0]";"";"s_local_sum[11][2][23:16]"
"0x11c7";62c7;"RO";8;0;;
;;;"[7:0]";"";"s_local_sum[11][2][31:24]"
"0x11c8";62c8;"RO";8;0;;
;;;"[7:0]";"";"s_local_sum[11][3][7:0]"
"0x11c9";62c9;"RO";8;0;;
;;;"[7:0]";"";"s_local_sum[11][3][15:8]"
"0x11ca";62ca;"RO";8;0;;
;;;"[7:0]";"";"s_local_sum[11][3][23:16]"
"0x11cb";62cb;"RO";8;0;;
;;;"[7:0]";"";"s_local_sum[11][3][31:24]"
"0x11cc";62cc;"RO";8;0;;
;;;"[7:0]";"";"s_local_sum[11][4][7:0]"
"0x11cd";62cd;"RO";8;0;;
;;;"[7:0]";"";"s_local_sum[11][4][15:8]"
"0x11ce";62ce;"RO";8;0;;
;;;"[7:0]";"";"s_local_sum[11][4][23:16]"
"0x11cf";62cf;"RO";8;0;;
;;;"[7:0]";"";"s_local_sum[11][4][31:24]"
"0x11d0";62d0;"RO";8;0;;
;;;"[7:0]";"";"s_local_sum[11][5][7:0]"
"0x11d1";62d1;"RO";8;0;;
;;;"[7:0]";"";"s_local_sum[11][5][15:8]"
"0x11d2";62d2;"RO";8;0;;
;;;"[7:0]";"";"s_local_sum[11][5][23:16]"
"0x11d3";62d3;"RO";8;0;;
;;;"[7:0]";"";"s_local_sum[11][5][31:24]"
"0x11d4";62d4;"RO";8;0;;
;;;"[7:0]";"";"s_local_sum[11][6][7:0]"
"0x11d5";62d5;"RO";8;0;;
;;;"[7:0]";"";"s_local_sum[11][6][15:8]"
"0x11d6";62d6;"RO";8;0;;
;;;"[7:0]";"";"s_local_sum[11][6][23:16]"
"0x11d7";62d7;"RO";8;0;;
;;;"[7:0]";"";"s_local_sum[11][6][31:24]"
"0x11d8";62d8;"RO";8;0;;
;;;"[7:0]";"";"s_local_sum[11][7][7:0]"
"0x11d9";62d9;"RO";8;0;;
;;;"[7:0]";"";"s_local_sum[11][7][15:8]"
"0x11da";62da;"RO";8;0;;
;;;"[7:0]";"";"s_local_sum[11][7][23:16]"
"0x11db";62db;"RO";8;0;;
;;;"[7:0]";"";"s_local_sum[11][7][31:24]"
"0x11dc";62dc;"RO";8;0;;
;;;"[7:0]";"";"s_local_sum[11][8][7:0]"
"0x11dd";62dd;"RO";8;0;;
;;;"[7:0]";"";"s_local_sum[11][8][15:8]"
"0x11de";62de;"RO";8;0;;
;;;"[7:0]";"";"s_local_sum[11][8][23:16]"
"0x11df";62df;"RO";8;0;;
;;;"[7:0]";"";"s_local_sum[11][8][31:24]"
"0x11e0";62e0;"RO";8;0;;
;;;"[7:0]";"";"s_local_sum[11][9][7:0]"
"0x11e1";62e1;"RO";8;0;;
;;;"[7:0]";"";"s_local_sum[11][9][15:8]"
"0x11e2";62e2;"RO";8;0;;
;;;"[7:0]";"";"s_local_sum[11][9][23:16]"
"0x11e3";62e3;"RO";8;0;;
;;;"[7:0]";"";"s_local_sum[11][9][31:24]"
"0x11e4";62e4;"RO";8;0;;
;;;"[7:0]";"";"s_local_sum[11][10][7:0]"
"0x11e5";62e5;"RO";8;0;;
;;;"[7:0]";"";"s_local_sum[11][10][15:8]"
"0x11e6";62e6;"RO";8;0;;
;;;"[7:0]";"";"s_local_sum[11][10][23:16]"
"0x11e7";62e7;"RO";8;0;;
;;;"[7:0]";"";"s_local_sum[11][10][31:24]"
"0x11e8";62e8;"RO";8;0;;
;;;"[7:0]";"";"s_local_sum[11][11][7:0]"
"0x11e9";62e9;"RO";8;0;;
;;;"[7:0]";"";"s_local_sum[11][11][15:8]"
"0x11ea";62ea;"RO";8;0;;
;;;"[7:0]";"";"s_local_sum[11][11][23:16]"
"0x11eb";62eb;"RO";8;0;;
;;;"[7:0]";"";"s_local_sum[11][11][31:24]"
"0x11ec";62ec;"RO";8;0;;
;;;"[7:0]";"";"s_local_sum[11][12][7:0]"
"0x11ed";62ed;"RO";8;0;;
;;;"[7:0]";"";"s_local_sum[11][12][15:8]"
"0x11ee";62ee;"RO";8;0;;
;;;"[7:0]";"";"s_local_sum[11][12][23:16]"
"0x11ef";62ef;"RO";8;0;;
;;;"[7:0]";"";"s_local_sum[11][12][31:24]"
"0x11f0";62f0;"RO";8;0;;
;;;"[7:0]";"";"s_local_sum[11][13][7:0]"
"0x11f1";62f1;"RO";8;0;;
;;;"[7:0]";"";"s_local_sum[11][13][15:8]"
"0x11f2";62f2;"RO";8;0;;
;;;"[7:0]";"";"s_local_sum[11][13][23:16]"
"0x11f3";62f3;"RO";8;0;;
;;;"[7:0]";"";"s_local_sum[11][13][31:24]"
"0x11f4";62f4;"RO";8;0;;
;;;"[7:0]";"";"s_local_sum[11][14][7:0]"
"0x11f5";62f5;"RO";8;0;;
;;;"[7:0]";"";"s_local_sum[11][14][15:8]"
"0x11f6";62f6;"RO";8;0;;
;;;"[7:0]";"";"s_local_sum[11][14][23:16]"
"0x11f7";62f7;"RO";8;0;;
;;;"[7:0]";"";"s_local_sum[11][14][31:24]"
"0x11f8";62f8;"RO";8;0;;
;;;"[7:0]";"";"s_local_sum[11][15][7:0]"
"0x11f9";62f9;"RO";8;0;;
;;;"[7:0]";"";"s_local_sum[11][15][15:8]"
"0x11fa";62fa;"RO";8;0;;
;;;"[7:0]";"";"s_local_sum[11][15][23:16]"
"0x11fb";62fb;"RO";8;0;;
;;;"[7:0]";"";"s_local_sum[11][15][31:24]"
"0x11fc";62fc;"RO";8;0;;
;;;"[7:0]";"";"s_local_sum[11][16][7:0]"
"0x11fd";62fd;"RO";8;0;;
;;;"[7:0]";"";"s_local_sum[11][16][15:8]"
"0x11fe";62fe;"RO";8;0;;
;;;"[7:0]";"";"s_local_sum[11][16][23:16]"
"0x11ff";62ff;"RO";8;0;;
;;;"[7:0]";"";"s_local_sum[11][16][31:24]"
"0x1200";6300;"RO";8;0;;
;;;"[7:0]";"";"s_local_sum[11][17][7:0]"
"0x1201";6301;"RO";8;0;;
;;;"[7:0]";"";"s_local_sum[11][17][15:8]"
"0x1202";6302;"RO";8;0;;
;;;"[7:0]";"";"s_local_sum[11][17][23:16]"
"0x1203";6303;"RO";8;0;;
;;;"[7:0]";"";"s_local_sum[11][17][31:24]"
"0x1204";6304;"RO";8;0;;
;;;"[7:0]";"";"s_local_sum[11][18][7:0]"
"0x1205";6305;"RO";8;0;;
;;;"[7:0]";"";"s_local_sum[11][18][15:8]"
"0x1206";6306;"RO";8;0;;
;;;"[7:0]";"";"s_local_sum[11][18][23:16]"
"0x1207";6307;"RO";8;0;;
;;;"[7:0]";"";"s_local_sum[11][18][31:24]"
"0x1208";6308;"RO";8;0;;
;;;"[7:0]";"";"s_local_sum[11][19][7:0]"
"0x1209";6309;"RO";8;0;;
;;;"[7:0]";"";"s_local_sum[11][19][15:8]"
"0x120a";630a;"RO";8;0;;
;;;"[7:0]";"";"s_local_sum[11][19][23:16]"
"0x120b";630b;"RO";8;0;;
;;;"[7:0]";"";"s_local_sum[11][19][31:24]"
"0x120c";630c;"RO";8;0;;
;;;"[7:0]";"";"s_local_sum[11][20][7:0]"
"0x120d";630d;"RO";8;0;;
;;;"[7:0]";"";"s_local_sum[11][20][15:8]"
"0x120e";630e;"RO";8;0;;
;;;"[7:0]";"";"s_local_sum[11][20][23:16]"
"0x120f";630f;"RO";8;0;;
;;;"[7:0]";"";"s_local_sum[11][20][31:24]"
"0x1210";6310;"RO";8;0;;
;;;"[7:0]";"";"s_local_sum[11][21][7:0]"
"0x1211";6311;"RO";8;0;;
;;;"[7:0]";"";"s_local_sum[11][21][15:8]"
"0x1212";6312;"RO";8;0;;
;;;"[7:0]";"";"s_local_sum[11][21][23:16]"
"0x1213";6313;"RO";8;0;;
;;;"[7:0]";"";"s_local_sum[11][21][31:24]"
"0x1214";6314;"RO";8;0;;
;;;"[7:0]";"";"s_local_sum[11][22][7:0]"
"0x1215";6315;"RO";8;0;;
;;;"[7:0]";"";"s_local_sum[11][22][15:8]"
"0x1216";6316;"RO";8;0;;
;;;"[7:0]";"";"s_local_sum[11][22][23:16]"
"0x1217";6317;"RO";8;0;;
;;;"[7:0]";"";"s_local_sum[11][22][31:24]"
"0x1218";6318;"RO";8;0;;
;;;"[7:0]";"";"s_local_sum[11][23][7:0]"
"0x1219";6319;"RO";8;0;;
;;;"[7:0]";"";"s_local_sum[11][23][15:8]"
"0x121a";631a;"RO";8;0;;
;;;"[7:0]";"";"s_local_sum[11][23][23:16]"
"0x121b";631b;"RO";8;0;;
;;;"[7:0]";"";"s_local_sum[11][23][31:24]"
"0x121c";631c;"RO";8;0;;
;;;"[7:0]";"";"s_local_sum[11][24][7:0]"
"0x121d";631d;"RO";8;0;;
;;;"[7:0]";"";"s_local_sum[11][24][15:8]"
"0x121e";631e;"RO";8;0;;
;;;"[7:0]";"";"s_local_sum[11][24][23:16]"
"0x121f";631f;"RO";8;0;;
;;;"[7:0]";"";"s_local_sum[11][24][31:24]"
"0x1220";6320;"RO";8;0;;
;;;"[7:0]";"";"s_local_sum[12][0][7:0]"
"0x1221";6321;"RO";8;0;;
;;;"[7:0]";"";"s_local_sum[12][0][15:8]"
"0x1222";6322;"RO";8;0;;
;;;"[7:0]";"";"s_local_sum[12][0][23:16]"
"0x1223";6323;"RO";8;0;;
;;;"[7:0]";"";"s_local_sum[12][0][31:24]"
"0x1224";6324;"RO";8;0;;
;;;"[7:0]";"";"s_local_sum[12][1][7:0]"
"0x1225";6325;"RO";8;0;;
;;;"[7:0]";"";"s_local_sum[12][1][15:8]"
"0x1226";6326;"RO";8;0;;
;;;"[7:0]";"";"s_local_sum[12][1][23:16]"
"0x1227";6327;"RO";8;0;;
;;;"[7:0]";"";"s_local_sum[12][1][31:24]"
"0x1228";6328;"RO";8;0;;
;;;"[7:0]";"";"s_local_sum[12][2][7:0]"
"0x1229";6329;"RO";8;0;;
;;;"[7:0]";"";"s_local_sum[12][2][15:8]"
"0x122a";632a;"RO";8;0;;
;;;"[7:0]";"";"s_local_sum[12][2][23:16]"
"0x122b";632b;"RO";8;0;;
;;;"[7:0]";"";"s_local_sum[12][2][31:24]"
"0x122c";632c;"RO";8;0;;
;;;"[7:0]";"";"s_local_sum[12][3][7:0]"
"0x122d";632d;"RO";8;0;;
;;;"[7:0]";"";"s_local_sum[12][3][15:8]"
"0x122e";632e;"RO";8;0;;
;;;"[7:0]";"";"s_local_sum[12][3][23:16]"
"0x122f";632f;"RO";8;0;;
;;;"[7:0]";"";"s_local_sum[12][3][31:24]"
"0x1230";6330;"RO";8;0;;
;;;"[7:0]";"";"s_local_sum[12][4][7:0]"
"0x1231";6331;"RO";8;0;;
;;;"[7:0]";"";"s_local_sum[12][4][15:8]"
"0x1232";6332;"RO";8;0;;
;;;"[7:0]";"";"s_local_sum[12][4][23:16]"
"0x1233";6333;"RO";8;0;;
;;;"[7:0]";"";"s_local_sum[12][4][31:24]"
"0x1234";6334;"RO";8;0;;
;;;"[7:0]";"";"s_local_sum[12][5][7:0]"
"0x1235";6335;"RO";8;0;;
;;;"[7:0]";"";"s_local_sum[12][5][15:8]"
"0x1236";6336;"RO";8;0;;
;;;"[7:0]";"";"s_local_sum[12][5][23:16]"
"0x1237";6337;"RO";8;0;;
;;;"[7:0]";"";"s_local_sum[12][5][31:24]"
"0x1238";6338;"RO";8;0;;
;;;"[7:0]";"";"s_local_sum[12][6][7:0]"
"0x1239";6339;"RO";8;0;;
;;;"[7:0]";"";"s_local_sum[12][6][15:8]"
"0x123a";633a;"RO";8;0;;
;;;"[7:0]";"";"s_local_sum[12][6][23:16]"
"0x123b";633b;"RO";8;0;;
;;;"[7:0]";"";"s_local_sum[12][6][31:24]"
"0x123c";633c;"RO";8;0;;
;;;"[7:0]";"";"s_local_sum[12][7][7:0]"
"0x123d";633d;"RO";8;0;;
;;;"[7:0]";"";"s_local_sum[12][7][15:8]"
"0x123e";633e;"RO";8;0;;
;;;"[7:0]";"";"s_local_sum[12][7][23:16]"
"0x123f";633f;"RO";8;0;;
;;;"[7:0]";"";"s_local_sum[12][7][31:24]"
"0x1240";6340;"RO";8;0;;
;;;"[7:0]";"";"s_local_sum[12][8][7:0]"
"0x1241";6341;"RO";8;0;;
;;;"[7:0]";"";"s_local_sum[12][8][15:8]"
"0x1242";6342;"RO";8;0;;
;;;"[7:0]";"";"s_local_sum[12][8][23:16]"
"0x1243";6343;"RO";8;0;;
;;;"[7:0]";"";"s_local_sum[12][8][31:24]"
"0x1244";6344;"RO";8;0;;
;;;"[7:0]";"";"s_local_sum[12][9][7:0]"
"0x1245";6345;"RO";8;0;;
;;;"[7:0]";"";"s_local_sum[12][9][15:8]"
"0x1246";6346;"RO";8;0;;
;;;"[7:0]";"";"s_local_sum[12][9][23:16]"
"0x1247";6347;"RO";8;0;;
;;;"[7:0]";"";"s_local_sum[12][9][31:24]"
"0x1248";6348;"RO";8;0;;
;;;"[7:0]";"";"s_local_sum[12][10][7:0]"
"0x1249";6349;"RO";8;0;;
;;;"[7:0]";"";"s_local_sum[12][10][15:8]"
"0x124a";634a;"RO";8;0;;
;;;"[7:0]";"";"s_local_sum[12][10][23:16]"
"0x124b";634b;"RO";8;0;;
;;;"[7:0]";"";"s_local_sum[12][10][31:24]"
"0x124c";634c;"RO";8;0;;
;;;"[7:0]";"";"s_local_sum[12][11][7:0]"
"0x124d";634d;"RO";8;0;;
;;;"[7:0]";"";"s_local_sum[12][11][15:8]"
"0x124e";634e;"RO";8;0;;
;;;"[7:0]";"";"s_local_sum[12][11][23:16]"
"0x124f";634f;"RO";8;0;;
;;;"[7:0]";"";"s_local_sum[12][11][31:24]"
"0x1250";6350;"RO";8;0;;
;;;"[7:0]";"";"s_local_sum[12][12][7:0]"
"0x1251";6351;"RO";8;0;;
;;;"[7:0]";"";"s_local_sum[12][12][15:8]"
"0x1252";6352;"RO";8;0;;
;;;"[7:0]";"";"s_local_sum[12][12][23:16]"
"0x1253";6353;"RO";8;0;;
;;;"[7:0]";"";"s_local_sum[12][12][31:24]"
"0x1254";6354;"RO";8;0;;
;;;"[7:0]";"";"s_local_sum[12][13][7:0]"
"0x1255";6355;"RO";8;0;;
;;;"[7:0]";"";"s_local_sum[12][13][15:8]"
"0x1256";6356;"RO";8;0;;
;;;"[7:0]";"";"s_local_sum[12][13][23:16]"
"0x1257";6357;"RO";8;0;;
;;;"[7:0]";"";"s_local_sum[12][13][31:24]"
"0x1258";6358;"RO";8;0;;
;;;"[7:0]";"";"s_local_sum[12][14][7:0]"
"0x1259";6359;"RO";8;0;;
;;;"[7:0]";"";"s_local_sum[12][14][15:8]"
"0x125a";635a;"RO";8;0;;
;;;"[7:0]";"";"s_local_sum[12][14][23:16]"
"0x125b";635b;"RO";8;0;;
;;;"[7:0]";"";"s_local_sum[12][14][31:24]"
"0x125c";635c;"RO";8;0;;
;;;"[7:0]";"";"s_local_sum[12][15][7:0]"
"0x125d";635d;"RO";8;0;;
;;;"[7:0]";"";"s_local_sum[12][15][15:8]"
"0x125e";635e;"RO";8;0;;
;;;"[7:0]";"";"s_local_sum[12][15][23:16]"
"0x125f";635f;"RO";8;0;;
;;;"[7:0]";"";"s_local_sum[12][15][31:24]"
"0x1260";6360;"RO";8;0;;
;;;"[7:0]";"";"s_local_sum[12][16][7:0]"
"0x1261";6361;"RO";8;0;;
;;;"[7:0]";"";"s_local_sum[12][16][15:8]"
"0x1262";6362;"RO";8;0;;
;;;"[7:0]";"";"s_local_sum[12][16][23:16]"
"0x1263";6363;"RO";8;0;;
;;;"[7:0]";"";"s_local_sum[12][16][31:24]"
"0x1264";6364;"RO";8;0;;
;;;"[7:0]";"";"s_local_sum[12][17][7:0]"
"0x1265";6365;"RO";8;0;;
;;;"[7:0]";"";"s_local_sum[12][17][15:8]"
"0x1266";6366;"RO";8;0;;
;;;"[7:0]";"";"s_local_sum[12][17][23:16]"
"0x1267";6367;"RO";8;0;;
;;;"[7:0]";"";"s_local_sum[12][17][31:24]"
"0x1268";6368;"RO";8;0;;
;;;"[7:0]";"";"s_local_sum[12][18][7:0]"
"0x1269";6369;"RO";8;0;;
;;;"[7:0]";"";"s_local_sum[12][18][15:8]"
"0x126a";636a;"RO";8;0;;
;;;"[7:0]";"";"s_local_sum[12][18][23:16]"
"0x126b";636b;"RO";8;0;;
;;;"[7:0]";"";"s_local_sum[12][18][31:24]"
"0x126c";636c;"RO";8;0;;
;;;"[7:0]";"";"s_local_sum[12][19][7:0]"
"0x126d";636d;"RO";8;0;;
;;;"[7:0]";"";"s_local_sum[12][19][15:8]"
"0x126e";636e;"RO";8;0;;
;;;"[7:0]";"";"s_local_sum[12][19][23:16]"
"0x126f";636f;"RO";8;0;;
;;;"[7:0]";"";"s_local_sum[12][19][31:24]"
"0x1270";6370;"RO";8;0;;
;;;"[7:0]";"";"s_local_sum[12][20][7:0]"
"0x1271";6371;"RO";8;0;;
;;;"[7:0]";"";"s_local_sum[12][20][15:8]"
"0x1272";6372;"RO";8;0;;
;;;"[7:0]";"";"s_local_sum[12][20][23:16]"
"0x1273";6373;"RO";8;0;;
;;;"[7:0]";"";"s_local_sum[12][20][31:24]"
"0x1274";6374;"RO";8;0;;
;;;"[7:0]";"";"s_local_sum[12][21][7:0]"
"0x1275";6375;"RO";8;0;;
;;;"[7:0]";"";"s_local_sum[12][21][15:8]"
"0x1276";6376;"RO";8;0;;
;;;"[7:0]";"";"s_local_sum[12][21][23:16]"
"0x1277";6377;"RO";8;0;;
;;;"[7:0]";"";"s_local_sum[12][21][31:24]"
"0x1278";6378;"RO";8;0;;
;;;"[7:0]";"";"s_local_sum[12][22][7:0]"
"0x1279";6379;"RO";8;0;;
;;;"[7:0]";"";"s_local_sum[12][22][15:8]"
"0x127a";637a;"RO";8;0;;
;;;"[7:0]";"";"s_local_sum[12][22][23:16]"
"0x127b";637b;"RO";8;0;;
;;;"[7:0]";"";"s_local_sum[12][22][31:24]"
"0x127c";637c;"RO";8;0;;
;;;"[7:0]";"";"s_local_sum[12][23][7:0]"
"0x127d";637d;"RO";8;0;;
;;;"[7:0]";"";"s_local_sum[12][23][15:8]"
"0x127e";637e;"RO";8;0;;
;;;"[7:0]";"";"s_local_sum[12][23][23:16]"
"0x127f";637f;"RO";8;0;;
;;;"[7:0]";"";"s_local_sum[12][23][31:24]"
"0x1280";6380;"RO";8;0;;
;;;"[7:0]";"";"s_local_sum[12][24][7:0]"
"0x1281";6381;"RO";8;0;;
;;;"[7:0]";"";"s_local_sum[12][24][15:8]"
"0x1282";6382;"RO";8;0;;
;;;"[7:0]";"";"s_local_sum[12][24][23:16]"
"0x1283";6383;"RO";8;0;;
;;;"[7:0]";"";"s_local_sum[12][24][31:24]"
"0x1284";6384;"RO";8;0;;
;;;"[7:0]";"";"s_local_sum[13][0][7:0]"
"0x1285";6385;"RO";8;0;;
;;;"[7:0]";"";"s_local_sum[13][0][15:8]"
"0x1286";6386;"RO";8;0;;
;;;"[7:0]";"";"s_local_sum[13][0][23:16]"
"0x1287";6387;"RO";8;0;;
;;;"[7:0]";"";"s_local_sum[13][0][31:24]"
"0x1288";6388;"RO";8;0;;
;;;"[7:0]";"";"s_local_sum[13][1][7:0]"
"0x1289";6389;"RO";8;0;;
;;;"[7:0]";"";"s_local_sum[13][1][15:8]"
"0x128a";638a;"RO";8;0;;
;;;"[7:0]";"";"s_local_sum[13][1][23:16]"
"0x128b";638b;"RO";8;0;;
;;;"[7:0]";"";"s_local_sum[13][1][31:24]"
"0x128c";638c;"RO";8;0;;
;;;"[7:0]";"";"s_local_sum[13][2][7:0]"
"0x128d";638d;"RO";8;0;;
;;;"[7:0]";"";"s_local_sum[13][2][15:8]"
"0x128e";638e;"RO";8;0;;
;;;"[7:0]";"";"s_local_sum[13][2][23:16]"
"0x128f";638f;"RO";8;0;;
;;;"[7:0]";"";"s_local_sum[13][2][31:24]"
"0x1290";6390;"RO";8;0;;
;;;"[7:0]";"";"s_local_sum[13][3][7:0]"
"0x1291";6391;"RO";8;0;;
;;;"[7:0]";"";"s_local_sum[13][3][15:8]"
"0x1292";6392;"RO";8;0;;
;;;"[7:0]";"";"s_local_sum[13][3][23:16]"
"0x1293";6393;"RO";8;0;;
;;;"[7:0]";"";"s_local_sum[13][3][31:24]"
"0x1294";6394;"RO";8;0;;
;;;"[7:0]";"";"s_local_sum[13][4][7:0]"
"0x1295";6395;"RO";8;0;;
;;;"[7:0]";"";"s_local_sum[13][4][15:8]"
"0x1296";6396;"RO";8;0;;
;;;"[7:0]";"";"s_local_sum[13][4][23:16]"
"0x1297";6397;"RO";8;0;;
;;;"[7:0]";"";"s_local_sum[13][4][31:24]"
"0x1298";6398;"RO";8;0;;
;;;"[7:0]";"";"s_local_sum[13][5][7:0]"
"0x1299";6399;"RO";8;0;;
;;;"[7:0]";"";"s_local_sum[13][5][15:8]"
"0x129a";639a;"RO";8;0;;
;;;"[7:0]";"";"s_local_sum[13][5][23:16]"
"0x129b";639b;"RO";8;0;;
;;;"[7:0]";"";"s_local_sum[13][5][31:24]"
"0x129c";639c;"RO";8;0;;
;;;"[7:0]";"";"s_local_sum[13][6][7:0]"
"0x129d";639d;"RO";8;0;;
;;;"[7:0]";"";"s_local_sum[13][6][15:8]"
"0x129e";639e;"RO";8;0;;
;;;"[7:0]";"";"s_local_sum[13][6][23:16]"
"0x129f";639f;"RO";8;0;;
;;;"[7:0]";"";"s_local_sum[13][6][31:24]"
"0x12a0";63a0;"RO";8;0;;
;;;"[7:0]";"";"s_local_sum[13][7][7:0]"
"0x12a1";63a1;"RO";8;0;;
;;;"[7:0]";"";"s_local_sum[13][7][15:8]"
"0x12a2";63a2;"RO";8;0;;
;;;"[7:0]";"";"s_local_sum[13][7][23:16]"
"0x12a3";63a3;"RO";8;0;;
;;;"[7:0]";"";"s_local_sum[13][7][31:24]"
"0x12a4";63a4;"RO";8;0;;
;;;"[7:0]";"";"s_local_sum[13][8][7:0]"
"0x12a5";63a5;"RO";8;0;;
;;;"[7:0]";"";"s_local_sum[13][8][15:8]"
"0x12a6";63a6;"RO";8;0;;
;;;"[7:0]";"";"s_local_sum[13][8][23:16]"
"0x12a7";63a7;"RO";8;0;;
;;;"[7:0]";"";"s_local_sum[13][8][31:24]"
"0x12a8";63a8;"RO";8;0;;
;;;"[7:0]";"";"s_local_sum[13][9][7:0]"
"0x12a9";63a9;"RO";8;0;;
;;;"[7:0]";"";"s_local_sum[13][9][15:8]"
"0x12aa";63aa;"RO";8;0;;
;;;"[7:0]";"";"s_local_sum[13][9][23:16]"
"0x12ab";63ab;"RO";8;0;;
;;;"[7:0]";"";"s_local_sum[13][9][31:24]"
"0x12ac";63ac;"RO";8;0;;
;;;"[7:0]";"";"s_local_sum[13][10][7:0]"
"0x12ad";63ad;"RO";8;0;;
;;;"[7:0]";"";"s_local_sum[13][10][15:8]"
"0x12ae";63ae;"RO";8;0;;
;;;"[7:0]";"";"s_local_sum[13][10][23:16]"
"0x12af";63af;"RO";8;0;;
;;;"[7:0]";"";"s_local_sum[13][10][31:24]"
"0x12b0";63b0;"RO";8;0;;
;;;"[7:0]";"";"s_local_sum[13][11][7:0]"
"0x12b1";63b1;"RO";8;0;;
;;;"[7:0]";"";"s_local_sum[13][11][15:8]"
"0x12b2";63b2;"RO";8;0;;
;;;"[7:0]";"";"s_local_sum[13][11][23:16]"
"0x12b3";63b3;"RO";8;0;;
;;;"[7:0]";"";"s_local_sum[13][11][31:24]"
"0x12b4";63b4;"RO";8;0;;
;;;"[7:0]";"";"s_local_sum[13][12][7:0]"
"0x12b5";63b5;"RO";8;0;;
;;;"[7:0]";"";"s_local_sum[13][12][15:8]"
"0x12b6";63b6;"RO";8;0;;
;;;"[7:0]";"";"s_local_sum[13][12][23:16]"
"0x12b7";63b7;"RO";8;0;;
;;;"[7:0]";"";"s_local_sum[13][12][31:24]"
"0x12b8";63b8;"RO";8;0;;
;;;"[7:0]";"";"s_local_sum[13][13][7:0]"
"0x12b9";63b9;"RO";8;0;;
;;;"[7:0]";"";"s_local_sum[13][13][15:8]"
"0x12ba";63ba;"RO";8;0;;
;;;"[7:0]";"";"s_local_sum[13][13][23:16]"
"0x12bb";63bb;"RO";8;0;;
;;;"[7:0]";"";"s_local_sum[13][13][31:24]"
"0x12bc";63bc;"RO";8;0;;
;;;"[7:0]";"";"s_local_sum[13][14][7:0]"
"0x12bd";63bd;"RO";8;0;;
;;;"[7:0]";"";"s_local_sum[13][14][15:8]"
"0x12be";63be;"RO";8;0;;
;;;"[7:0]";"";"s_local_sum[13][14][23:16]"
"0x12bf";63bf;"RO";8;0;;
;;;"[7:0]";"";"s_local_sum[13][14][31:24]"
"0x12c0";63c0;"RO";8;0;;
;;;"[7:0]";"";"s_local_sum[13][15][7:0]"
"0x12c1";63c1;"RO";8;0;;
;;;"[7:0]";"";"s_local_sum[13][15][15:8]"
"0x12c2";63c2;"RO";8;0;;
;;;"[7:0]";"";"s_local_sum[13][15][23:16]"
"0x12c3";63c3;"RO";8;0;;
;;;"[7:0]";"";"s_local_sum[13][15][31:24]"
"0x12c4";63c4;"RO";8;0;;
;;;"[7:0]";"";"s_local_sum[13][16][7:0]"
"0x12c5";63c5;"RO";8;0;;
;;;"[7:0]";"";"s_local_sum[13][16][15:8]"
"0x12c6";63c6;"RO";8;0;;
;;;"[7:0]";"";"s_local_sum[13][16][23:16]"
"0x12c7";63c7;"RO";8;0;;
;;;"[7:0]";"";"s_local_sum[13][16][31:24]"
"0x12c8";63c8;"RO";8;0;;
;;;"[7:0]";"";"s_local_sum[13][17][7:0]"
"0x12c9";63c9;"RO";8;0;;
;;;"[7:0]";"";"s_local_sum[13][17][15:8]"
"0x12ca";63ca;"RO";8;0;;
;;;"[7:0]";"";"s_local_sum[13][17][23:16]"
"0x12cb";63cb;"RO";8;0;;
;;;"[7:0]";"";"s_local_sum[13][17][31:24]"
"0x12cc";63cc;"RO";8;0;;
;;;"[7:0]";"";"s_local_sum[13][18][7:0]"
"0x12cd";63cd;"RO";8;0;;
;;;"[7:0]";"";"s_local_sum[13][18][15:8]"
"0x12ce";63ce;"RO";8;0;;
;;;"[7:0]";"";"s_local_sum[13][18][23:16]"
"0x12cf";63cf;"RO";8;0;;
;;;"[7:0]";"";"s_local_sum[13][18][31:24]"
"0x12d0";63d0;"RO";8;0;;
;;;"[7:0]";"";"s_local_sum[13][19][7:0]"
"0x12d1";63d1;"RO";8;0;;
;;;"[7:0]";"";"s_local_sum[13][19][15:8]"
"0x12d2";63d2;"RO";8;0;;
;;;"[7:0]";"";"s_local_sum[13][19][23:16]"
"0x12d3";63d3;"RO";8;0;;
;;;"[7:0]";"";"s_local_sum[13][19][31:24]"
"0x12d4";63d4;"RO";8;0;;
;;;"[7:0]";"";"s_local_sum[13][20][7:0]"
"0x12d5";63d5;"RO";8;0;;
;;;"[7:0]";"";"s_local_sum[13][20][15:8]"
"0x12d6";63d6;"RO";8;0;;
;;;"[7:0]";"";"s_local_sum[13][20][23:16]"
"0x12d7";63d7;"RO";8;0;;
;;;"[7:0]";"";"s_local_sum[13][20][31:24]"
"0x12d8";63d8;"RO";8;0;;
;;;"[7:0]";"";"s_local_sum[13][21][7:0]"
"0x12d9";63d9;"RO";8;0;;
;;;"[7:0]";"";"s_local_sum[13][21][15:8]"
"0x12da";63da;"RO";8;0;;
;;;"[7:0]";"";"s_local_sum[13][21][23:16]"
"0x12db";63db;"RO";8;0;;
;;;"[7:0]";"";"s_local_sum[13][21][31:24]"
"0x12dc";63dc;"RO";8;0;;
;;;"[7:0]";"";"s_local_sum[13][22][7:0]"
"0x12dd";63dd;"RO";8;0;;
;;;"[7:0]";"";"s_local_sum[13][22][15:8]"
"0x12de";63de;"RO";8;0;;
;;;"[7:0]";"";"s_local_sum[13][22][23:16]"
"0x12df";63df;"RO";8;0;;
;;;"[7:0]";"";"s_local_sum[13][22][31:24]"
"0x12e0";63e0;"RO";8;0;;
;;;"[7:0]";"";"s_local_sum[13][23][7:0]"
"0x12e1";63e1;"RO";8;0;;
;;;"[7:0]";"";"s_local_sum[13][23][15:8]"
"0x12e2";63e2;"RO";8;0;;
;;;"[7:0]";"";"s_local_sum[13][23][23:16]"
"0x12e3";63e3;"RO";8;0;;
;;;"[7:0]";"";"s_local_sum[13][23][31:24]"
"0x12e4";63e4;"RO";8;0;;
;;;"[7:0]";"";"s_local_sum[13][24][7:0]"
"0x12e5";63e5;"RO";8;0;;
;;;"[7:0]";"";"s_local_sum[13][24][15:8]"
"0x12e6";63e6;"RO";8;0;;
;;;"[7:0]";"";"s_local_sum[13][24][23:16]"
"0x12e7";63e7;"RO";8;0;;
;;;"[7:0]";"";"s_local_sum[13][24][31:24]"
"0x12e8";63e8;"RO";8;0;;
;;;"[7:0]";"";"s_local_sum[14][0][7:0]"
"0x12e9";63e9;"RO";8;0;;
;;;"[7:0]";"";"s_local_sum[14][0][15:8]"
"0x12ea";63ea;"RO";8;0;;
;;;"[7:0]";"";"s_local_sum[14][0][23:16]"
"0x12eb";63eb;"RO";8;0;;
;;;"[7:0]";"";"s_local_sum[14][0][31:24]"
"0x12ec";63ec;"RO";8;0;;
;;;"[7:0]";"";"s_local_sum[14][1][7:0]"
"0x12ed";63ed;"RO";8;0;;
;;;"[7:0]";"";"s_local_sum[14][1][15:8]"
"0x12ee";63ee;"RO";8;0;;
;;;"[7:0]";"";"s_local_sum[14][1][23:16]"
"0x12ef";63ef;"RO";8;0;;
;;;"[7:0]";"";"s_local_sum[14][1][31:24]"
"0x12f0";63f0;"RO";8;0;;
;;;"[7:0]";"";"s_local_sum[14][2][7:0]"
"0x12f1";63f1;"RO";8;0;;
;;;"[7:0]";"";"s_local_sum[14][2][15:8]"
"0x12f2";63f2;"RO";8;0;;
;;;"[7:0]";"";"s_local_sum[14][2][23:16]"
"0x12f3";63f3;"RO";8;0;;
;;;"[7:0]";"";"s_local_sum[14][2][31:24]"
"0x12f4";63f4;"RO";8;0;;
;;;"[7:0]";"";"s_local_sum[14][3][7:0]"
"0x12f5";63f5;"RO";8;0;;
;;;"[7:0]";"";"s_local_sum[14][3][15:8]"
"0x12f6";63f6;"RO";8;0;;
;;;"[7:0]";"";"s_local_sum[14][3][23:16]"
"0x12f7";63f7;"RO";8;0;;
;;;"[7:0]";"";"s_local_sum[14][3][31:24]"
"0x12f8";63f8;"RO";8;0;;
;;;"[7:0]";"";"s_local_sum[14][4][7:0]"
"0x12f9";63f9;"RO";8;0;;
;;;"[7:0]";"";"s_local_sum[14][4][15:8]"
"0x12fa";63fa;"RO";8;0;;
;;;"[7:0]";"";"s_local_sum[14][4][23:16]"
"0x12fb";63fb;"RO";8;0;;
;;;"[7:0]";"";"s_local_sum[14][4][31:24]"
"0x12fc";63fc;"RO";8;0;;
;;;"[7:0]";"";"s_local_sum[14][5][7:0]"
"0x12fd";63fd;"RO";8;0;;
;;;"[7:0]";"";"s_local_sum[14][5][15:8]"
"0x12fe";63fe;"RO";8;0;;
;;;"[7:0]";"";"s_local_sum[14][5][23:16]"
"0x12ff";63ff;"RO";8;0;;
;;;"[7:0]";"";"s_local_sum[14][5][31:24]"
"0x1300";6400;"RO";8;0;;
;;;"[7:0]";"";"s_local_sum[14][6][7:0]"
"0x1301";6401;"RO";8;0;;
;;;"[7:0]";"";"s_local_sum[14][6][15:8]"
"0x1302";6402;"RO";8;0;;
;;;"[7:0]";"";"s_local_sum[14][6][23:16]"
"0x1303";6403;"RO";8;0;;
;;;"[7:0]";"";"s_local_sum[14][6][31:24]"
"0x1304";6404;"RO";8;0;;
;;;"[7:0]";"";"s_local_sum[14][7][7:0]"
"0x1305";6405;"RO";8;0;;
;;;"[7:0]";"";"s_local_sum[14][7][15:8]"
"0x1306";6406;"RO";8;0;;
;;;"[7:0]";"";"s_local_sum[14][7][23:16]"
"0x1307";6407;"RO";8;0;;
;;;"[7:0]";"";"s_local_sum[14][7][31:24]"
"0x1308";6408;"RO";8;0;;
;;;"[7:0]";"";"s_local_sum[14][8][7:0]"
"0x1309";6409;"RO";8;0;;
;;;"[7:0]";"";"s_local_sum[14][8][15:8]"
"0x130a";640a;"RO";8;0;;
;;;"[7:0]";"";"s_local_sum[14][8][23:16]"
"0x130b";640b;"RO";8;0;;
;;;"[7:0]";"";"s_local_sum[14][8][31:24]"
"0x130c";640c;"RO";8;0;;
;;;"[7:0]";"";"s_local_sum[14][9][7:0]"
"0x130d";640d;"RO";8;0;;
;;;"[7:0]";"";"s_local_sum[14][9][15:8]"
"0x130e";640e;"RO";8;0;;
;;;"[7:0]";"";"s_local_sum[14][9][23:16]"
"0x130f";640f;"RO";8;0;;
;;;"[7:0]";"";"s_local_sum[14][9][31:24]"
"0x1310";6410;"RO";8;0;;
;;;"[7:0]";"";"s_local_sum[14][10][7:0]"
"0x1311";6411;"RO";8;0;;
;;;"[7:0]";"";"s_local_sum[14][10][15:8]"
"0x1312";6412;"RO";8;0;;
;;;"[7:0]";"";"s_local_sum[14][10][23:16]"
"0x1313";6413;"RO";8;0;;
;;;"[7:0]";"";"s_local_sum[14][10][31:24]"
"0x1314";6414;"RO";8;0;;
;;;"[7:0]";"";"s_local_sum[14][11][7:0]"
"0x1315";6415;"RO";8;0;;
;;;"[7:0]";"";"s_local_sum[14][11][15:8]"
"0x1316";6416;"RO";8;0;;
;;;"[7:0]";"";"s_local_sum[14][11][23:16]"
"0x1317";6417;"RO";8;0;;
;;;"[7:0]";"";"s_local_sum[14][11][31:24]"
"0x1318";6418;"RO";8;0;;
;;;"[7:0]";"";"s_local_sum[14][12][7:0]"
"0x1319";6419;"RO";8;0;;
;;;"[7:0]";"";"s_local_sum[14][12][15:8]"
"0x131a";641a;"RO";8;0;;
;;;"[7:0]";"";"s_local_sum[14][12][23:16]"
"0x131b";641b;"RO";8;0;;
;;;"[7:0]";"";"s_local_sum[14][12][31:24]"
"0x131c";641c;"RO";8;0;;
;;;"[7:0]";"";"s_local_sum[14][13][7:0]"
"0x131d";641d;"RO";8;0;;
;;;"[7:0]";"";"s_local_sum[14][13][15:8]"
"0x131e";641e;"RO";8;0;;
;;;"[7:0]";"";"s_local_sum[14][13][23:16]"
"0x131f";641f;"RO";8;0;;
;;;"[7:0]";"";"s_local_sum[14][13][31:24]"
"0x1320";6420;"RO";8;0;;
;;;"[7:0]";"";"s_local_sum[14][14][7:0]"
"0x1321";6421;"RO";8;0;;
;;;"[7:0]";"";"s_local_sum[14][14][15:8]"
"0x1322";6422;"RO";8;0;;
;;;"[7:0]";"";"s_local_sum[14][14][23:16]"
"0x1323";6423;"RO";8;0;;
;;;"[7:0]";"";"s_local_sum[14][14][31:24]"
"0x1324";6424;"RO";8;0;;
;;;"[7:0]";"";"s_local_sum[14][15][7:0]"
"0x1325";6425;"RO";8;0;;
;;;"[7:0]";"";"s_local_sum[14][15][15:8]"
"0x1326";6426;"RO";8;0;;
;;;"[7:0]";"";"s_local_sum[14][15][23:16]"
"0x1327";6427;"RO";8;0;;
;;;"[7:0]";"";"s_local_sum[14][15][31:24]"
"0x1328";6428;"RO";8;0;;
;;;"[7:0]";"";"s_local_sum[14][16][7:0]"
"0x1329";6429;"RO";8;0;;
;;;"[7:0]";"";"s_local_sum[14][16][15:8]"
"0x132a";642a;"RO";8;0;;
;;;"[7:0]";"";"s_local_sum[14][16][23:16]"
"0x132b";642b;"RO";8;0;;
;;;"[7:0]";"";"s_local_sum[14][16][31:24]"
"0x132c";642c;"RO";8;0;;
;;;"[7:0]";"";"s_local_sum[14][17][7:0]"
"0x132d";642d;"RO";8;0;;
;;;"[7:0]";"";"s_local_sum[14][17][15:8]"
"0x132e";642e;"RO";8;0;;
;;;"[7:0]";"";"s_local_sum[14][17][23:16]"
"0x132f";642f;"RO";8;0;;
;;;"[7:0]";"";"s_local_sum[14][17][31:24]"
"0x1330";6430;"RO";8;0;;
;;;"[7:0]";"";"s_local_sum[14][18][7:0]"
"0x1331";6431;"RO";8;0;;
;;;"[7:0]";"";"s_local_sum[14][18][15:8]"
"0x1332";6432;"RO";8;0;;
;;;"[7:0]";"";"s_local_sum[14][18][23:16]"
"0x1333";6433;"RO";8;0;;
;;;"[7:0]";"";"s_local_sum[14][18][31:24]"
"0x1334";6434;"RO";8;0;;
;;;"[7:0]";"";"s_local_sum[14][19][7:0]"
"0x1335";6435;"RO";8;0;;
;;;"[7:0]";"";"s_local_sum[14][19][15:8]"
"0x1336";6436;"RO";8;0;;
;;;"[7:0]";"";"s_local_sum[14][19][23:16]"
"0x1337";6437;"RO";8;0;;
;;;"[7:0]";"";"s_local_sum[14][19][31:24]"
"0x1338";6438;"RO";8;0;;
;;;"[7:0]";"";"s_local_sum[14][20][7:0]"
"0x1339";6439;"RO";8;0;;
;;;"[7:0]";"";"s_local_sum[14][20][15:8]"
"0x133a";643a;"RO";8;0;;
;;;"[7:0]";"";"s_local_sum[14][20][23:16]"
"0x133b";643b;"RO";8;0;;
;;;"[7:0]";"";"s_local_sum[14][20][31:24]"
"0x133c";643c;"RO";8;0;;
;;;"[7:0]";"";"s_local_sum[14][21][7:0]"
"0x133d";643d;"RO";8;0;;
;;;"[7:0]";"";"s_local_sum[14][21][15:8]"
"0x133e";643e;"RO";8;0;;
;;;"[7:0]";"";"s_local_sum[14][21][23:16]"
"0x133f";643f;"RO";8;0;;
;;;"[7:0]";"";"s_local_sum[14][21][31:24]"
"0x1340";6440;"RO";8;0;;
;;;"[7:0]";"";"s_local_sum[14][22][7:0]"
"0x1341";6441;"RO";8;0;;
;;;"[7:0]";"";"s_local_sum[14][22][15:8]"
"0x1342";6442;"RO";8;0;;
;;;"[7:0]";"";"s_local_sum[14][22][23:16]"
"0x1343";6443;"RO";8;0;;
;;;"[7:0]";"";"s_local_sum[14][22][31:24]"
"0x1344";6444;"RO";8;0;;
;;;"[7:0]";"";"s_local_sum[14][23][7:0]"
"0x1345";6445;"RO";8;0;;
;;;"[7:0]";"";"s_local_sum[14][23][15:8]"
"0x1346";6446;"RO";8;0;;
;;;"[7:0]";"";"s_local_sum[14][23][23:16]"
"0x1347";6447;"RO";8;0;;
;;;"[7:0]";"";"s_local_sum[14][23][31:24]"
"0x1348";6448;"RO";8;0;;
;;;"[7:0]";"";"s_local_sum[14][24][7:0]"
"0x1349";6449;"RO";8;0;;
;;;"[7:0]";"";"s_local_sum[14][24][15:8]"
"0x134a";644a;"RO";8;0;;
;;;"[7:0]";"";"s_local_sum[14][24][23:16]"
"0x134b";644b;"RO";8;0;;
;;;"[7:0]";"";"s_local_sum[14][24][31:24]"
"0x134c";644c;"RO";8;0;;
;;;"[7:0]";"";"s_local_sum[15][0][7:0]"
"0x134d";644d;"RO";8;0;;
;;;"[7:0]";"";"s_local_sum[15][0][15:8]"
"0x134e";644e;"RO";8;0;;
;;;"[7:0]";"";"s_local_sum[15][0][23:16]"
"0x134f";644f;"RO";8;0;;
;;;"[7:0]";"";"s_local_sum[15][0][31:24]"
"0x1350";6450;"RO";8;0;;
;;;"[7:0]";"";"s_local_sum[15][1][7:0]"
"0x1351";6451;"RO";8;0;;
;;;"[7:0]";"";"s_local_sum[15][1][15:8]"
"0x1352";6452;"RO";8;0;;
;;;"[7:0]";"";"s_local_sum[15][1][23:16]"
"0x1353";6453;"RO";8;0;;
;;;"[7:0]";"";"s_local_sum[15][1][31:24]"
"0x1354";6454;"RO";8;0;;
;;;"[7:0]";"";"s_local_sum[15][2][7:0]"
"0x1355";6455;"RO";8;0;;
;;;"[7:0]";"";"s_local_sum[15][2][15:8]"
"0x1356";6456;"RO";8;0;;
;;;"[7:0]";"";"s_local_sum[15][2][23:16]"
"0x1357";6457;"RO";8;0;;
;;;"[7:0]";"";"s_local_sum[15][2][31:24]"
"0x1358";6458;"RO";8;0;;
;;;"[7:0]";"";"s_local_sum[15][3][7:0]"
"0x1359";6459;"RO";8;0;;
;;;"[7:0]";"";"s_local_sum[15][3][15:8]"
"0x135a";645a;"RO";8;0;;
;;;"[7:0]";"";"s_local_sum[15][3][23:16]"
"0x135b";645b;"RO";8;0;;
;;;"[7:0]";"";"s_local_sum[15][3][31:24]"
"0x135c";645c;"RO";8;0;;
;;;"[7:0]";"";"s_local_sum[15][4][7:0]"
"0x135d";645d;"RO";8;0;;
;;;"[7:0]";"";"s_local_sum[15][4][15:8]"
"0x135e";645e;"RO";8;0;;
;;;"[7:0]";"";"s_local_sum[15][4][23:16]"
"0x135f";645f;"RO";8;0;;
;;;"[7:0]";"";"s_local_sum[15][4][31:24]"
"0x1360";6460;"RO";8;0;;
;;;"[7:0]";"";"s_local_sum[15][5][7:0]"
"0x1361";6461;"RO";8;0;;
;;;"[7:0]";"";"s_local_sum[15][5][15:8]"
"0x1362";6462;"RO";8;0;;
;;;"[7:0]";"";"s_local_sum[15][5][23:16]"
"0x1363";6463;"RO";8;0;;
;;;"[7:0]";"";"s_local_sum[15][5][31:24]"
"0x1364";6464;"RO";8;0;;
;;;"[7:0]";"";"s_local_sum[15][6][7:0]"
"0x1365";6465;"RO";8;0;;
;;;"[7:0]";"";"s_local_sum[15][6][15:8]"
"0x1366";6466;"RO";8;0;;
;;;"[7:0]";"";"s_local_sum[15][6][23:16]"
"0x1367";6467;"RO";8;0;;
;;;"[7:0]";"";"s_local_sum[15][6][31:24]"
"0x1368";6468;"RO";8;0;;
;;;"[7:0]";"";"s_local_sum[15][7][7:0]"
"0x1369";6469;"RO";8;0;;
;;;"[7:0]";"";"s_local_sum[15][7][15:8]"
"0x136a";646a;"RO";8;0;;
;;;"[7:0]";"";"s_local_sum[15][7][23:16]"
"0x136b";646b;"RO";8;0;;
;;;"[7:0]";"";"s_local_sum[15][7][31:24]"
"0x136c";646c;"RO";8;0;;
;;;"[7:0]";"";"s_local_sum[15][8][7:0]"
"0x136d";646d;"RO";8;0;;
;;;"[7:0]";"";"s_local_sum[15][8][15:8]"
"0x136e";646e;"RO";8;0;;
;;;"[7:0]";"";"s_local_sum[15][8][23:16]"
"0x136f";646f;"RO";8;0;;
;;;"[7:0]";"";"s_local_sum[15][8][31:24]"
"0x1370";6470;"RO";8;0;;
;;;"[7:0]";"";"s_local_sum[15][9][7:0]"
"0x1371";6471;"RO";8;0;;
;;;"[7:0]";"";"s_local_sum[15][9][15:8]"
"0x1372";6472;"RO";8;0;;
;;;"[7:0]";"";"s_local_sum[15][9][23:16]"
"0x1373";6473;"RO";8;0;;
;;;"[7:0]";"";"s_local_sum[15][9][31:24]"
"0x1374";6474;"RO";8;0;;
;;;"[7:0]";"";"s_local_sum[15][10][7:0]"
"0x1375";6475;"RO";8;0;;
;;;"[7:0]";"";"s_local_sum[15][10][15:8]"
"0x1376";6476;"RO";8;0;;
;;;"[7:0]";"";"s_local_sum[15][10][23:16]"
"0x1377";6477;"RO";8;0;;
;;;"[7:0]";"";"s_local_sum[15][10][31:24]"
"0x1378";6478;"RO";8;0;;
;;;"[7:0]";"";"s_local_sum[15][11][7:0]"
"0x1379";6479;"RO";8;0;;
;;;"[7:0]";"";"s_local_sum[15][11][15:8]"
"0x137a";647a;"RO";8;0;;
;;;"[7:0]";"";"s_local_sum[15][11][23:16]"
"0x137b";647b;"RO";8;0;;
;;;"[7:0]";"";"s_local_sum[15][11][31:24]"
"0x137c";647c;"RO";8;0;;
;;;"[7:0]";"";"s_local_sum[15][12][7:0]"
"0x137d";647d;"RO";8;0;;
;;;"[7:0]";"";"s_local_sum[15][12][15:8]"
"0x137e";647e;"RO";8;0;;
;;;"[7:0]";"";"s_local_sum[15][12][23:16]"
"0x137f";647f;"RO";8;0;;
;;;"[7:0]";"";"s_local_sum[15][12][31:24]"
"0x1380";6480;"RO";8;0;;
;;;"[7:0]";"";"s_local_sum[15][13][7:0]"
"0x1381";6481;"RO";8;0;;
;;;"[7:0]";"";"s_local_sum[15][13][15:8]"
"0x1382";6482;"RO";8;0;;
;;;"[7:0]";"";"s_local_sum[15][13][23:16]"
"0x1383";6483;"RO";8;0;;
;;;"[7:0]";"";"s_local_sum[15][13][31:24]"
"0x1384";6484;"RO";8;0;;
;;;"[7:0]";"";"s_local_sum[15][14][7:0]"
"0x1385";6485;"RO";8;0;;
;;;"[7:0]";"";"s_local_sum[15][14][15:8]"
"0x1386";6486;"RO";8;0;;
;;;"[7:0]";"";"s_local_sum[15][14][23:16]"
"0x1387";6487;"RO";8;0;;
;;;"[7:0]";"";"s_local_sum[15][14][31:24]"
"0x1388";6488;"RO";8;0;;
;;;"[7:0]";"";"s_local_sum[15][15][7:0]"
"0x1389";6489;"RO";8;0;;
;;;"[7:0]";"";"s_local_sum[15][15][15:8]"
"0x138a";648a;"RO";8;0;;
;;;"[7:0]";"";"s_local_sum[15][15][23:16]"
"0x138b";648b;"RO";8;0;;
;;;"[7:0]";"";"s_local_sum[15][15][31:24]"
"0x138c";648c;"RO";8;0;;
;;;"[7:0]";"";"s_local_sum[15][16][7:0]"
"0x138d";648d;"RO";8;0;;
;;;"[7:0]";"";"s_local_sum[15][16][15:8]"
"0x138e";648e;"RO";8;0;;
;;;"[7:0]";"";"s_local_sum[15][16][23:16]"
"0x138f";648f;"RO";8;0;;
;;;"[7:0]";"";"s_local_sum[15][16][31:24]"
"0x1390";6490;"RO";8;0;;
;;;"[7:0]";"";"s_local_sum[15][17][7:0]"
"0x1391";6491;"RO";8;0;;
;;;"[7:0]";"";"s_local_sum[15][17][15:8]"
"0x1392";6492;"RO";8;0;;
;;;"[7:0]";"";"s_local_sum[15][17][23:16]"
"0x1393";6493;"RO";8;0;;
;;;"[7:0]";"";"s_local_sum[15][17][31:24]"
"0x1394";6494;"RO";8;0;;
;;;"[7:0]";"";"s_local_sum[15][18][7:0]"
"0x1395";6495;"RO";8;0;;
;;;"[7:0]";"";"s_local_sum[15][18][15:8]"
"0x1396";6496;"RO";8;0;;
;;;"[7:0]";"";"s_local_sum[15][18][23:16]"
"0x1397";6497;"RO";8;0;;
;;;"[7:0]";"";"s_local_sum[15][18][31:24]"
"0x1398";6498;"RO";8;0;;
;;;"[7:0]";"";"s_local_sum[15][19][7:0]"
"0x1399";6499;"RO";8;0;;
;;;"[7:0]";"";"s_local_sum[15][19][15:8]"
"0x139a";649a;"RO";8;0;;
;;;"[7:0]";"";"s_local_sum[15][19][23:16]"
"0x139b";649b;"RO";8;0;;
;;;"[7:0]";"";"s_local_sum[15][19][31:24]"
"0x139c";649c;"RO";8;0;;
;;;"[7:0]";"";"s_local_sum[15][20][7:0]"
"0x139d";649d;"RO";8;0;;
;;;"[7:0]";"";"s_local_sum[15][20][15:8]"
"0x139e";649e;"RO";8;0;;
;;;"[7:0]";"";"s_local_sum[15][20][23:16]"
"0x139f";649f;"RO";8;0;;
;;;"[7:0]";"";"s_local_sum[15][20][31:24]"
"0x13a0";64a0;"RO";8;0;;
;;;"[7:0]";"";"s_local_sum[15][21][7:0]"
"0x13a1";64a1;"RO";8;0;;
;;;"[7:0]";"";"s_local_sum[15][21][15:8]"
"0x13a2";64a2;"RO";8;0;;
;;;"[7:0]";"";"s_local_sum[15][21][23:16]"
"0x13a3";64a3;"RO";8;0;;
;;;"[7:0]";"";"s_local_sum[15][21][31:24]"
"0x13a4";64a4;"RO";8;0;;
;;;"[7:0]";"";"s_local_sum[15][22][7:0]"
"0x13a5";64a5;"RO";8;0;;
;;;"[7:0]";"";"s_local_sum[15][22][15:8]"
"0x13a6";64a6;"RO";8;0;;
;;;"[7:0]";"";"s_local_sum[15][22][23:16]"
"0x13a7";64a7;"RO";8;0;;
;;;"[7:0]";"";"s_local_sum[15][22][31:24]"
"0x13a8";64a8;"RO";8;0;;
;;;"[7:0]";"";"s_local_sum[15][23][7:0]"
"0x13a9";64a9;"RO";8;0;;
;;;"[7:0]";"";"s_local_sum[15][23][15:8]"
"0x13aa";64aa;"RO";8;0;;
;;;"[7:0]";"";"s_local_sum[15][23][23:16]"
"0x13ab";64ab;"RO";8;0;;
;;;"[7:0]";"";"s_local_sum[15][23][31:24]"
"0x13ac";64ac;"RO";8;0;;
;;;"[7:0]";"";"s_local_sum[15][24][7:0]"
"0x13ad";64ad;"RO";8;0;;
;;;"[7:0]";"";"s_local_sum[15][24][15:8]"
"0x13ae";64ae;"RO";8;0;;
;;;"[7:0]";"";"s_local_sum[15][24][23:16]"
"0x13af";64af;"RO";8;0;;
;;;"[7:0]";"";"s_local_sum[15][24][31:24]"
"0x13b0";64b0;"RO";8;0;;
;;;"[7:0]";"";"s_local_sum[16][0][7:0]"
"0x13b1";64b1;"RO";8;0;;
;;;"[7:0]";"";"s_local_sum[16][0][15:8]"
"0x13b2";64b2;"RO";8;0;;
;;;"[7:0]";"";"s_local_sum[16][0][23:16]"
"0x13b3";64b3;"RO";8;0;;
;;;"[7:0]";"";"s_local_sum[16][0][31:24]"
"0x13b4";64b4;"RO";8;0;;
;;;"[7:0]";"";"s_local_sum[16][1][7:0]"
"0x13b5";64b5;"RO";8;0;;
;;;"[7:0]";"";"s_local_sum[16][1][15:8]"
"0x13b6";64b6;"RO";8;0;;
;;;"[7:0]";"";"s_local_sum[16][1][23:16]"
"0x13b7";64b7;"RO";8;0;;
;;;"[7:0]";"";"s_local_sum[16][1][31:24]"
"0x13b8";64b8;"RO";8;0;;
;;;"[7:0]";"";"s_local_sum[16][2][7:0]"
"0x13b9";64b9;"RO";8;0;;
;;;"[7:0]";"";"s_local_sum[16][2][15:8]"
"0x13ba";64ba;"RO";8;0;;
;;;"[7:0]";"";"s_local_sum[16][2][23:16]"
"0x13bb";64bb;"RO";8;0;;
;;;"[7:0]";"";"s_local_sum[16][2][31:24]"
"0x13bc";64bc;"RO";8;0;;
;;;"[7:0]";"";"s_local_sum[16][3][7:0]"
"0x13bd";64bd;"RO";8;0;;
;;;"[7:0]";"";"s_local_sum[16][3][15:8]"
"0x13be";64be;"RO";8;0;;
;;;"[7:0]";"";"s_local_sum[16][3][23:16]"
"0x13bf";64bf;"RO";8;0;;
;;;"[7:0]";"";"s_local_sum[16][3][31:24]"
"0x13c0";64c0;"RO";8;0;;
;;;"[7:0]";"";"s_local_sum[16][4][7:0]"
"0x13c1";64c1;"RO";8;0;;
;;;"[7:0]";"";"s_local_sum[16][4][15:8]"
"0x13c2";64c2;"RO";8;0;;
;;;"[7:0]";"";"s_local_sum[16][4][23:16]"
"0x13c3";64c3;"RO";8;0;;
;;;"[7:0]";"";"s_local_sum[16][4][31:24]"
"0x13c4";64c4;"RO";8;0;;
;;;"[7:0]";"";"s_local_sum[16][5][7:0]"
"0x13c5";64c5;"RO";8;0;;
;;;"[7:0]";"";"s_local_sum[16][5][15:8]"
"0x13c6";64c6;"RO";8;0;;
;;;"[7:0]";"";"s_local_sum[16][5][23:16]"
"0x13c7";64c7;"RO";8;0;;
;;;"[7:0]";"";"s_local_sum[16][5][31:24]"
"0x13c8";64c8;"RO";8;0;;
;;;"[7:0]";"";"s_local_sum[16][6][7:0]"
"0x13c9";64c9;"RO";8;0;;
;;;"[7:0]";"";"s_local_sum[16][6][15:8]"
"0x13ca";64ca;"RO";8;0;;
;;;"[7:0]";"";"s_local_sum[16][6][23:16]"
"0x13cb";64cb;"RO";8;0;;
;;;"[7:0]";"";"s_local_sum[16][6][31:24]"
"0x13cc";64cc;"RO";8;0;;
;;;"[7:0]";"";"s_local_sum[16][7][7:0]"
"0x13cd";64cd;"RO";8;0;;
;;;"[7:0]";"";"s_local_sum[16][7][15:8]"
"0x13ce";64ce;"RO";8;0;;
;;;"[7:0]";"";"s_local_sum[16][7][23:16]"
"0x13cf";64cf;"RO";8;0;;
;;;"[7:0]";"";"s_local_sum[16][7][31:24]"
"0x13d0";64d0;"RO";8;0;;
;;;"[7:0]";"";"s_local_sum[16][8][7:0]"
"0x13d1";64d1;"RO";8;0;;
;;;"[7:0]";"";"s_local_sum[16][8][15:8]"
"0x13d2";64d2;"RO";8;0;;
;;;"[7:0]";"";"s_local_sum[16][8][23:16]"
"0x13d3";64d3;"RO";8;0;;
;;;"[7:0]";"";"s_local_sum[16][8][31:24]"
"0x13d4";64d4;"RO";8;0;;
;;;"[7:0]";"";"s_local_sum[16][9][7:0]"
"0x13d5";64d5;"RO";8;0;;
;;;"[7:0]";"";"s_local_sum[16][9][15:8]"
"0x13d6";64d6;"RO";8;0;;
;;;"[7:0]";"";"s_local_sum[16][9][23:16]"
"0x13d7";64d7;"RO";8;0;;
;;;"[7:0]";"";"s_local_sum[16][9][31:24]"
"0x13d8";64d8;"RO";8;0;;
;;;"[7:0]";"";"s_local_sum[16][10][7:0]"
"0x13d9";64d9;"RO";8;0;;
;;;"[7:0]";"";"s_local_sum[16][10][15:8]"
"0x13da";64da;"RO";8;0;;
;;;"[7:0]";"";"s_local_sum[16][10][23:16]"
"0x13db";64db;"RO";8;0;;
;;;"[7:0]";"";"s_local_sum[16][10][31:24]"
"0x13dc";64dc;"RO";8;0;;
;;;"[7:0]";"";"s_local_sum[16][11][7:0]"
"0x13dd";64dd;"RO";8;0;;
;;;"[7:0]";"";"s_local_sum[16][11][15:8]"
"0x13de";64de;"RO";8;0;;
;;;"[7:0]";"";"s_local_sum[16][11][23:16]"
"0x13df";64df;"RO";8;0;;
;;;"[7:0]";"";"s_local_sum[16][11][31:24]"
"0x13e0";64e0;"RO";8;0;;
;;;"[7:0]";"";"s_local_sum[16][12][7:0]"
"0x13e1";64e1;"RO";8;0;;
;;;"[7:0]";"";"s_local_sum[16][12][15:8]"
"0x13e2";64e2;"RO";8;0;;
;;;"[7:0]";"";"s_local_sum[16][12][23:16]"
"0x13e3";64e3;"RO";8;0;;
;;;"[7:0]";"";"s_local_sum[16][12][31:24]"
"0x13e4";64e4;"RO";8;0;;
;;;"[7:0]";"";"s_local_sum[16][13][7:0]"
"0x13e5";64e5;"RO";8;0;;
;;;"[7:0]";"";"s_local_sum[16][13][15:8]"
"0x13e6";64e6;"RO";8;0;;
;;;"[7:0]";"";"s_local_sum[16][13][23:16]"
"0x13e7";64e7;"RO";8;0;;
;;;"[7:0]";"";"s_local_sum[16][13][31:24]"
"0x13e8";64e8;"RO";8;0;;
;;;"[7:0]";"";"s_local_sum[16][14][7:0]"
"0x13e9";64e9;"RO";8;0;;
;;;"[7:0]";"";"s_local_sum[16][14][15:8]"
"0x13ea";64ea;"RO";8;0;;
;;;"[7:0]";"";"s_local_sum[16][14][23:16]"
"0x13eb";64eb;"RO";8;0;;
;;;"[7:0]";"";"s_local_sum[16][14][31:24]"
"0x13ec";64ec;"RO";8;0;;
;;;"[7:0]";"";"s_local_sum[16][15][7:0]"
"0x13ed";64ed;"RO";8;0;;
;;;"[7:0]";"";"s_local_sum[16][15][15:8]"
"0x13ee";64ee;"RO";8;0;;
;;;"[7:0]";"";"s_local_sum[16][15][23:16]"
"0x13ef";64ef;"RO";8;0;;
;;;"[7:0]";"";"s_local_sum[16][15][31:24]"
"0x13f0";64f0;"RO";8;0;;
;;;"[7:0]";"";"s_local_sum[16][16][7:0]"
"0x13f1";64f1;"RO";8;0;;
;;;"[7:0]";"";"s_local_sum[16][16][15:8]"
"0x13f2";64f2;"RO";8;0;;
;;;"[7:0]";"";"s_local_sum[16][16][23:16]"
"0x13f3";64f3;"RO";8;0;;
;;;"[7:0]";"";"s_local_sum[16][16][31:24]"
"0x13f4";64f4;"RO";8;0;;
;;;"[7:0]";"";"s_local_sum[16][17][7:0]"
"0x13f5";64f5;"RO";8;0;;
;;;"[7:0]";"";"s_local_sum[16][17][15:8]"
"0x13f6";64f6;"RO";8;0;;
;;;"[7:0]";"";"s_local_sum[16][17][23:16]"
"0x13f7";64f7;"RO";8;0;;
;;;"[7:0]";"";"s_local_sum[16][17][31:24]"
"0x13f8";64f8;"RO";8;0;;
;;;"[7:0]";"";"s_local_sum[16][18][7:0]"
"0x13f9";64f9;"RO";8;0;;
;;;"[7:0]";"";"s_local_sum[16][18][15:8]"
"0x13fa";64fa;"RO";8;0;;
;;;"[7:0]";"";"s_local_sum[16][18][23:16]"
"0x13fb";64fb;"RO";8;0;;
;;;"[7:0]";"";"s_local_sum[16][18][31:24]"
"0x13fc";64fc;"RO";8;0;;
;;;"[7:0]";"";"s_local_sum[16][19][7:0]"
"0x13fd";64fd;"RO";8;0;;
;;;"[7:0]";"";"s_local_sum[16][19][15:8]"
"0x13fe";64fe;"RO";8;0;;
;;;"[7:0]";"";"s_local_sum[16][19][23:16]"
"0x13ff";64ff;"RO";8;0;;
;;;"[7:0]";"";"s_local_sum[16][19][31:24]"
"0x1400";6500;"RO";8;0;;
;;;"[7:0]";"";"s_local_sum[16][20][7:0]"
"0x1401";6501;"RO";8;0;;
;;;"[7:0]";"";"s_local_sum[16][20][15:8]"
"0x1402";6502;"RO";8;0;;
;;;"[7:0]";"";"s_local_sum[16][20][23:16]"
"0x1403";6503;"RO";8;0;;
;;;"[7:0]";"";"s_local_sum[16][20][31:24]"
"0x1404";6504;"RO";8;0;;
;;;"[7:0]";"";"s_local_sum[16][21][7:0]"
"0x1405";6505;"RO";8;0;;
;;;"[7:0]";"";"s_local_sum[16][21][15:8]"
"0x1406";6506;"RO";8;0;;
;;;"[7:0]";"";"s_local_sum[16][21][23:16]"
"0x1407";6507;"RO";8;0;;
;;;"[7:0]";"";"s_local_sum[16][21][31:24]"
"0x1408";6508;"RO";8;0;;
;;;"[7:0]";"";"s_local_sum[16][22][7:0]"
"0x1409";6509;"RO";8;0;;
;;;"[7:0]";"";"s_local_sum[16][22][15:8]"
"0x140a";650a;"RO";8;0;;
;;;"[7:0]";"";"s_local_sum[16][22][23:16]"
"0x140b";650b;"RO";8;0;;
;;;"[7:0]";"";"s_local_sum[16][22][31:24]"
"0x140c";650c;"RO";8;0;;
;;;"[7:0]";"";"s_local_sum[16][23][7:0]"
"0x140d";650d;"RO";8;0;;
;;;"[7:0]";"";"s_local_sum[16][23][15:8]"
"0x140e";650e;"RO";8;0;;
;;;"[7:0]";"";"s_local_sum[16][23][23:16]"
"0x140f";650f;"RO";8;0;;
;;;"[7:0]";"";"s_local_sum[16][23][31:24]"
"0x1410";6510;"RO";8;0;;
;;;"[7:0]";"";"s_local_sum[16][24][7:0]"
"0x1411";6511;"RO";8;0;;
;;;"[7:0]";"";"s_local_sum[16][24][15:8]"
"0x1412";6512;"RO";8;0;;
;;;"[7:0]";"";"s_local_sum[16][24][23:16]"
"0x1413";6513;"RO";8;0;;
;;;"[7:0]";"";"s_local_sum[16][24][31:24]"
"0x1414";6514;"RO";8;0;;
;;;"[7:0]";"";"s_local_sum[17][0][7:0]"
"0x1415";6515;"RO";8;0;;
;;;"[7:0]";"";"s_local_sum[17][0][15:8]"
"0x1416";6516;"RO";8;0;;
;;;"[7:0]";"";"s_local_sum[17][0][23:16]"
"0x1417";6517;"RO";8;0;;
;;;"[7:0]";"";"s_local_sum[17][0][31:24]"
"0x1418";6518;"RO";8;0;;
;;;"[7:0]";"";"s_local_sum[17][1][7:0]"
"0x1419";6519;"RO";8;0;;
;;;"[7:0]";"";"s_local_sum[17][1][15:8]"
"0x141a";651a;"RO";8;0;;
;;;"[7:0]";"";"s_local_sum[17][1][23:16]"
"0x141b";651b;"RO";8;0;;
;;;"[7:0]";"";"s_local_sum[17][1][31:24]"
"0x141c";651c;"RO";8;0;;
;;;"[7:0]";"";"s_local_sum[17][2][7:0]"
"0x141d";651d;"RO";8;0;;
;;;"[7:0]";"";"s_local_sum[17][2][15:8]"
"0x141e";651e;"RO";8;0;;
;;;"[7:0]";"";"s_local_sum[17][2][23:16]"
"0x141f";651f;"RO";8;0;;
;;;"[7:0]";"";"s_local_sum[17][2][31:24]"
"0x1420";6520;"RO";8;0;;
;;;"[7:0]";"";"s_local_sum[17][3][7:0]"
"0x1421";6521;"RO";8;0;;
;;;"[7:0]";"";"s_local_sum[17][3][15:8]"
"0x1422";6522;"RO";8;0;;
;;;"[7:0]";"";"s_local_sum[17][3][23:16]"
"0x1423";6523;"RO";8;0;;
;;;"[7:0]";"";"s_local_sum[17][3][31:24]"
"0x1424";6524;"RO";8;0;;
;;;"[7:0]";"";"s_local_sum[17][4][7:0]"
"0x1425";6525;"RO";8;0;;
;;;"[7:0]";"";"s_local_sum[17][4][15:8]"
"0x1426";6526;"RO";8;0;;
;;;"[7:0]";"";"s_local_sum[17][4][23:16]"
"0x1427";6527;"RO";8;0;;
;;;"[7:0]";"";"s_local_sum[17][4][31:24]"
"0x1428";6528;"RO";8;0;;
;;;"[7:0]";"";"s_local_sum[17][5][7:0]"
"0x1429";6529;"RO";8;0;;
;;;"[7:0]";"";"s_local_sum[17][5][15:8]"
"0x142a";652a;"RO";8;0;;
;;;"[7:0]";"";"s_local_sum[17][5][23:16]"
"0x142b";652b;"RO";8;0;;
;;;"[7:0]";"";"s_local_sum[17][5][31:24]"
"0x142c";652c;"RO";8;0;;
;;;"[7:0]";"";"s_local_sum[17][6][7:0]"
"0x142d";652d;"RO";8;0;;
;;;"[7:0]";"";"s_local_sum[17][6][15:8]"
"0x142e";652e;"RO";8;0;;
;;;"[7:0]";"";"s_local_sum[17][6][23:16]"
"0x142f";652f;"RO";8;0;;
;;;"[7:0]";"";"s_local_sum[17][6][31:24]"
"0x1430";6530;"RO";8;0;;
;;;"[7:0]";"";"s_local_sum[17][7][7:0]"
"0x1431";6531;"RO";8;0;;
;;;"[7:0]";"";"s_local_sum[17][7][15:8]"
"0x1432";6532;"RO";8;0;;
;;;"[7:0]";"";"s_local_sum[17][7][23:16]"
"0x1433";6533;"RO";8;0;;
;;;"[7:0]";"";"s_local_sum[17][7][31:24]"
"0x1434";6534;"RO";8;0;;
;;;"[7:0]";"";"s_local_sum[17][8][7:0]"
"0x1435";6535;"RO";8;0;;
;;;"[7:0]";"";"s_local_sum[17][8][15:8]"
"0x1436";6536;"RO";8;0;;
;;;"[7:0]";"";"s_local_sum[17][8][23:16]"
"0x1437";6537;"RO";8;0;;
;;;"[7:0]";"";"s_local_sum[17][8][31:24]"
"0x1438";6538;"RO";8;0;;
;;;"[7:0]";"";"s_local_sum[17][9][7:0]"
"0x1439";6539;"RO";8;0;;
;;;"[7:0]";"";"s_local_sum[17][9][15:8]"
"0x143a";653a;"RO";8;0;;
;;;"[7:0]";"";"s_local_sum[17][9][23:16]"
"0x143b";653b;"RO";8;0;;
;;;"[7:0]";"";"s_local_sum[17][9][31:24]"
"0x143c";653c;"RO";8;0;;
;;;"[7:0]";"";"s_local_sum[17][10][7:0]"
"0x143d";653d;"RO";8;0;;
;;;"[7:0]";"";"s_local_sum[17][10][15:8]"
"0x143e";653e;"RO";8;0;;
;;;"[7:0]";"";"s_local_sum[17][10][23:16]"
"0x143f";653f;"RO";8;0;;
;;;"[7:0]";"";"s_local_sum[17][10][31:24]"
"0x1440";6540;"RO";8;0;;
;;;"[7:0]";"";"s_local_sum[17][11][7:0]"
"0x1441";6541;"RO";8;0;;
;;;"[7:0]";"";"s_local_sum[17][11][15:8]"
"0x1442";6542;"RO";8;0;;
;;;"[7:0]";"";"s_local_sum[17][11][23:16]"
"0x1443";6543;"RO";8;0;;
;;;"[7:0]";"";"s_local_sum[17][11][31:24]"
"0x1444";6544;"RO";8;0;;
;;;"[7:0]";"";"s_local_sum[17][12][7:0]"
"0x1445";6545;"RO";8;0;;
;;;"[7:0]";"";"s_local_sum[17][12][15:8]"
"0x1446";6546;"RO";8;0;;
;;;"[7:0]";"";"s_local_sum[17][12][23:16]"
"0x1447";6547;"RO";8;0;;
;;;"[7:0]";"";"s_local_sum[17][12][31:24]"
"0x1448";6548;"RO";8;0;;
;;;"[7:0]";"";"s_local_sum[17][13][7:0]"
"0x1449";6549;"RO";8;0;;
;;;"[7:0]";"";"s_local_sum[17][13][15:8]"
"0x144a";654a;"RO";8;0;;
;;;"[7:0]";"";"s_local_sum[17][13][23:16]"
"0x144b";654b;"RO";8;0;;
;;;"[7:0]";"";"s_local_sum[17][13][31:24]"
"0x144c";654c;"RO";8;0;;
;;;"[7:0]";"";"s_local_sum[17][14][7:0]"
"0x144d";654d;"RO";8;0;;
;;;"[7:0]";"";"s_local_sum[17][14][15:8]"
"0x144e";654e;"RO";8;0;;
;;;"[7:0]";"";"s_local_sum[17][14][23:16]"
"0x144f";654f;"RO";8;0;;
;;;"[7:0]";"";"s_local_sum[17][14][31:24]"
"0x1450";6550;"RO";8;0;;
;;;"[7:0]";"";"s_local_sum[17][15][7:0]"
"0x1451";6551;"RO";8;0;;
;;;"[7:0]";"";"s_local_sum[17][15][15:8]"
"0x1452";6552;"RO";8;0;;
;;;"[7:0]";"";"s_local_sum[17][15][23:16]"
"0x1453";6553;"RO";8;0;;
;;;"[7:0]";"";"s_local_sum[17][15][31:24]"
"0x1454";6554;"RO";8;0;;
;;;"[7:0]";"";"s_local_sum[17][16][7:0]"
"0x1455";6555;"RO";8;0;;
;;;"[7:0]";"";"s_local_sum[17][16][15:8]"
"0x1456";6556;"RO";8;0;;
;;;"[7:0]";"";"s_local_sum[17][16][23:16]"
"0x1457";6557;"RO";8;0;;
;;;"[7:0]";"";"s_local_sum[17][16][31:24]"
"0x1458";6558;"RO";8;0;;
;;;"[7:0]";"";"s_local_sum[17][17][7:0]"
"0x1459";6559;"RO";8;0;;
;;;"[7:0]";"";"s_local_sum[17][17][15:8]"
"0x145a";655a;"RO";8;0;;
;;;"[7:0]";"";"s_local_sum[17][17][23:16]"
"0x145b";655b;"RO";8;0;;
;;;"[7:0]";"";"s_local_sum[17][17][31:24]"
"0x145c";655c;"RO";8;0;;
;;;"[7:0]";"";"s_local_sum[17][18][7:0]"
"0x145d";655d;"RO";8;0;;
;;;"[7:0]";"";"s_local_sum[17][18][15:8]"
"0x145e";655e;"RO";8;0;;
;;;"[7:0]";"";"s_local_sum[17][18][23:16]"
"0x145f";655f;"RO";8;0;;
;;;"[7:0]";"";"s_local_sum[17][18][31:24]"
"0x1460";6560;"RO";8;0;;
;;;"[7:0]";"";"s_local_sum[17][19][7:0]"
"0x1461";6561;"RO";8;0;;
;;;"[7:0]";"";"s_local_sum[17][19][15:8]"
"0x1462";6562;"RO";8;0;;
;;;"[7:0]";"";"s_local_sum[17][19][23:16]"
"0x1463";6563;"RO";8;0;;
;;;"[7:0]";"";"s_local_sum[17][19][31:24]"
"0x1464";6564;"RO";8;0;;
;;;"[7:0]";"";"s_local_sum[17][20][7:0]"
"0x1465";6565;"RO";8;0;;
;;;"[7:0]";"";"s_local_sum[17][20][15:8]"
"0x1466";6566;"RO";8;0;;
;;;"[7:0]";"";"s_local_sum[17][20][23:16]"
"0x1467";6567;"RO";8;0;;
;;;"[7:0]";"";"s_local_sum[17][20][31:24]"
"0x1468";6568;"RO";8;0;;
;;;"[7:0]";"";"s_local_sum[17][21][7:0]"
"0x1469";6569;"RO";8;0;;
;;;"[7:0]";"";"s_local_sum[17][21][15:8]"
"0x146a";656a;"RO";8;0;;
;;;"[7:0]";"";"s_local_sum[17][21][23:16]"
"0x146b";656b;"RO";8;0;;
;;;"[7:0]";"";"s_local_sum[17][21][31:24]"
"0x146c";656c;"RO";8;0;;
;;;"[7:0]";"";"s_local_sum[17][22][7:0]"
"0x146d";656d;"RO";8;0;;
;;;"[7:0]";"";"s_local_sum[17][22][15:8]"
"0x146e";656e;"RO";8;0;;
;;;"[7:0]";"";"s_local_sum[17][22][23:16]"
"0x146f";656f;"RO";8;0;;
;;;"[7:0]";"";"s_local_sum[17][22][31:24]"
"0x1470";6570;"RO";8;0;;
;;;"[7:0]";"";"s_local_sum[17][23][7:0]"
"0x1471";6571;"RO";8;0;;
;;;"[7:0]";"";"s_local_sum[17][23][15:8]"
"0x1472";6572;"RO";8;0;;
;;;"[7:0]";"";"s_local_sum[17][23][23:16]"
"0x1473";6573;"RO";8;0;;
;;;"[7:0]";"";"s_local_sum[17][23][31:24]"
"0x1474";6574;"RO";8;0;;
;;;"[7:0]";"";"s_local_sum[17][24][7:0]"
"0x1475";6575;"RO";8;0;;
;;;"[7:0]";"";"s_local_sum[17][24][15:8]"
"0x1476";6576;"RO";8;0;;
;;;"[7:0]";"";"s_local_sum[17][24][23:16]"
"0x1477";6577;"RO";8;0;;
;;;"[7:0]";"";"s_local_sum[17][24][31:24]"
"0x1478";6578;"RO";8;0;;
;;;"[7:0]";"";"s_local_sum[18][0][7:0]"
"0x1479";6579;"RO";8;0;;
;;;"[7:0]";"";"s_local_sum[18][0][15:8]"
"0x147a";657a;"RO";8;0;;
;;;"[7:0]";"";"s_local_sum[18][0][23:16]"
"0x147b";657b;"RO";8;0;;
;;;"[7:0]";"";"s_local_sum[18][0][31:24]"
"0x147c";657c;"RO";8;0;;
;;;"[7:0]";"";"s_local_sum[18][1][7:0]"
"0x147d";657d;"RO";8;0;;
;;;"[7:0]";"";"s_local_sum[18][1][15:8]"
"0x147e";657e;"RO";8;0;;
;;;"[7:0]";"";"s_local_sum[18][1][23:16]"
"0x147f";657f;"RO";8;0;;
;;;"[7:0]";"";"s_local_sum[18][1][31:24]"
"0x1480";6580;"RO";8;0;;
;;;"[7:0]";"";"s_local_sum[18][2][7:0]"
"0x1481";6581;"RO";8;0;;
;;;"[7:0]";"";"s_local_sum[18][2][15:8]"
"0x1482";6582;"RO";8;0;;
;;;"[7:0]";"";"s_local_sum[18][2][23:16]"
"0x1483";6583;"RO";8;0;;
;;;"[7:0]";"";"s_local_sum[18][2][31:24]"
"0x1484";6584;"RO";8;0;;
;;;"[7:0]";"";"s_local_sum[18][3][7:0]"
"0x1485";6585;"RO";8;0;;
;;;"[7:0]";"";"s_local_sum[18][3][15:8]"
"0x1486";6586;"RO";8;0;;
;;;"[7:0]";"";"s_local_sum[18][3][23:16]"
"0x1487";6587;"RO";8;0;;
;;;"[7:0]";"";"s_local_sum[18][3][31:24]"
"0x1488";6588;"RO";8;0;;
;;;"[7:0]";"";"s_local_sum[18][4][7:0]"
"0x1489";6589;"RO";8;0;;
;;;"[7:0]";"";"s_local_sum[18][4][15:8]"
"0x148a";658a;"RO";8;0;;
;;;"[7:0]";"";"s_local_sum[18][4][23:16]"
"0x148b";658b;"RO";8;0;;
;;;"[7:0]";"";"s_local_sum[18][4][31:24]"
"0x148c";658c;"RO";8;0;;
;;;"[7:0]";"";"s_local_sum[18][5][7:0]"
"0x148d";658d;"RO";8;0;;
;;;"[7:0]";"";"s_local_sum[18][5][15:8]"
"0x148e";658e;"RO";8;0;;
;;;"[7:0]";"";"s_local_sum[18][5][23:16]"
"0x148f";658f;"RO";8;0;;
;;;"[7:0]";"";"s_local_sum[18][5][31:24]"
"0x1490";6590;"RO";8;0;;
;;;"[7:0]";"";"s_local_sum[18][6][7:0]"
"0x1491";6591;"RO";8;0;;
;;;"[7:0]";"";"s_local_sum[18][6][15:8]"
"0x1492";6592;"RO";8;0;;
;;;"[7:0]";"";"s_local_sum[18][6][23:16]"
"0x1493";6593;"RO";8;0;;
;;;"[7:0]";"";"s_local_sum[18][6][31:24]"
"0x1494";6594;"RO";8;0;;
;;;"[7:0]";"";"s_local_sum[18][7][7:0]"
"0x1495";6595;"RO";8;0;;
;;;"[7:0]";"";"s_local_sum[18][7][15:8]"
"0x1496";6596;"RO";8;0;;
;;;"[7:0]";"";"s_local_sum[18][7][23:16]"
"0x1497";6597;"RO";8;0;;
;;;"[7:0]";"";"s_local_sum[18][7][31:24]"
"0x1498";6598;"RO";8;0;;
;;;"[7:0]";"";"s_local_sum[18][8][7:0]"
"0x1499";6599;"RO";8;0;;
;;;"[7:0]";"";"s_local_sum[18][8][15:8]"
"0x149a";659a;"RO";8;0;;
;;;"[7:0]";"";"s_local_sum[18][8][23:16]"
"0x149b";659b;"RO";8;0;;
;;;"[7:0]";"";"s_local_sum[18][8][31:24]"
"0x149c";659c;"RO";8;0;;
;;;"[7:0]";"";"s_local_sum[18][9][7:0]"
"0x149d";659d;"RO";8;0;;
;;;"[7:0]";"";"s_local_sum[18][9][15:8]"
"0x149e";659e;"RO";8;0;;
;;;"[7:0]";"";"s_local_sum[18][9][23:16]"
"0x149f";659f;"RO";8;0;;
;;;"[7:0]";"";"s_local_sum[18][9][31:24]"
"0x14a0";65a0;"RO";8;0;;
;;;"[7:0]";"";"s_local_sum[18][10][7:0]"
"0x14a1";65a1;"RO";8;0;;
;;;"[7:0]";"";"s_local_sum[18][10][15:8]"
"0x14a2";65a2;"RO";8;0;;
;;;"[7:0]";"";"s_local_sum[18][10][23:16]"
"0x14a3";65a3;"RO";8;0;;
;;;"[7:0]";"";"s_local_sum[18][10][31:24]"
"0x14a4";65a4;"RO";8;0;;
;;;"[7:0]";"";"s_local_sum[18][11][7:0]"
"0x14a5";65a5;"RO";8;0;;
;;;"[7:0]";"";"s_local_sum[18][11][15:8]"
"0x14a6";65a6;"RO";8;0;;
;;;"[7:0]";"";"s_local_sum[18][11][23:16]"
"0x14a7";65a7;"RO";8;0;;
;;;"[7:0]";"";"s_local_sum[18][11][31:24]"
"0x14a8";65a8;"RO";8;0;;
;;;"[7:0]";"";"s_local_sum[18][12][7:0]"
"0x14a9";65a9;"RO";8;0;;
;;;"[7:0]";"";"s_local_sum[18][12][15:8]"
"0x14aa";65aa;"RO";8;0;;
;;;"[7:0]";"";"s_local_sum[18][12][23:16]"
"0x14ab";65ab;"RO";8;0;;
;;;"[7:0]";"";"s_local_sum[18][12][31:24]"
"0x14ac";65ac;"RO";8;0;;
;;;"[7:0]";"";"s_local_sum[18][13][7:0]"
"0x14ad";65ad;"RO";8;0;;
;;;"[7:0]";"";"s_local_sum[18][13][15:8]"
"0x14ae";65ae;"RO";8;0;;
;;;"[7:0]";"";"s_local_sum[18][13][23:16]"
"0x14af";65af;"RO";8;0;;
;;;"[7:0]";"";"s_local_sum[18][13][31:24]"
"0x14b0";65b0;"RO";8;0;;
;;;"[7:0]";"";"s_local_sum[18][14][7:0]"
"0x14b1";65b1;"RO";8;0;;
;;;"[7:0]";"";"s_local_sum[18][14][15:8]"
"0x14b2";65b2;"RO";8;0;;
;;;"[7:0]";"";"s_local_sum[18][14][23:16]"
"0x14b3";65b3;"RO";8;0;;
;;;"[7:0]";"";"s_local_sum[18][14][31:24]"
"0x14b4";65b4;"RO";8;0;;
;;;"[7:0]";"";"s_local_sum[18][15][7:0]"
"0x14b5";65b5;"RO";8;0;;
;;;"[7:0]";"";"s_local_sum[18][15][15:8]"
"0x14b6";65b6;"RO";8;0;;
;;;"[7:0]";"";"s_local_sum[18][15][23:16]"
"0x14b7";65b7;"RO";8;0;;
;;;"[7:0]";"";"s_local_sum[18][15][31:24]"
"0x14b8";65b8;"RO";8;0;;
;;;"[7:0]";"";"s_local_sum[18][16][7:0]"
"0x14b9";65b9;"RO";8;0;;
;;;"[7:0]";"";"s_local_sum[18][16][15:8]"
"0x14ba";65ba;"RO";8;0;;
;;;"[7:0]";"";"s_local_sum[18][16][23:16]"
"0x14bb";65bb;"RO";8;0;;
;;;"[7:0]";"";"s_local_sum[18][16][31:24]"
"0x14bc";65bc;"RO";8;0;;
;;;"[7:0]";"";"s_local_sum[18][17][7:0]"
"0x14bd";65bd;"RO";8;0;;
;;;"[7:0]";"";"s_local_sum[18][17][15:8]"
"0x14be";65be;"RO";8;0;;
;;;"[7:0]";"";"s_local_sum[18][17][23:16]"
"0x14bf";65bf;"RO";8;0;;
;;;"[7:0]";"";"s_local_sum[18][17][31:24]"
"0x14c0";65c0;"RO";8;0;;
;;;"[7:0]";"";"s_local_sum[18][18][7:0]"
"0x14c1";65c1;"RO";8;0;;
;;;"[7:0]";"";"s_local_sum[18][18][15:8]"
"0x14c2";65c2;"RO";8;0;;
;;;"[7:0]";"";"s_local_sum[18][18][23:16]"
"0x14c3";65c3;"RO";8;0;;
;;;"[7:0]";"";"s_local_sum[18][18][31:24]"
"0x14c4";65c4;"RO";8;0;;
;;;"[7:0]";"";"s_local_sum[18][19][7:0]"
"0x14c5";65c5;"RO";8;0;;
;;;"[7:0]";"";"s_local_sum[18][19][15:8]"
"0x14c6";65c6;"RO";8;0;;
;;;"[7:0]";"";"s_local_sum[18][19][23:16]"
"0x14c7";65c7;"RO";8;0;;
;;;"[7:0]";"";"s_local_sum[18][19][31:24]"
"0x14c8";65c8;"RO";8;0;;
;;;"[7:0]";"";"s_local_sum[18][20][7:0]"
"0x14c9";65c9;"RO";8;0;;
;;;"[7:0]";"";"s_local_sum[18][20][15:8]"
"0x14ca";65ca;"RO";8;0;;
;;;"[7:0]";"";"s_local_sum[18][20][23:16]"
"0x14cb";65cb;"RO";8;0;;
;;;"[7:0]";"";"s_local_sum[18][20][31:24]"
"0x14cc";65cc;"RO";8;0;;
;;;"[7:0]";"";"s_local_sum[18][21][7:0]"
"0x14cd";65cd;"RO";8;0;;
;;;"[7:0]";"";"s_local_sum[18][21][15:8]"
"0x14ce";65ce;"RO";8;0;;
;;;"[7:0]";"";"s_local_sum[18][21][23:16]"
"0x14cf";65cf;"RO";8;0;;
;;;"[7:0]";"";"s_local_sum[18][21][31:24]"
"0x14d0";65d0;"RO";8;0;;
;;;"[7:0]";"";"s_local_sum[18][22][7:0]"
"0x14d1";65d1;"RO";8;0;;
;;;"[7:0]";"";"s_local_sum[18][22][15:8]"
"0x14d2";65d2;"RO";8;0;;
;;;"[7:0]";"";"s_local_sum[18][22][23:16]"
"0x14d3";65d3;"RO";8;0;;
;;;"[7:0]";"";"s_local_sum[18][22][31:24]"
"0x14d4";65d4;"RO";8;0;;
;;;"[7:0]";"";"s_local_sum[18][23][7:0]"
"0x14d5";65d5;"RO";8;0;;
;;;"[7:0]";"";"s_local_sum[18][23][15:8]"
"0x14d6";65d6;"RO";8;0;;
;;;"[7:0]";"";"s_local_sum[18][23][23:16]"
"0x14d7";65d7;"RO";8;0;;
;;;"[7:0]";"";"s_local_sum[18][23][31:24]"
"0x14d8";65d8;"RO";8;0;;
;;;"[7:0]";"";"s_local_sum[18][24][7:0]"
"0x14d9";65d9;"RO";8;0;;
;;;"[7:0]";"";"s_local_sum[18][24][15:8]"
"0x14da";65da;"RO";8;0;;
;;;"[7:0]";"";"s_local_sum[18][24][23:16]"
"0x14db";65db;"RO";8;0;;
;;;"[7:0]";"";"s_local_sum[18][24][31:24]"
"end";;;;;
